id,title,description,link,image_link,price,availability,condition
629ef730ec8d8342fcae0267:629ef730ec8d8342fcae0270,NEUTRAL 透氣防潑水綁帶奶油餅乾鞋(36-42),版 型 標準版(照原本尺寸購買)   產 地 台灣   鞋 面 防潑水厚織帆布面料   內 裏 除臭活性碳乳膠鞋墊   鞋 底 橡膠防滑刻紋底   重 量 990公克 跟 型     筒 高  筒 圍  踝,https://www.fmshoes.com.tw/products/629ef730ec8d8342fcae0267?variation=629ef730ec8d8342fcae0270,https://img.shoplineapp.com/media/image_clips/66fb9bfabc2cf00011fd2135/original.jpg?1727765497,1180 TWD,in stock,new
629ef730ec8d8342fcae0267:629ef731ec8d8342fcae0272,NEUTRAL 透氣防潑水綁帶奶油餅乾鞋(36-42),版 型 標準版(照原本尺寸購買)   產 地 台灣   鞋 面 防潑水厚織帆布面料   內 裏 除臭活性碳乳膠鞋墊   鞋 底 橡膠防滑刻紋底   重 量 990公克 跟 型     筒 高  筒 圍  踝,https://www.fmshoes.com.tw/products/629ef730ec8d8342fcae0267?variation=629ef731ec8d8342fcae0272,https://img.shoplineapp.com/media/image_clips/66fb9bfabc2cf00011fd2135/original.jpg?1727765497,1180 TWD,in stock,new
629ef730ec8d8342fcae0267:629ef731ec8d8342fcae0274,NEUTRAL 透氣防潑水綁帶奶油餅乾鞋(36-42),版 型 標準版(照原本尺寸購買)   產 地 台灣   鞋 面 防潑水厚織帆布面料   內 裏 除臭活性碳乳膠鞋墊   鞋 底 橡膠防滑刻紋底   重 量 990公克 跟 型     筒 高  筒 圍  踝,https://www.fmshoes.com.tw/products/629ef730ec8d8342fcae0267?variation=629ef731ec8d8342fcae0274,https://img.shoplineapp.com/media/image_clips/66fb9bfabc2cf00011fd2135/original.jpg?1727765497,1180 TWD,in stock,new
629ef730ec8d8342fcae0267:629ef731ec8d8342fcae027a,NEUTRAL 透氣防潑水綁帶奶油餅乾鞋(36-42),版 型 標準版(照原本尺寸購買)   產 地 台灣   鞋 面 防潑水厚織帆布面料   內 裏 除臭活性碳乳膠鞋墊   鞋 底 橡膠防滑刻紋底   重 量 990公克 跟 型     筒 高  筒 圍  踝,https://www.fmshoes.com.tw/products/629ef730ec8d8342fcae0267?variation=629ef731ec8d8342fcae027a,https://img.shoplineapp.com/media/image_clips/66fb9bfabc2cf00011fd2135/original.jpg?1727765497,1180 TWD,in stock,new
629ef730ec8d8342fcae0267:629ef731ec8d8342fcae027c,NEUTRAL 透氣防潑水綁帶奶油餅乾鞋(36-42),版 型 標準版(照原本尺寸購買)   產 地 台灣   鞋 面 防潑水厚織帆布面料   內 裏 除臭活性碳乳膠鞋墊   鞋 底 橡膠防滑刻紋底   重 量 990公克 跟 型     筒 高  筒 圍  踝,https://www.fmshoes.com.tw/products/629ef730ec8d8342fcae0267?variation=629ef731ec8d8342fcae027c,https://img.shoplineapp.com/media/image_clips/66fb9bfabc2cf00011fd2135/original.jpg?1727765497,1180 TWD,in stock,new
629ef7b2ec8d8342fcae0999:629ef7b2ec8d8342fcae09a2,FM SHOES 鋸齒馬銜釦樂福鞋 杏(36-42),版 型 標準版(但腳版偏寬偏肉喜歡舒適可以大一號)   產 地 韓國設計，中國製   鞋 面 超纖皮料   內 裏 透氣人造豚皮鞋墊+舒適乳膠內墊   鞋 底 橡膠防滑刻紋底   重 量 850公克 跟 型     筒 高,https://www.fmshoes.com.tw/products/629ef7b2ec8d8342fcae0999?variation=629ef7b2ec8d8342fcae09a2,https://img.shoplineapp.com/media/image_clips/63918cbe5470e000132eac6a/original.jpg?1670483134,1480 TWD,in stock,new
629ef7b2ec8d8342fcae0999:629ef7b2ec8d8342fcae09a4,FM SHOES 鋸齒馬銜釦樂福鞋 杏(36-42),版 型 標準版(但腳版偏寬偏肉喜歡舒適可以大一號)   產 地 韓國設計，中國製   鞋 面 超纖皮料   內 裏 透氣人造豚皮鞋墊+舒適乳膠內墊   鞋 底 橡膠防滑刻紋底   重 量 850公克 跟 型     筒 高,https://www.fmshoes.com.tw/products/629ef7b2ec8d8342fcae0999?variation=629ef7b2ec8d8342fcae09a4,https://img.shoplineapp.com/media/image_clips/63918cbe5470e000132eac6a/original.jpg?1670483134,1480 TWD,in stock,new
629ef7b2ec8d8342fcae0999:629ef7b2ec8d8342fcae09a6,FM SHOES 鋸齒馬銜釦樂福鞋 杏(36-42),版 型 標準版(但腳版偏寬偏肉喜歡舒適可以大一號)   產 地 韓國設計，中國製   鞋 面 超纖皮料   內 裏 透氣人造豚皮鞋墊+舒適乳膠內墊   鞋 底 橡膠防滑刻紋底   重 量 850公克 跟 型     筒 高,https://www.fmshoes.com.tw/products/629ef7b2ec8d8342fcae0999?variation=629ef7b2ec8d8342fcae09a6,https://img.shoplineapp.com/media/image_clips/63918cbe5470e000132eac6a/original.jpg?1670483134,1480 TWD,in stock,new
629ef7b2ec8d8342fcae0999:629ef7b2ec8d8342fcae09a8,FM SHOES 鋸齒馬銜釦樂福鞋 杏(36-42),版 型 標準版(但腳版偏寬偏肉喜歡舒適可以大一號)   產 地 韓國設計，中國製   鞋 面 超纖皮料   內 裏 透氣人造豚皮鞋墊+舒適乳膠內墊   鞋 底 橡膠防滑刻紋底   重 量 850公克 跟 型     筒 高,https://www.fmshoes.com.tw/products/629ef7b2ec8d8342fcae0999?variation=629ef7b2ec8d8342fcae09a8,https://img.shoplineapp.com/media/image_clips/63918cbe5470e000132eac6a/original.jpg?1670483134,1480 TWD,in stock,new
629ef7b2ec8d8342fcae0999:629ef7b2ec8d8342fcae09aa,FM SHOES 鋸齒馬銜釦樂福鞋 杏(36-42),版 型 標準版(但腳版偏寬偏肉喜歡舒適可以大一號)   產 地 韓國設計，中國製   鞋 面 超纖皮料   內 裏 透氣人造豚皮鞋墊+舒適乳膠內墊   鞋 底 橡膠防滑刻紋底   重 量 850公克 跟 型     筒 高,https://www.fmshoes.com.tw/products/629ef7b2ec8d8342fcae0999?variation=629ef7b2ec8d8342fcae09aa,https://img.shoplineapp.com/media/image_clips/63918cbe5470e000132eac6a/original.jpg?1670483134,1480 TWD,in stock,new
629ef7b4ec8d8342fcae09b7:629ef7b4ec8d8342fcae09c0,FM SHOES 鋸齒馬銜釦樂福鞋 黑(36-42),版 型 標準版(但腳版偏寬偏肉喜歡舒適可以大一號)   產 地 韓國設計，中國製   鞋 面 超纖皮料   內 裏 透氣人造豚皮鞋墊+舒適乳膠內墊   鞋 底 橡膠防滑刻紋底   重 量 850公克 跟 型     筒 高,https://www.fmshoes.com.tw/products/629ef7b4ec8d8342fcae09b7?variation=629ef7b4ec8d8342fcae09c0,https://img.shoplineapp.com/media/image_clips/63918c8ecd70120e8fa8c3ff/original.jpg?1670483085,1480 TWD,in stock,new
629ef7b4ec8d8342fcae09b7:629ef7b4ec8d8342fcae09c2,FM SHOES 鋸齒馬銜釦樂福鞋 黑(36-42),版 型 標準版(但腳版偏寬偏肉喜歡舒適可以大一號)   產 地 韓國設計，中國製   鞋 面 超纖皮料   內 裏 透氣人造豚皮鞋墊+舒適乳膠內墊   鞋 底 橡膠防滑刻紋底   重 量 850公克 跟 型     筒 高,https://www.fmshoes.com.tw/products/629ef7b4ec8d8342fcae09b7?variation=629ef7b4ec8d8342fcae09c2,https://img.shoplineapp.com/media/image_clips/63918c8ecd70120e8fa8c3ff/original.jpg?1670483085,1480 TWD,in stock,new
629ef7b4ec8d8342fcae09b7:629ef7b4ec8d8342fcae09c4,FM SHOES 鋸齒馬銜釦樂福鞋 黑(36-42),版 型 標準版(但腳版偏寬偏肉喜歡舒適可以大一號)   產 地 韓國設計，中國製   鞋 面 超纖皮料   內 裏 透氣人造豚皮鞋墊+舒適乳膠內墊   鞋 底 橡膠防滑刻紋底   重 量 850公克 跟 型     筒 高,https://www.fmshoes.com.tw/products/629ef7b4ec8d8342fcae09b7?variation=629ef7b4ec8d8342fcae09c4,https://img.shoplineapp.com/media/image_clips/63918c8ecd70120e8fa8c3ff/original.jpg?1670483085,1480 TWD,in stock,new
629ef7b4ec8d8342fcae09b7:629ef7b4ec8d8342fcae09c6,FM SHOES 鋸齒馬銜釦樂福鞋 黑(36-42),版 型 標準版(但腳版偏寬偏肉喜歡舒適可以大一號)   產 地 韓國設計，中國製   鞋 面 超纖皮料   內 裏 透氣人造豚皮鞋墊+舒適乳膠內墊   鞋 底 橡膠防滑刻紋底   重 量 850公克 跟 型     筒 高,https://www.fmshoes.com.tw/products/629ef7b4ec8d8342fcae09b7?variation=629ef7b4ec8d8342fcae09c6,https://img.shoplineapp.com/media/image_clips/63918c8ecd70120e8fa8c3ff/original.jpg?1670483085,1480 TWD,in stock,new
629ef7b4ec8d8342fcae09b7:629ef7b4ec8d8342fcae09c8,FM SHOES 鋸齒馬銜釦樂福鞋 黑(36-42),版 型 標準版(但腳版偏寬偏肉喜歡舒適可以大一號)   產 地 韓國設計，中國製   鞋 面 超纖皮料   內 裏 透氣人造豚皮鞋墊+舒適乳膠內墊   鞋 底 橡膠防滑刻紋底   重 量 850公克 跟 型     筒 高,https://www.fmshoes.com.tw/products/629ef7b4ec8d8342fcae09b7?variation=629ef7b4ec8d8342fcae09c8,https://img.shoplineapp.com/media/image_clips/63918c8ecd70120e8fa8c3ff/original.jpg?1670483085,1480 TWD,in stock,new
629ef7b4ec8d8342fcae09b7:629ef7b4ec8d8342fcae09ca,FM SHOES 鋸齒馬銜釦樂福鞋 黑(36-42),版 型 標準版(但腳版偏寬偏肉喜歡舒適可以大一號)   產 地 韓國設計，中國製   鞋 面 超纖皮料   內 裏 透氣人造豚皮鞋墊+舒適乳膠內墊   鞋 底 橡膠防滑刻紋底   重 量 850公克 跟 型     筒 高,https://www.fmshoes.com.tw/products/629ef7b4ec8d8342fcae09b7?variation=629ef7b4ec8d8342fcae09ca,https://img.shoplineapp.com/media/image_clips/63918c8ecd70120e8fa8c3ff/original.jpg?1670483085,1480 TWD,in stock,new
629ef7b4ec8d8342fcae09b7:629ef7b5ec8d8342fcae09cc,FM SHOES 鋸齒馬銜釦樂福鞋 黑(36-42),版 型 標準版(但腳版偏寬偏肉喜歡舒適可以大一號)   產 地 韓國設計，中國製   鞋 面 超纖皮料   內 裏 透氣人造豚皮鞋墊+舒適乳膠內墊   鞋 底 橡膠防滑刻紋底   重 量 850公克 跟 型     筒 高,https://www.fmshoes.com.tw/products/629ef7b4ec8d8342fcae09b7?variation=629ef7b5ec8d8342fcae09cc,https://img.shoplineapp.com/media/image_clips/63918c8ecd70120e8fa8c3ff/original.jpg?1670483085,1480 TWD,in stock,new
629ef7b6ec8d8342fcae09d4:629ef7b6ec8d8342fcae09e2,NEUTRAL 厚底小白鞋(36-41),版 型 標準版(照原本尺寸購買)   產 地 台灣   鞋 面 仿牛紋面料   內 裏 網布乳膠記憶鞋墊   鞋 底 橡膠防滑膠底   重 量 850公克 跟 型     筒 高  筒 圍  踝 圍,https://www.fmshoes.com.tw/products/629ef7b6ec8d8342fcae09d4?variation=629ef7b6ec8d8342fcae09e2,https://img.shoplineapp.com/media/image_clips/695767b14dceff311af53c97/original.jpg?1767335857=&owner_id=627e1d404e691000311b0a4f,1680 TWD,in stock,new
629ef7e2ec8d8342fcae0c3f:629ef7e3ec8d8342fcae0c4e,ARCH 半型減壓足弓墊,版 型    產 地 台灣   鞋 面 仿牛紋面料   內 裏 舒適乳膠墊   鞋 底 橡膠+魔鬼氈   重 量 200公克 跟 型     筒 高  筒 圍  踝 圍    前跟,https://www.fmshoes.com.tw/products/629ef7e2ec8d8342fcae0c3f?variation=629ef7e3ec8d8342fcae0c4e,https://img.shoplineapp.com/media/image_clips/694361f042e8b058b32786b3/original.jpg?1766023664=&owner_id=627e1d404e691000311b0a4f,1780 TWD,in stock,new
629ef7e2ec8d8342fcae0c3f:629ef7e3ec8d8342fcae0c50,ARCH 半型減壓足弓墊,版 型    產 地 台灣   鞋 面 仿牛紋面料   內 裏 舒適乳膠墊   鞋 底 橡膠+魔鬼氈   重 量 200公克 跟 型     筒 高  筒 圍  踝 圍    前跟,https://www.fmshoes.com.tw/products/629ef7e2ec8d8342fcae0c3f?variation=629ef7e3ec8d8342fcae0c50,https://img.shoplineapp.com/media/image_clips/694361f042e8b058b32786b3/original.jpg?1766023664=&owner_id=627e1d404e691000311b0a4f,1780 TWD,in stock,new
629ef7e2ec8d8342fcae0c3f:629ef7e3ec8d8342fcae0c52,ARCH 半型減壓足弓墊,版 型    產 地 台灣   鞋 面 仿牛紋面料   內 裏 舒適乳膠墊   鞋 底 橡膠+魔鬼氈   重 量 200公克 跟 型     筒 高  筒 圍  踝 圍    前跟,https://www.fmshoes.com.tw/products/629ef7e2ec8d8342fcae0c3f?variation=629ef7e3ec8d8342fcae0c52,https://img.shoplineapp.com/media/image_clips/694361f042e8b058b32786b3/original.jpg?1766023664=&owner_id=627e1d404e691000311b0a4f,1780 TWD,in stock,new
629ef7e2ec8d8342fcae0c3f:629ef7e4ec8d8342fcae0c5a,ARCH 半型減壓足弓墊,版 型    產 地 台灣   鞋 面 仿牛紋面料   內 裏 舒適乳膠墊   鞋 底 橡膠+魔鬼氈   重 量 200公克 跟 型     筒 高  筒 圍  踝 圍    前跟,https://www.fmshoes.com.tw/products/629ef7e2ec8d8342fcae0c3f?variation=629ef7e4ec8d8342fcae0c5a,https://img.shoplineapp.com/media/image_clips/694361f042e8b058b32786b3/original.jpg?1766023664=&owner_id=627e1d404e691000311b0a4f,1780 TWD,in stock,new
629ef7e2ec8d8342fcae0c3f:629ef7e4ec8d8342fcae0c5c,ARCH 半型減壓足弓墊,版 型    產 地 台灣   鞋 面 仿牛紋面料   內 裏 舒適乳膠墊   鞋 底 橡膠+魔鬼氈   重 量 200公克 跟 型     筒 高  筒 圍  踝 圍    前跟,https://www.fmshoes.com.tw/products/629ef7e2ec8d8342fcae0c3f?variation=629ef7e4ec8d8342fcae0c5c,https://img.shoplineapp.com/media/image_clips/694361f042e8b058b32786b3/original.jpg?1766023664=&owner_id=627e1d404e691000311b0a4f,1780 TWD,in stock,new
629ef7e2ec8d8342fcae0c3f:629ef7e4ec8d8342fcae0c5e,ARCH 半型減壓足弓墊,版 型    產 地 台灣   鞋 面 仿牛紋面料   內 裏 舒適乳膠墊   鞋 底 橡膠+魔鬼氈   重 量 200公克 跟 型     筒 高  筒 圍  踝 圍    前跟,https://www.fmshoes.com.tw/products/629ef7e2ec8d8342fcae0c3f?variation=629ef7e4ec8d8342fcae0c5e,https://img.shoplineapp.com/media/image_clips/694361f042e8b058b32786b3/original.jpg?1766023664=&owner_id=627e1d404e691000311b0a4f,1780 TWD,in stock,new
629ef7e5ec8d8342fcae0c64:629ef7e6ec8d8342fcae0c73,ARCH 全型減壓足弓墊,版 型    產 地 台灣   鞋 面 仿牛紋面料   內 裏 舒適乳膠墊   鞋 底 橡膠   重 量 200公克 跟 型     筒 高  筒 圍  踝 圍    前跟高,https://www.fmshoes.com.tw/products/629ef7e5ec8d8342fcae0c64?variation=629ef7e6ec8d8342fcae0c73,https://img.shoplineapp.com/media/image_clips/64911f930d4cef0023ba6884/original.jpg?1687232403,1980 TWD,in stock,new
629ef7e5ec8d8342fcae0c64:629ef7e6ec8d8342fcae0c75,ARCH 全型減壓足弓墊,版 型    產 地 台灣   鞋 面 仿牛紋面料   內 裏 舒適乳膠墊   鞋 底 橡膠   重 量 200公克 跟 型     筒 高  筒 圍  踝 圍    前跟高,https://www.fmshoes.com.tw/products/629ef7e5ec8d8342fcae0c64?variation=629ef7e6ec8d8342fcae0c75,https://img.shoplineapp.com/media/image_clips/64911f930d4cef0023ba6884/original.jpg?1687232403,1980 TWD,in stock,new
629ef7e5ec8d8342fcae0c64:629ef7e6ec8d8342fcae0c77,ARCH 全型減壓足弓墊,版 型    產 地 台灣   鞋 面 仿牛紋面料   內 裏 舒適乳膠墊   鞋 底 橡膠   重 量 200公克 跟 型     筒 高  筒 圍  踝 圍    前跟高,https://www.fmshoes.com.tw/products/629ef7e5ec8d8342fcae0c64?variation=629ef7e6ec8d8342fcae0c77,https://img.shoplineapp.com/media/image_clips/64911f930d4cef0023ba6884/original.jpg?1687232403,1980 TWD,in stock,new
629ef7e5ec8d8342fcae0c64:629ef7e6ec8d8342fcae0c79,ARCH 全型減壓足弓墊,版 型    產 地 台灣   鞋 面 仿牛紋面料   內 裏 舒適乳膠墊   鞋 底 橡膠   重 量 200公克 跟 型     筒 高  筒 圍  踝 圍    前跟高,https://www.fmshoes.com.tw/products/629ef7e5ec8d8342fcae0c64?variation=629ef7e6ec8d8342fcae0c79,https://img.shoplineapp.com/media/image_clips/64911f930d4cef0023ba6884/original.jpg?1687232403,1980 TWD,in stock,new
629ef7e5ec8d8342fcae0c64:629ef7e6ec8d8342fcae0c7b,ARCH 全型減壓足弓墊,版 型    產 地 台灣   鞋 面 仿牛紋面料   內 裏 舒適乳膠墊   鞋 底 橡膠   重 量 200公克 跟 型     筒 高  筒 圍  踝 圍    前跟高,https://www.fmshoes.com.tw/products/629ef7e5ec8d8342fcae0c64?variation=629ef7e6ec8d8342fcae0c7b,https://img.shoplineapp.com/media/image_clips/64911f930d4cef0023ba6884/original.jpg?1687232403,1980 TWD,in stock,new
629ef7e5ec8d8342fcae0c64:629ef7e7ec8d8342fcae0c7d,ARCH 全型減壓足弓墊,版 型    產 地 台灣   鞋 面 仿牛紋面料   內 裏 舒適乳膠墊   鞋 底 橡膠   重 量 200公克 跟 型     筒 高  筒 圍  踝 圍    前跟高,https://www.fmshoes.com.tw/products/629ef7e5ec8d8342fcae0c64?variation=629ef7e7ec8d8342fcae0c7d,https://img.shoplineapp.com/media/image_clips/64911f930d4cef0023ba6884/original.jpg?1687232403,1980 TWD,in stock,new
629ef7e5ec8d8342fcae0c64:629ef7e7ec8d8342fcae0c7f,ARCH 全型減壓足弓墊,版 型    產 地 台灣   鞋 面 仿牛紋面料   內 裏 舒適乳膠墊   鞋 底 橡膠   重 量 200公克 跟 型     筒 高  筒 圍  踝 圍    前跟高,https://www.fmshoes.com.tw/products/629ef7e5ec8d8342fcae0c64?variation=629ef7e7ec8d8342fcae0c7f,https://img.shoplineapp.com/media/image_clips/64911f930d4cef0023ba6884/original.jpg?1687232403,1980 TWD,in stock,new
629ef7e5ec8d8342fcae0c64:629ef7e7ec8d8342fcae0c81,ARCH 全型減壓足弓墊,版 型    產 地 台灣   鞋 面 仿牛紋面料   內 裏 舒適乳膠墊   鞋 底 橡膠   重 量 200公克 跟 型     筒 高  筒 圍  踝 圍    前跟高,https://www.fmshoes.com.tw/products/629ef7e5ec8d8342fcae0c64?variation=629ef7e7ec8d8342fcae0c81,https://img.shoplineapp.com/media/image_clips/64911f930d4cef0023ba6884/original.jpg?1687232403,1980 TWD,in stock,new
629ef7e5ec8d8342fcae0c64:629ef7e7ec8d8342fcae0c83,ARCH 全型減壓足弓墊,版 型    產 地 台灣   鞋 面 仿牛紋面料   內 裏 舒適乳膠墊   鞋 底 橡膠   重 量 200公克 跟 型     筒 高  筒 圍  踝 圍    前跟高,https://www.fmshoes.com.tw/products/629ef7e5ec8d8342fcae0c64?variation=629ef7e7ec8d8342fcae0c83,https://img.shoplineapp.com/media/image_clips/64911f930d4cef0023ba6884/original.jpg?1687232403,1980 TWD,in stock,new
629ef815ec8d8342fcae0eeb:629ef816ec8d8342fcae0f04,FM SHOES 萊卡內刷毛拼接高跟長靴 黑(36-42),版 型 正常版(照原本尺寸購買)   產 地 韓國設計，中國製   鞋 面 萊卡+超纖皮料   內 裏 全筒絨毛內裡   鞋 底 橡膠防滑膠底   重 量 1250公克 跟 型     筒 高  筒 圍  踝,https://www.fmshoes.com.tw/products/629ef815ec8d8342fcae0eeb?variation=629ef816ec8d8342fcae0f04,https://img.shoplineapp.com/media/image_clips/637dcb3aea0973002b6f7c2d/original.jpg?1669188410,1680 TWD,in stock,new
629ef815ec8d8342fcae0eeb:629ef816ec8d8342fcae0f06,FM SHOES 萊卡內刷毛拼接高跟長靴 黑(36-42),版 型 正常版(照原本尺寸購買)   產 地 韓國設計，中國製   鞋 面 萊卡+超纖皮料   內 裏 全筒絨毛內裡   鞋 底 橡膠防滑膠底   重 量 1250公克 跟 型     筒 高  筒 圍  踝,https://www.fmshoes.com.tw/products/629ef815ec8d8342fcae0eeb?variation=629ef816ec8d8342fcae0f06,https://img.shoplineapp.com/media/image_clips/637dcb3aea0973002b6f7c2d/original.jpg?1669188410,1680 TWD,in stock,new
629ef81aec8d8342fcae0f3e:629ef81aec8d8342fcae0f45,NEUTRAL 免綁帶穆勒小白鞋 米白,NEUTRAL 免綁帶穆勒小白鞋，經典米白款。穆勒款式簡單穿脫，免綁帶輕鬆便利。創新透氣按摩鞋墊，止滑的鞋底設計。為您的日常穿著，提供時尚與舒適兼具。,https://www.fmshoes.com.tw/products/629ef81aec8d8342fcae0f3e?variation=629ef81aec8d8342fcae0f45,https://img.shoplineapp.com/media/image_clips/64c22aae05ba9c000d50577b/original.jpg?1690446510,1280 TWD,in stock,new
629ef81aec8d8342fcae0f3e:629ef81bec8d8342fcae0f49,NEUTRAL 免綁帶穆勒小白鞋 米白,NEUTRAL 免綁帶穆勒小白鞋，經典米白款。穆勒款式簡單穿脫，免綁帶輕鬆便利。創新透氣按摩鞋墊，止滑的鞋底設計。為您的日常穿著，提供時尚與舒適兼具。,https://www.fmshoes.com.tw/products/629ef81aec8d8342fcae0f3e?variation=629ef81bec8d8342fcae0f49,https://img.shoplineapp.com/media/image_clips/64c22aae05ba9c000d50577b/original.jpg?1690446510,1280 TWD,in stock,new
629ef81aec8d8342fcae0f3e:629ef81bec8d8342fcae0f4b,NEUTRAL 免綁帶穆勒小白鞋 米白,NEUTRAL 免綁帶穆勒小白鞋，經典米白款。穆勒款式簡單穿脫，免綁帶輕鬆便利。創新透氣按摩鞋墊，止滑的鞋底設計。為您的日常穿著，提供時尚與舒適兼具。,https://www.fmshoes.com.tw/products/629ef81aec8d8342fcae0f3e?variation=629ef81bec8d8342fcae0f4b,https://img.shoplineapp.com/media/image_clips/64c22aae05ba9c000d50577b/original.jpg?1690446510,1280 TWD,in stock,new
629ef81aec8d8342fcae0f3e:629ef81bec8d8342fcae0f4d,NEUTRAL 免綁帶穆勒小白鞋 米白,NEUTRAL 免綁帶穆勒小白鞋，經典米白款。穆勒款式簡單穿脫，免綁帶輕鬆便利。創新透氣按摩鞋墊，止滑的鞋底設計。為您的日常穿著，提供時尚與舒適兼具。,https://www.fmshoes.com.tw/products/629ef81aec8d8342fcae0f3e?variation=629ef81bec8d8342fcae0f4d,https://img.shoplineapp.com/media/image_clips/64c22aae05ba9c000d50577b/original.jpg?1690446510,1280 TWD,in stock,new
629ef824ec8d8342fcae0fba:629ef824ec8d8342fcae0fc3,NEUTRAL 水洗帆布氣墊鞋 黑(36-43),版 型 正常版(但腳版偏寬偏肉喜歡舒適可以大一號)   產 地 台灣   鞋 面 厚織帆布面料   內 裏 吸汗除臭腳床造型鞋墊   鞋 底 真氣墊防滑鞋底   重 量 900公克 跟 型     筒 高  筒 圍,https://www.fmshoes.com.tw/products/629ef824ec8d8342fcae0fba?variation=629ef824ec8d8342fcae0fc3,https://img.shoplineapp.com/media/image_clips/66dab779e60e530016d861ac/original.jpg?1725609849,1480 TWD,in stock,new
629ef824ec8d8342fcae0fba:629ef825ec8d8342fcae0fc5,NEUTRAL 水洗帆布氣墊鞋 黑(36-43),版 型 正常版(但腳版偏寬偏肉喜歡舒適可以大一號)   產 地 台灣   鞋 面 厚織帆布面料   內 裏 吸汗除臭腳床造型鞋墊   鞋 底 真氣墊防滑鞋底   重 量 900公克 跟 型     筒 高  筒 圍,https://www.fmshoes.com.tw/products/629ef824ec8d8342fcae0fba?variation=629ef825ec8d8342fcae0fc5,https://img.shoplineapp.com/media/image_clips/66dab779e60e530016d861ac/original.jpg?1725609849,1480 TWD,in stock,new
629ef824ec8d8342fcae0fba:629ef825ec8d8342fcae0fc7,NEUTRAL 水洗帆布氣墊鞋 黑(36-43),版 型 正常版(但腳版偏寬偏肉喜歡舒適可以大一號)   產 地 台灣   鞋 面 厚織帆布面料   內 裏 吸汗除臭腳床造型鞋墊   鞋 底 真氣墊防滑鞋底   重 量 900公克 跟 型     筒 高  筒 圍,https://www.fmshoes.com.tw/products/629ef824ec8d8342fcae0fba?variation=629ef825ec8d8342fcae0fc7,https://img.shoplineapp.com/media/image_clips/66dab779e60e530016d861ac/original.jpg?1725609849,1480 TWD,in stock,new
629ef824ec8d8342fcae0fba:629ef825ec8d8342fcae0fc9,NEUTRAL 水洗帆布氣墊鞋 黑(36-43),版 型 正常版(但腳版偏寬偏肉喜歡舒適可以大一號)   產 地 台灣   鞋 面 厚織帆布面料   內 裏 吸汗除臭腳床造型鞋墊   鞋 底 真氣墊防滑鞋底   重 量 900公克 跟 型     筒 高  筒 圍,https://www.fmshoes.com.tw/products/629ef824ec8d8342fcae0fba?variation=629ef825ec8d8342fcae0fc9,https://img.shoplineapp.com/media/image_clips/66dab779e60e530016d861ac/original.jpg?1725609849,1480 TWD,in stock,new
629ef834ec8d8342fcae1088:629ef836ec8d8342fcae10a7,FM SHOES 圓頭平底包鞋 黑(36-40),版 型偏大版(小一號購買) 產 地台灣 鞋 面仿牛紋面料 內 裏麂皮布內裡+舒適乳膠鞋墊 鞋 底橡膠防滑膠底 重 量550公克跟 型 筒 高筒 圍踝 圍 前跟高後跟高1cm內增高,https://www.fmshoes.com.tw/products/629ef834ec8d8342fcae1088?variation=629ef836ec8d8342fcae10a7,https://img.shoplineapp.com/media/image_clips/637eecad042156001c9f4ae2/original.jpg?1669262509,780 TWD,in stock,new
629ef834ec8d8342fcae1088:629ef836ec8d8342fcae10a9,FM SHOES 圓頭平底包鞋 黑(36-40),版 型偏大版(小一號購買) 產 地台灣 鞋 面仿牛紋面料 內 裏麂皮布內裡+舒適乳膠鞋墊 鞋 底橡膠防滑膠底 重 量550公克跟 型 筒 高筒 圍踝 圍 前跟高後跟高1cm內增高,https://www.fmshoes.com.tw/products/629ef834ec8d8342fcae1088?variation=629ef836ec8d8342fcae10a9,https://img.shoplineapp.com/media/image_clips/637eecad042156001c9f4ae2/original.jpg?1669262509,780 TWD,in stock,new
629ef834ec8d8342fcae1088:629ef836ec8d8342fcae10ab,FM SHOES 圓頭平底包鞋 黑(36-40),版 型偏大版(小一號購買) 產 地台灣 鞋 面仿牛紋面料 內 裏麂皮布內裡+舒適乳膠鞋墊 鞋 底橡膠防滑膠底 重 量550公克跟 型 筒 高筒 圍踝 圍 前跟高後跟高1cm內增高,https://www.fmshoes.com.tw/products/629ef834ec8d8342fcae1088?variation=629ef836ec8d8342fcae10ab,https://img.shoplineapp.com/media/image_clips/637eecad042156001c9f4ae2/original.jpg?1669262509,780 TWD,in stock,new
629ef834ec8d8342fcae1088:629ef836ec8d8342fcae10ad,FM SHOES 圓頭平底包鞋 黑(36-40),版 型偏大版(小一號購買) 產 地台灣 鞋 面仿牛紋面料 內 裏麂皮布內裡+舒適乳膠鞋墊 鞋 底橡膠防滑膠底 重 量550公克跟 型 筒 高筒 圍踝 圍 前跟高後跟高1cm內增高,https://www.fmshoes.com.tw/products/629ef834ec8d8342fcae1088?variation=629ef836ec8d8342fcae10ad,https://img.shoplineapp.com/media/image_clips/637eecad042156001c9f4ae2/original.jpg?1669262509,780 TWD,in stock,new
629ef834ec8d8342fcae1088:629ef836ec8d8342fcae10af,FM SHOES 圓頭平底包鞋 黑(36-40),版 型偏大版(小一號購買) 產 地台灣 鞋 面仿牛紋面料 內 裏麂皮布內裡+舒適乳膠鞋墊 鞋 底橡膠防滑膠底 重 量550公克跟 型 筒 高筒 圍踝 圍 前跟高後跟高1cm內增高,https://www.fmshoes.com.tw/products/629ef834ec8d8342fcae1088?variation=629ef836ec8d8342fcae10af,https://img.shoplineapp.com/media/image_clips/637eecad042156001c9f4ae2/original.jpg?1669262509,780 TWD,in stock,new
629ef846ec8d8342fcae1165:629ef846ec8d8342fcae116d,NEUTRAL 防潑水厚底小白鞋 米白(36-41),NEUTRAL 防潑水厚底小白鞋，經典的米白款式。選用防潑水超纖面料，搭配柔軟Q感厚底設計，既時尚又舒適，為您的步伐注入時尚與實用。,https://www.fmshoes.com.tw/products/629ef846ec8d8342fcae1165?variation=629ef846ec8d8342fcae116d,https://img.shoplineapp.com/media/image_clips/69576710aa754a010b586463/original.jpg?1767335696=&owner_id=627e1d404e691000311b0a4f,1280 TWD,in stock,new
629ef846ec8d8342fcae1165:629ef846ec8d8342fcae116f,NEUTRAL 防潑水厚底小白鞋 米白(36-41),NEUTRAL 防潑水厚底小白鞋，經典的米白款式。選用防潑水超纖面料，搭配柔軟Q感厚底設計，既時尚又舒適，為您的步伐注入時尚與實用。,https://www.fmshoes.com.tw/products/629ef846ec8d8342fcae1165?variation=629ef846ec8d8342fcae116f,https://img.shoplineapp.com/media/image_clips/69576710aa754a010b586463/original.jpg?1767335696=&owner_id=627e1d404e691000311b0a4f,1280 TWD,in stock,new
629ef846ec8d8342fcae1165:629ef846ec8d8342fcae1171,NEUTRAL 防潑水厚底小白鞋 米白(36-41),NEUTRAL 防潑水厚底小白鞋，經典的米白款式。選用防潑水超纖面料，搭配柔軟Q感厚底設計，既時尚又舒適，為您的步伐注入時尚與實用。,https://www.fmshoes.com.tw/products/629ef846ec8d8342fcae1165?variation=629ef846ec8d8342fcae1171,https://img.shoplineapp.com/media/image_clips/69576710aa754a010b586463/original.jpg?1767335696=&owner_id=627e1d404e691000311b0a4f,1280 TWD,in stock,new
629ef846ec8d8342fcae1165:629ef846ec8d8342fcae1173,NEUTRAL 防潑水厚底小白鞋 米白(36-41),NEUTRAL 防潑水厚底小白鞋，經典的米白款式。選用防潑水超纖面料，搭配柔軟Q感厚底設計，既時尚又舒適，為您的步伐注入時尚與實用。,https://www.fmshoes.com.tw/products/629ef846ec8d8342fcae1165?variation=629ef846ec8d8342fcae1173,https://img.shoplineapp.com/media/image_clips/69576710aa754a010b586463/original.jpg?1767335696=&owner_id=627e1d404e691000311b0a4f,1280 TWD,in stock,new
629ef846ec8d8342fcae1165:629ef846ec8d8342fcae1175,NEUTRAL 防潑水厚底小白鞋 米白(36-41),NEUTRAL 防潑水厚底小白鞋，經典的米白款式。選用防潑水超纖面料，搭配柔軟Q感厚底設計，既時尚又舒適，為您的步伐注入時尚與實用。,https://www.fmshoes.com.tw/products/629ef846ec8d8342fcae1165?variation=629ef846ec8d8342fcae1175,https://img.shoplineapp.com/media/image_clips/69576710aa754a010b586463/original.jpg?1767335696=&owner_id=627e1d404e691000311b0a4f,1280 TWD,in stock,new
629ef846ec8d8342fcae1165:629ef847ec8d8342fcae1177,NEUTRAL 防潑水厚底小白鞋 米白(36-41),NEUTRAL 防潑水厚底小白鞋，經典的米白款式。選用防潑水超纖面料，搭配柔軟Q感厚底設計，既時尚又舒適，為您的步伐注入時尚與實用。,https://www.fmshoes.com.tw/products/629ef846ec8d8342fcae1165?variation=629ef847ec8d8342fcae1177,https://img.shoplineapp.com/media/image_clips/69576710aa754a010b586463/original.jpg?1767335696=&owner_id=627e1d404e691000311b0a4f,1280 TWD,in stock,new
629ef947ec8d8342fcae147a:6721fe0cdeceb0000bec894d,NEUTRAL 雙帶減壓厚底休閒拖鞋 米白(35-44),版 型 偏大版(小一號購買)   產 地 台灣   鞋 面 超纖速乾面料   內 裏 腳床造型EVA發泡內墊   鞋 底 橡膠EVA防滑膠底   重 量 850公克 跟 型     筒 高  筒 圍  踝 圍,https://www.fmshoes.com.tw/products/629ef947ec8d8342fcae147a?variation=6721fe0cdeceb0000bec894d,https://img.shoplineapp.com/media/image_clips/6957374ed2ae69001400f833/original.jpg?1767323470=&owner_id=627e1d404e691000311b0a4f,1480 TWD,in stock,new
629ef947ec8d8342fcae147a:6721fe0cdeceb0000bec894e,NEUTRAL 雙帶減壓厚底休閒拖鞋 米白(35-44),版 型 偏大版(小一號購買)   產 地 台灣   鞋 面 超纖速乾面料   內 裏 腳床造型EVA發泡內墊   鞋 底 橡膠EVA防滑膠底   重 量 850公克 跟 型     筒 高  筒 圍  踝 圍,https://www.fmshoes.com.tw/products/629ef947ec8d8342fcae147a?variation=6721fe0cdeceb0000bec894e,https://img.shoplineapp.com/media/image_clips/6957374ed2ae69001400f833/original.jpg?1767323470=&owner_id=627e1d404e691000311b0a4f,1480 TWD,in stock,new
629ef947ec8d8342fcae147a:6721fe0cdeceb0000bec894f,NEUTRAL 雙帶減壓厚底休閒拖鞋 米白(35-44),版 型 偏大版(小一號購買)   產 地 台灣   鞋 面 超纖速乾面料   內 裏 腳床造型EVA發泡內墊   鞋 底 橡膠EVA防滑膠底   重 量 850公克 跟 型     筒 高  筒 圍  踝 圍,https://www.fmshoes.com.tw/products/629ef947ec8d8342fcae147a?variation=6721fe0cdeceb0000bec894f,https://img.shoplineapp.com/media/image_clips/6957374ed2ae69001400f833/original.jpg?1767323470=&owner_id=627e1d404e691000311b0a4f,1480 TWD,in stock,new
629ef947ec8d8342fcae147a:6721fe0cdeceb0000bec8950,NEUTRAL 雙帶減壓厚底休閒拖鞋 米白(35-44),版 型 偏大版(小一號購買)   產 地 台灣   鞋 面 超纖速乾面料   內 裏 腳床造型EVA發泡內墊   鞋 底 橡膠EVA防滑膠底   重 量 850公克 跟 型     筒 高  筒 圍  踝 圍,https://www.fmshoes.com.tw/products/629ef947ec8d8342fcae147a?variation=6721fe0cdeceb0000bec8950,https://img.shoplineapp.com/media/image_clips/6957374ed2ae69001400f833/original.jpg?1767323470=&owner_id=627e1d404e691000311b0a4f,1480 TWD,in stock,new
629ef947ec8d8342fcae147a:6721fe0cdeceb0000bec8951,NEUTRAL 雙帶減壓厚底休閒拖鞋 米白(35-44),版 型 偏大版(小一號購買)   產 地 台灣   鞋 面 超纖速乾面料   內 裏 腳床造型EVA發泡內墊   鞋 底 橡膠EVA防滑膠底   重 量 850公克 跟 型     筒 高  筒 圍  踝 圍,https://www.fmshoes.com.tw/products/629ef947ec8d8342fcae147a?variation=6721fe0cdeceb0000bec8951,https://img.shoplineapp.com/media/image_clips/6957374ed2ae69001400f833/original.jpg?1767323470=&owner_id=627e1d404e691000311b0a4f,1480 TWD,in stock,new
629ef947ec8d8342fcae147a:6721fe0cdeceb0000bec8952,NEUTRAL 雙帶減壓厚底休閒拖鞋 米白(35-44),版 型 偏大版(小一號購買)   產 地 台灣   鞋 面 超纖速乾面料   內 裏 腳床造型EVA發泡內墊   鞋 底 橡膠EVA防滑膠底   重 量 850公克 跟 型     筒 高  筒 圍  踝 圍,https://www.fmshoes.com.tw/products/629ef947ec8d8342fcae147a?variation=6721fe0cdeceb0000bec8952,https://img.shoplineapp.com/media/image_clips/6957374ed2ae69001400f833/original.jpg?1767323470=&owner_id=627e1d404e691000311b0a4f,1480 TWD,in stock,new
629ef947ec8d8342fcae147a:6721fe0cdeceb0000bec8953,NEUTRAL 雙帶減壓厚底休閒拖鞋 米白(35-44),版 型 偏大版(小一號購買)   產 地 台灣   鞋 面 超纖速乾面料   內 裏 腳床造型EVA發泡內墊   鞋 底 橡膠EVA防滑膠底   重 量 850公克 跟 型     筒 高  筒 圍  踝 圍,https://www.fmshoes.com.tw/products/629ef947ec8d8342fcae147a?variation=6721fe0cdeceb0000bec8953,https://img.shoplineapp.com/media/image_clips/6957374ed2ae69001400f833/original.jpg?1767323470=&owner_id=627e1d404e691000311b0a4f,1480 TWD,in stock,new
629ef947ec8d8342fcae147a:6721fe0cdeceb0000bec8954,NEUTRAL 雙帶減壓厚底休閒拖鞋 米白(35-44),版 型 偏大版(小一號購買)   產 地 台灣   鞋 面 超纖速乾面料   內 裏 腳床造型EVA發泡內墊   鞋 底 橡膠EVA防滑膠底   重 量 850公克 跟 型     筒 高  筒 圍  踝 圍,https://www.fmshoes.com.tw/products/629ef947ec8d8342fcae147a?variation=6721fe0cdeceb0000bec8954,https://img.shoplineapp.com/media/image_clips/6957374ed2ae69001400f833/original.jpg?1767323470=&owner_id=627e1d404e691000311b0a4f,1480 TWD,in stock,new
629ef947ec8d8342fcae147a:6721fe0cdeceb0000bec8955,NEUTRAL 雙帶減壓厚底休閒拖鞋 米白(35-44),版 型 偏大版(小一號購買)   產 地 台灣   鞋 面 超纖速乾面料   內 裏 腳床造型EVA發泡內墊   鞋 底 橡膠EVA防滑膠底   重 量 850公克 跟 型     筒 高  筒 圍  踝 圍,https://www.fmshoes.com.tw/products/629ef947ec8d8342fcae147a?variation=6721fe0cdeceb0000bec8955,https://img.shoplineapp.com/media/image_clips/6957374ed2ae69001400f833/original.jpg?1767323470=&owner_id=627e1d404e691000311b0a4f,1480 TWD,in stock,new
629ef950ec8d8342fcae1491:629ef954ec8d8342fcae149e,NEUTRAL 雙帶減壓厚底休閒拖鞋 黃(35-41),版 型 偏大版(小一號購買)   產 地 台灣   鞋 面 超纖速乾面料   內 裏 腳床造型EVA發泡內墊   鞋 底 橡膠EVA防滑膠底   重 量 850公克 跟 型     筒 高  筒 圍  踝 圍,https://www.fmshoes.com.tw/products/629ef950ec8d8342fcae1491?variation=629ef954ec8d8342fcae149e,https://img.shoplineapp.com/media/image_clips/66da6ad228852f0010ff116f/original.jpg?1725590226,1480 TWD,in stock,new
629ef950ec8d8342fcae1491:629ef956ec8d8342fcae14a0,NEUTRAL 雙帶減壓厚底休閒拖鞋 黃(35-41),版 型 偏大版(小一號購買)   產 地 台灣   鞋 面 超纖速乾面料   內 裏 腳床造型EVA發泡內墊   鞋 底 橡膠EVA防滑膠底   重 量 850公克 跟 型     筒 高  筒 圍  踝 圍,https://www.fmshoes.com.tw/products/629ef950ec8d8342fcae1491?variation=629ef956ec8d8342fcae14a0,https://img.shoplineapp.com/media/image_clips/66da6ad228852f0010ff116f/original.jpg?1725590226,1480 TWD,in stock,new
629ef950ec8d8342fcae1491:6417d0cd6c4e5c000c98267e,NEUTRAL 雙帶減壓厚底休閒拖鞋 黃(35-41),版 型 偏大版(小一號購買)   產 地 台灣   鞋 面 超纖速乾面料   內 裏 腳床造型EVA發泡內墊   鞋 底 橡膠EVA防滑膠底   重 量 850公克 跟 型     筒 高  筒 圍  踝 圍,https://www.fmshoes.com.tw/products/629ef950ec8d8342fcae1491?variation=6417d0cd6c4e5c000c98267e,https://img.shoplineapp.com/media/image_clips/66da6ad228852f0010ff116f/original.jpg?1725590226,1480 TWD,in stock,new
629ef959ec8d8342fcae14a7:629ef95aec8d8342fcae14ae,NEUTRAL 雙帶減壓厚底休閒拖鞋 灰(35-44),版 型 偏大版(小一號購買)   產 地 台灣   鞋 面 超纖速乾面料   內 裏 腳床造型EVA發泡內墊   鞋 底 橡膠EVA防滑膠底   重 量 850公克 跟 型     筒 高  筒 圍  踝 圍,https://www.fmshoes.com.tw/products/629ef959ec8d8342fcae14a7?variation=629ef95aec8d8342fcae14ae,https://img.shoplineapp.com/media/image_clips/66da6a82286761001c244481/original.jpg?1725590146,1480 TWD,in stock,new
629ef959ec8d8342fcae14a7:629ef95bec8d8342fcae14b0,NEUTRAL 雙帶減壓厚底休閒拖鞋 灰(35-44),版 型 偏大版(小一號購買)   產 地 台灣   鞋 面 超纖速乾面料   內 裏 腳床造型EVA發泡內墊   鞋 底 橡膠EVA防滑膠底   重 量 850公克 跟 型     筒 高  筒 圍  踝 圍,https://www.fmshoes.com.tw/products/629ef959ec8d8342fcae14a7?variation=629ef95bec8d8342fcae14b0,https://img.shoplineapp.com/media/image_clips/66da6a82286761001c244481/original.jpg?1725590146,1480 TWD,in stock,new
629ef959ec8d8342fcae14a7:629ef95cec8d8342fcae14b2,NEUTRAL 雙帶減壓厚底休閒拖鞋 灰(35-44),版 型 偏大版(小一號購買)   產 地 台灣   鞋 面 超纖速乾面料   內 裏 腳床造型EVA發泡內墊   鞋 底 橡膠EVA防滑膠底   重 量 850公克 跟 型     筒 高  筒 圍  踝 圍,https://www.fmshoes.com.tw/products/629ef959ec8d8342fcae14a7?variation=629ef95cec8d8342fcae14b2,https://img.shoplineapp.com/media/image_clips/66da6a82286761001c244481/original.jpg?1725590146,1480 TWD,in stock,new
629ef959ec8d8342fcae14a7:629ef95dec8d8342fcae14b4,NEUTRAL 雙帶減壓厚底休閒拖鞋 灰(35-44),版 型 偏大版(小一號購買)   產 地 台灣   鞋 面 超纖速乾面料   內 裏 腳床造型EVA發泡內墊   鞋 底 橡膠EVA防滑膠底   重 量 850公克 跟 型     筒 高  筒 圍  踝 圍,https://www.fmshoes.com.tw/products/629ef959ec8d8342fcae14a7?variation=629ef95dec8d8342fcae14b4,https://img.shoplineapp.com/media/image_clips/66da6a82286761001c244481/original.jpg?1725590146,1480 TWD,in stock,new
629ef959ec8d8342fcae14a7:629ef95eec8d8342fcae14b6,NEUTRAL 雙帶減壓厚底休閒拖鞋 灰(35-44),版 型 偏大版(小一號購買)   產 地 台灣   鞋 面 超纖速乾面料   內 裏 腳床造型EVA發泡內墊   鞋 底 橡膠EVA防滑膠底   重 量 850公克 跟 型     筒 高  筒 圍  踝 圍,https://www.fmshoes.com.tw/products/629ef959ec8d8342fcae14a7?variation=629ef95eec8d8342fcae14b6,https://img.shoplineapp.com/media/image_clips/66da6a82286761001c244481/original.jpg?1725590146,1480 TWD,in stock,new
629ef959ec8d8342fcae14a7:6417d06ff853980012d7c730,NEUTRAL 雙帶減壓厚底休閒拖鞋 灰(35-44),版 型 偏大版(小一號購買)   產 地 台灣   鞋 面 超纖速乾面料   內 裏 腳床造型EVA發泡內墊   鞋 底 橡膠EVA防滑膠底   重 量 850公克 跟 型     筒 高  筒 圍  踝 圍,https://www.fmshoes.com.tw/products/629ef959ec8d8342fcae14a7?variation=6417d06ff853980012d7c730,https://img.shoplineapp.com/media/image_clips/66da6a82286761001c244481/original.jpg?1725590146,1480 TWD,in stock,new
629ef959ec8d8342fcae14a7:66e0088b75b037a24fe6e836,NEUTRAL 雙帶減壓厚底休閒拖鞋 灰(35-44),版 型 偏大版(小一號購買)   產 地 台灣   鞋 面 超纖速乾面料   內 裏 腳床造型EVA發泡內墊   鞋 底 橡膠EVA防滑膠底   重 量 850公克 跟 型     筒 高  筒 圍  踝 圍,https://www.fmshoes.com.tw/products/629ef959ec8d8342fcae14a7?variation=66e0088b75b037a24fe6e836,https://img.shoplineapp.com/media/image_clips/66da6a82286761001c244481/original.jpg?1725590146,1480 TWD,in stock,new
629ef959ec8d8342fcae14a7:66e0088b75b037a24fe6e837,NEUTRAL 雙帶減壓厚底休閒拖鞋 灰(35-44),版 型 偏大版(小一號購買)   產 地 台灣   鞋 面 超纖速乾面料   內 裏 腳床造型EVA發泡內墊   鞋 底 橡膠EVA防滑膠底   重 量 850公克 跟 型     筒 高  筒 圍  踝 圍,https://www.fmshoes.com.tw/products/629ef959ec8d8342fcae14a7?variation=66e0088b75b037a24fe6e837,https://img.shoplineapp.com/media/image_clips/66da6a82286761001c244481/original.jpg?1725590146,1480 TWD,in stock,new
629ef962ec8d8342fcae14bd:629ef962ec8d8342fcae14c6,NEUTRAL 防水氣墊麻糬拖鞋 奶茶(36-48),版 型 標準版(照原本尺寸購買)   產 地 台灣   鞋 面 無毒EVA材質   內 裏 無毒EVA材質   鞋 底 EVA止滑底   重 量 370公克 跟 型     筒 高  筒 圍  踝 圍,https://www.fmshoes.com.tw/products/629ef962ec8d8342fcae14bd?variation=629ef962ec8d8342fcae14c6,https://img.shoplineapp.com/media/image_clips/66dab27eca60a3001611adac/original.jpg?1725608574,399 TWD,in stock,new
629ef962ec8d8342fcae14bd:629ef963ec8d8342fcae14c8,NEUTRAL 防水氣墊麻糬拖鞋 奶茶(36-48),版 型 標準版(照原本尺寸購買)   產 地 台灣   鞋 面 無毒EVA材質   內 裏 無毒EVA材質   鞋 底 EVA止滑底   重 量 370公克 跟 型     筒 高  筒 圍  踝 圍,https://www.fmshoes.com.tw/products/629ef962ec8d8342fcae14bd?variation=629ef963ec8d8342fcae14c8,https://img.shoplineapp.com/media/image_clips/66dab27eca60a3001611adac/original.jpg?1725608574,399 TWD,in stock,new
629ef962ec8d8342fcae14bd:629ef964ec8d8342fcae14ca,NEUTRAL 防水氣墊麻糬拖鞋 奶茶(36-48),版 型 標準版(照原本尺寸購買)   產 地 台灣   鞋 面 無毒EVA材質   內 裏 無毒EVA材質   鞋 底 EVA止滑底   重 量 370公克 跟 型     筒 高  筒 圍  踝 圍,https://www.fmshoes.com.tw/products/629ef962ec8d8342fcae14bd?variation=629ef964ec8d8342fcae14ca,https://img.shoplineapp.com/media/image_clips/66dab27eca60a3001611adac/original.jpg?1725608574,399 TWD,in stock,new
629ef962ec8d8342fcae14bd:629ef965ec8d8342fcae14cc,NEUTRAL 防水氣墊麻糬拖鞋 奶茶(36-48),版 型 標準版(照原本尺寸購買)   產 地 台灣   鞋 面 無毒EVA材質   內 裏 無毒EVA材質   鞋 底 EVA止滑底   重 量 370公克 跟 型     筒 高  筒 圍  踝 圍,https://www.fmshoes.com.tw/products/629ef962ec8d8342fcae14bd?variation=629ef965ec8d8342fcae14cc,https://img.shoplineapp.com/media/image_clips/66dab27eca60a3001611adac/original.jpg?1725608574,399 TWD,in stock,new
629ef962ec8d8342fcae14bd:629ef966ec8d8342fcae14ce,NEUTRAL 防水氣墊麻糬拖鞋 奶茶(36-48),版 型 標準版(照原本尺寸購買)   產 地 台灣   鞋 面 無毒EVA材質   內 裏 無毒EVA材質   鞋 底 EVA止滑底   重 量 370公克 跟 型     筒 高  筒 圍  踝 圍,https://www.fmshoes.com.tw/products/629ef962ec8d8342fcae14bd?variation=629ef966ec8d8342fcae14ce,https://img.shoplineapp.com/media/image_clips/66dab27eca60a3001611adac/original.jpg?1725608574,399 TWD,in stock,new
629ef962ec8d8342fcae14bd:629ef967ec8d8342fcae14d0,NEUTRAL 防水氣墊麻糬拖鞋 奶茶(36-48),版 型 標準版(照原本尺寸購買)   產 地 台灣   鞋 面 無毒EVA材質   內 裏 無毒EVA材質   鞋 底 EVA止滑底   重 量 370公克 跟 型     筒 高  筒 圍  踝 圍,https://www.fmshoes.com.tw/products/629ef962ec8d8342fcae14bd?variation=629ef967ec8d8342fcae14d0,https://img.shoplineapp.com/media/image_clips/66dab27eca60a3001611adac/original.jpg?1725608574,399 TWD,in stock,new
629ef962ec8d8342fcae14bd:629ef968ec8d8342fcae14d2,NEUTRAL 防水氣墊麻糬拖鞋 奶茶(36-48),版 型 標準版(照原本尺寸購買)   產 地 台灣   鞋 面 無毒EVA材質   內 裏 無毒EVA材質   鞋 底 EVA止滑底   重 量 370公克 跟 型     筒 高  筒 圍  踝 圍,https://www.fmshoes.com.tw/products/629ef962ec8d8342fcae14bd?variation=629ef968ec8d8342fcae14d2,https://img.shoplineapp.com/media/image_clips/66dab27eca60a3001611adac/original.jpg?1725608574,399 TWD,in stock,new
629ef9f9ec8d8342fcae167c:629ef9f9ec8d8342fcae1685,FM SHOES 全真皮內增高厚底小白鞋(37-40),FM SHOES 全真皮內增高厚底小白鞋，厚底設計拉長腿部比例。可後踩的兩穿方式，展現多樣造型。真牛皮面料，讓你穿著時透氣親膚，為您的日常帶來時尚與舒適。,https://www.fmshoes.com.tw/products/629ef9f9ec8d8342fcae167c?variation=629ef9f9ec8d8342fcae1685,https://img.shoplineapp.com/media/image_clips/69a64a80c095d0185d5ee0af/original.jpg?1772505727=&owner_id=627e1d404e691000311b0a4f,2280 TWD,in stock,new
629ef9f9ec8d8342fcae167c:629ef9f9ec8d8342fcae1687,FM SHOES 全真皮內增高厚底小白鞋(37-40),FM SHOES 全真皮內增高厚底小白鞋，厚底設計拉長腿部比例。可後踩的兩穿方式，展現多樣造型。真牛皮面料，讓你穿著時透氣親膚，為您的日常帶來時尚與舒適。,https://www.fmshoes.com.tw/products/629ef9f9ec8d8342fcae167c?variation=629ef9f9ec8d8342fcae1687,https://img.shoplineapp.com/media/image_clips/69a64a80c095d0185d5ee0af/original.jpg?1772505727=&owner_id=627e1d404e691000311b0a4f,2280 TWD,in stock,new
629ef9f9ec8d8342fcae167c:629ef9faec8d8342fcae1689,FM SHOES 全真皮內增高厚底小白鞋(37-40),FM SHOES 全真皮內增高厚底小白鞋，厚底設計拉長腿部比例。可後踩的兩穿方式，展現多樣造型。真牛皮面料，讓你穿著時透氣親膚，為您的日常帶來時尚與舒適。,https://www.fmshoes.com.tw/products/629ef9f9ec8d8342fcae167c?variation=629ef9faec8d8342fcae1689,https://img.shoplineapp.com/media/image_clips/69a64a80c095d0185d5ee0af/original.jpg?1772505727=&owner_id=627e1d404e691000311b0a4f,2280 TWD,in stock,new
629ef9f9ec8d8342fcae167c:629ef9faec8d8342fcae168b,FM SHOES 全真皮內增高厚底小白鞋(37-40),FM SHOES 全真皮內增高厚底小白鞋，厚底設計拉長腿部比例。可後踩的兩穿方式，展現多樣造型。真牛皮面料，讓你穿著時透氣親膚，為您的日常帶來時尚與舒適。,https://www.fmshoes.com.tw/products/629ef9f9ec8d8342fcae167c?variation=629ef9faec8d8342fcae168b,https://img.shoplineapp.com/media/image_clips/69a64a80c095d0185d5ee0af/original.jpg?1772505727=&owner_id=627e1d404e691000311b0a4f,2280 TWD,in stock,new
629efae6ec8d8342fcae1945:629efae6ec8d8342fcae194d,FM SHOES MIT雙釦厚底休閒拖鞋 粉(36-41),版 型 標準版(照原本尺寸購買)   產 地 台灣   鞋 面 EVA材質   內 裏 EVA腳床造型中底   鞋 底 EVA防滑大底   重 量 390公克 跟 型     筒 高  筒 圍  踝 圍,https://www.fmshoes.com.tw/products/629efae6ec8d8342fcae1945?variation=629efae6ec8d8342fcae194d,https://img.shoplineapp.com/media/image_clips/66e13c29d1ea0400109740a7/original.jpg?1726037033,399 TWD,in stock,new
629efae6ec8d8342fcae1945:629efae7ec8d8342fcae194f,FM SHOES MIT雙釦厚底休閒拖鞋 粉(36-41),版 型 標準版(照原本尺寸購買)   產 地 台灣   鞋 面 EVA材質   內 裏 EVA腳床造型中底   鞋 底 EVA防滑大底   重 量 390公克 跟 型     筒 高  筒 圍  踝 圍,https://www.fmshoes.com.tw/products/629efae6ec8d8342fcae1945?variation=629efae7ec8d8342fcae194f,https://img.shoplineapp.com/media/image_clips/66e13c29d1ea0400109740a7/original.jpg?1726037033,399 TWD,in stock,new
629efae6ec8d8342fcae1945:629efae9ec8d8342fcae1951,FM SHOES MIT雙釦厚底休閒拖鞋 粉(36-41),版 型 標準版(照原本尺寸購買)   產 地 台灣   鞋 面 EVA材質   內 裏 EVA腳床造型中底   鞋 底 EVA防滑大底   重 量 390公克 跟 型     筒 高  筒 圍  踝 圍,https://www.fmshoes.com.tw/products/629efae6ec8d8342fcae1945?variation=629efae9ec8d8342fcae1951,https://img.shoplineapp.com/media/image_clips/66e13c29d1ea0400109740a7/original.jpg?1726037033,399 TWD,in stock,new
629efae6ec8d8342fcae1945:629efae9ec8d8342fcae1953,FM SHOES MIT雙釦厚底休閒拖鞋 粉(36-41),版 型 標準版(照原本尺寸購買)   產 地 台灣   鞋 面 EVA材質   內 裏 EVA腳床造型中底   鞋 底 EVA防滑大底   重 量 390公克 跟 型     筒 高  筒 圍  踝 圍,https://www.fmshoes.com.tw/products/629efae6ec8d8342fcae1945?variation=629efae9ec8d8342fcae1953,https://img.shoplineapp.com/media/image_clips/66e13c29d1ea0400109740a7/original.jpg?1726037033,399 TWD,in stock,new
629efae6ec8d8342fcae1945:629efaeaec8d8342fcae1955,FM SHOES MIT雙釦厚底休閒拖鞋 粉(36-41),版 型 標準版(照原本尺寸購買)   產 地 台灣   鞋 面 EVA材質   內 裏 EVA腳床造型中底   鞋 底 EVA防滑大底   重 量 390公克 跟 型     筒 高  筒 圍  踝 圍,https://www.fmshoes.com.tw/products/629efae6ec8d8342fcae1945?variation=629efaeaec8d8342fcae1955,https://img.shoplineapp.com/media/image_clips/66e13c29d1ea0400109740a7/original.jpg?1726037033,399 TWD,in stock,new
629efae6ec8d8342fcae1945:629efaebec8d8342fcae1957,FM SHOES MIT雙釦厚底休閒拖鞋 粉(36-41),版 型 標準版(照原本尺寸購買)   產 地 台灣   鞋 面 EVA材質   內 裏 EVA腳床造型中底   鞋 底 EVA防滑大底   重 量 390公克 跟 型     筒 高  筒 圍  踝 圍,https://www.fmshoes.com.tw/products/629efae6ec8d8342fcae1945?variation=629efaebec8d8342fcae1957,https://img.shoplineapp.com/media/image_clips/66e13c29d1ea0400109740a7/original.jpg?1726037033,399 TWD,in stock,new
629efafcec8d8342fcae1977:629efafcec8d8342fcae197f,FM SHOES MIT雙釦厚底休閒拖鞋 黑(36-41),版 型 標準版(照原本尺寸購買)   產 地 台灣   鞋 面 EVA材質   內 裏 EVA腳床造型中底   鞋 底 EVA防滑大底   重 量 390公克 跟 型     筒 高  筒 圍  踝 圍,https://www.fmshoes.com.tw/products/629efafcec8d8342fcae1977?variation=629efafcec8d8342fcae197f,https://img.shoplineapp.com/media/image_clips/66e13c3fd7c8690010a2253b/original.jpg?1726037055,399 TWD,in stock,new
629efafcec8d8342fcae1977:629efafeec8d8342fcae1983,FM SHOES MIT雙釦厚底休閒拖鞋 黑(36-41),版 型 標準版(照原本尺寸購買)   產 地 台灣   鞋 面 EVA材質   內 裏 EVA腳床造型中底   鞋 底 EVA防滑大底   重 量 390公克 跟 型     筒 高  筒 圍  踝 圍,https://www.fmshoes.com.tw/products/629efafcec8d8342fcae1977?variation=629efafeec8d8342fcae1983,https://img.shoplineapp.com/media/image_clips/66e13c3fd7c8690010a2253b/original.jpg?1726037055,399 TWD,in stock,new
629efafcec8d8342fcae1977:629efaffec8d8342fcae1985,FM SHOES MIT雙釦厚底休閒拖鞋 黑(36-41),版 型 標準版(照原本尺寸購買)   產 地 台灣   鞋 面 EVA材質   內 裏 EVA腳床造型中底   鞋 底 EVA防滑大底   重 量 390公克 跟 型     筒 高  筒 圍  踝 圍,https://www.fmshoes.com.tw/products/629efafcec8d8342fcae1977?variation=629efaffec8d8342fcae1985,https://img.shoplineapp.com/media/image_clips/66e13c3fd7c8690010a2253b/original.jpg?1726037055,399 TWD,in stock,new
629efbacec8d8342fcae1b81:629efbaeec8d8342fcae1b8c,NEUTRAL 防潑水免綁帶厚底小白鞋(白粉)-大尺碼(36-42),版 型 偏小版(大一號購買)   產 地 台灣   鞋 面 仿牛紋面料   內 裏 透氣棉布內裡+透氣泡棉鞋墊   鞋 底 橡膠防滑刻紋底   重 量 900公克 跟 型     筒 高  筒 圍  踝 圍,https://www.fmshoes.com.tw/products/629efbacec8d8342fcae1b81?variation=629efbaeec8d8342fcae1b8c,https://img.shoplineapp.com/media/image_clips/695765caa433046519c47b8b/original.jpg?1767335370=&owner_id=627e1d404e691000311b0a4f,1180 TWD,in stock,new
629efbacec8d8342fcae1b81:629efbafec8d8342fcae1b8e,NEUTRAL 防潑水免綁帶厚底小白鞋(白粉)-大尺碼(36-42),版 型 偏小版(大一號購買)   產 地 台灣   鞋 面 仿牛紋面料   內 裏 透氣棉布內裡+透氣泡棉鞋墊   鞋 底 橡膠防滑刻紋底   重 量 900公克 跟 型     筒 高  筒 圍  踝 圍,https://www.fmshoes.com.tw/products/629efbacec8d8342fcae1b81?variation=629efbafec8d8342fcae1b8e,https://img.shoplineapp.com/media/image_clips/695765caa433046519c47b8b/original.jpg?1767335370=&owner_id=627e1d404e691000311b0a4f,1180 TWD,in stock,new
629efbacec8d8342fcae1b81:629efbb0ec8d8342fcae1b90,NEUTRAL 防潑水免綁帶厚底小白鞋(白粉)-大尺碼(36-42),版 型 偏小版(大一號購買)   產 地 台灣   鞋 面 仿牛紋面料   內 裏 透氣棉布內裡+透氣泡棉鞋墊   鞋 底 橡膠防滑刻紋底   重 量 900公克 跟 型     筒 高  筒 圍  踝 圍,https://www.fmshoes.com.tw/products/629efbacec8d8342fcae1b81?variation=629efbb0ec8d8342fcae1b90,https://img.shoplineapp.com/media/image_clips/695765caa433046519c47b8b/original.jpg?1767335370=&owner_id=627e1d404e691000311b0a4f,1180 TWD,in stock,new
629efbacec8d8342fcae1b81:629efbb1ec8d8342fcae1b92,NEUTRAL 防潑水免綁帶厚底小白鞋(白粉)-大尺碼(36-42),版 型 偏小版(大一號購買)   產 地 台灣   鞋 面 仿牛紋面料   內 裏 透氣棉布內裡+透氣泡棉鞋墊   鞋 底 橡膠防滑刻紋底   重 量 900公克 跟 型     筒 高  筒 圍  踝 圍,https://www.fmshoes.com.tw/products/629efbacec8d8342fcae1b81?variation=629efbb1ec8d8342fcae1b92,https://img.shoplineapp.com/media/image_clips/695765caa433046519c47b8b/original.jpg?1767335370=&owner_id=627e1d404e691000311b0a4f,1180 TWD,in stock,new
629efbb8ec8d8342fcae1ba0:629efbb9ec8d8342fcae1bab,NEUTRAL 防潑水免綁帶厚底小白鞋(白)-大尺碼(36-42),NEUTRAL 防潑水免綁帶厚底小白鞋，有大尺碼供您選擇。100% MIT台灣製造，完美結合防潑水，除臭透氣功能，為您帶來全天舒適。時尚與實用的完美選擇，讓您的穿搭更加多變。,https://www.fmshoes.com.tw/products/629efbb8ec8d8342fcae1ba0?variation=629efbb9ec8d8342fcae1bab,https://img.shoplineapp.com/media/image_clips/66dab367326abd00108ce1d7/original.jpg?1725608806,1180 TWD,in stock,new
629efc6dec8d8342fcae1e01:629efc6dec8d8342fcae1e0d,NEUTRAL 全天候防水止滑鞋(黑)-男女款(36-45),版 型 標準版(照原本尺寸購買)   產 地 台灣   鞋 面 防水飛織面料   內 裏 涼感透氣腳床造型面料   鞋 底 橡膠防滑刻紋底   重 量 735公克 跟 型     筒 高  筒 圍  踝 圍,https://www.fmshoes.com.tw/products/629efc6dec8d8342fcae1e01?variation=629efc6dec8d8342fcae1e0d,https://img.shoplineapp.com/media/image_clips/69576539ea4deb092cd277f5/original.jpg?1767335225=&owner_id=627e1d404e691000311b0a4f,2680 TWD,in stock,new
629efc6dec8d8342fcae1e01:629efc6eec8d8342fcae1e0f,NEUTRAL 全天候防水止滑鞋(黑)-男女款(36-45),版 型 標準版(照原本尺寸購買)   產 地 台灣   鞋 面 防水飛織面料   內 裏 涼感透氣腳床造型面料   鞋 底 橡膠防滑刻紋底   重 量 735公克 跟 型     筒 高  筒 圍  踝 圍,https://www.fmshoes.com.tw/products/629efc6dec8d8342fcae1e01?variation=629efc6eec8d8342fcae1e0f,https://img.shoplineapp.com/media/image_clips/69576539ea4deb092cd277f5/original.jpg?1767335225=&owner_id=627e1d404e691000311b0a4f,2680 TWD,in stock,new
629efc6dec8d8342fcae1e01:629efc70ec8d8342fcae1e11,NEUTRAL 全天候防水止滑鞋(黑)-男女款(36-45),版 型 標準版(照原本尺寸購買)   產 地 台灣   鞋 面 防水飛織面料   內 裏 涼感透氣腳床造型面料   鞋 底 橡膠防滑刻紋底   重 量 735公克 跟 型     筒 高  筒 圍  踝 圍,https://www.fmshoes.com.tw/products/629efc6dec8d8342fcae1e01?variation=629efc70ec8d8342fcae1e11,https://img.shoplineapp.com/media/image_clips/69576539ea4deb092cd277f5/original.jpg?1767335225=&owner_id=627e1d404e691000311b0a4f,2680 TWD,in stock,new
629efc6dec8d8342fcae1e01:629efc72ec8d8342fcae1e15,NEUTRAL 全天候防水止滑鞋(黑)-男女款(36-45),版 型 標準版(照原本尺寸購買)   產 地 台灣   鞋 面 防水飛織面料   內 裏 涼感透氣腳床造型面料   鞋 底 橡膠防滑刻紋底   重 量 735公克 跟 型     筒 高  筒 圍  踝 圍,https://www.fmshoes.com.tw/products/629efc6dec8d8342fcae1e01?variation=629efc72ec8d8342fcae1e15,https://img.shoplineapp.com/media/image_clips/69576539ea4deb092cd277f5/original.jpg?1767335225=&owner_id=627e1d404e691000311b0a4f,2680 TWD,in stock,new
629efc6dec8d8342fcae1e01:629efc73ec8d8342fcae1e17,NEUTRAL 全天候防水止滑鞋(黑)-男女款(36-45),版 型 標準版(照原本尺寸購買)   產 地 台灣   鞋 面 防水飛織面料   內 裏 涼感透氣腳床造型面料   鞋 底 橡膠防滑刻紋底   重 量 735公克 跟 型     筒 高  筒 圍  踝 圍,https://www.fmshoes.com.tw/products/629efc6dec8d8342fcae1e01?variation=629efc73ec8d8342fcae1e17,https://img.shoplineapp.com/media/image_clips/69576539ea4deb092cd277f5/original.jpg?1767335225=&owner_id=627e1d404e691000311b0a4f,2680 TWD,in stock,new
629efc6dec8d8342fcae1e01:629efc74ec8d8342fcae1e19,NEUTRAL 全天候防水止滑鞋(黑)-男女款(36-45),版 型 標準版(照原本尺寸購買)   產 地 台灣   鞋 面 防水飛織面料   內 裏 涼感透氣腳床造型面料   鞋 底 橡膠防滑刻紋底   重 量 735公克 跟 型     筒 高  筒 圍  踝 圍,https://www.fmshoes.com.tw/products/629efc6dec8d8342fcae1e01?variation=629efc74ec8d8342fcae1e19,https://img.shoplineapp.com/media/image_clips/69576539ea4deb092cd277f5/original.jpg?1767335225=&owner_id=627e1d404e691000311b0a4f,2680 TWD,in stock,new
629efc6dec8d8342fcae1e01:629efc75ec8d8342fcae1e1b,NEUTRAL 全天候防水止滑鞋(黑)-男女款(36-45),版 型 標準版(照原本尺寸購買)   產 地 台灣   鞋 面 防水飛織面料   內 裏 涼感透氣腳床造型面料   鞋 底 橡膠防滑刻紋底   重 量 735公克 跟 型     筒 高  筒 圍  踝 圍,https://www.fmshoes.com.tw/products/629efc6dec8d8342fcae1e01?variation=629efc75ec8d8342fcae1e1b,https://img.shoplineapp.com/media/image_clips/69576539ea4deb092cd277f5/original.jpg?1767335225=&owner_id=627e1d404e691000311b0a4f,2680 TWD,in stock,new
629efc6dec8d8342fcae1e01:629efc76ec8d8342fcae1e1d,NEUTRAL 全天候防水止滑鞋(黑)-男女款(36-45),版 型 標準版(照原本尺寸購買)   產 地 台灣   鞋 面 防水飛織面料   內 裏 涼感透氣腳床造型面料   鞋 底 橡膠防滑刻紋底   重 量 735公克 跟 型     筒 高  筒 圍  踝 圍,https://www.fmshoes.com.tw/products/629efc6dec8d8342fcae1e01?variation=629efc76ec8d8342fcae1e1d,https://img.shoplineapp.com/media/image_clips/69576539ea4deb092cd277f5/original.jpg?1767335225=&owner_id=627e1d404e691000311b0a4f,2680 TWD,in stock,new
629efc6dec8d8342fcae1e01:629efc78ec8d8342fcae1e1f,NEUTRAL 全天候防水止滑鞋(黑)-男女款(36-45),版 型 標準版(照原本尺寸購買)   產 地 台灣   鞋 面 防水飛織面料   內 裏 涼感透氣腳床造型面料   鞋 底 橡膠防滑刻紋底   重 量 735公克 跟 型     筒 高  筒 圍  踝 圍,https://www.fmshoes.com.tw/products/629efc6dec8d8342fcae1e01?variation=629efc78ec8d8342fcae1e1f,https://img.shoplineapp.com/media/image_clips/69576539ea4deb092cd277f5/original.jpg?1767335225=&owner_id=627e1d404e691000311b0a4f,2680 TWD,in stock,new
629efc7cec8d8342fcae1e2a:629efc7cec8d8342fcae1e36,NEUTRAL 全天候防水止滑鞋(灰)-男女款(36-45),版 型 標準版(照原本尺寸購買)   產 地 台灣   鞋 面 防水飛織面料   內 裏 涼感透氣腳床造型面料   鞋 底 橡膠防滑刻紋底   重 量 735公克 跟 型     筒 高  筒 圍  踝 圍,https://www.fmshoes.com.tw/products/629efc7cec8d8342fcae1e2a?variation=629efc7cec8d8342fcae1e36,https://img.shoplineapp.com/media/image_clips/66d961ea0af6fe000d5b2e97/original.jpg?1725522409,2680 TWD,in stock,new
629efc7cec8d8342fcae1e2a:629efc7dec8d8342fcae1e38,NEUTRAL 全天候防水止滑鞋(灰)-男女款(36-45),版 型 標準版(照原本尺寸購買)   產 地 台灣   鞋 面 防水飛織面料   內 裏 涼感透氣腳床造型面料   鞋 底 橡膠防滑刻紋底   重 量 735公克 跟 型     筒 高  筒 圍  踝 圍,https://www.fmshoes.com.tw/products/629efc7cec8d8342fcae1e2a?variation=629efc7dec8d8342fcae1e38,https://img.shoplineapp.com/media/image_clips/66d961ea0af6fe000d5b2e97/original.jpg?1725522409,2680 TWD,in stock,new
629efc7cec8d8342fcae1e2a:629efc7eec8d8342fcae1e3a,NEUTRAL 全天候防水止滑鞋(灰)-男女款(36-45),版 型 標準版(照原本尺寸購買)   產 地 台灣   鞋 面 防水飛織面料   內 裏 涼感透氣腳床造型面料   鞋 底 橡膠防滑刻紋底   重 量 735公克 跟 型     筒 高  筒 圍  踝 圍,https://www.fmshoes.com.tw/products/629efc7cec8d8342fcae1e2a?variation=629efc7eec8d8342fcae1e3a,https://img.shoplineapp.com/media/image_clips/66d961ea0af6fe000d5b2e97/original.jpg?1725522409,2680 TWD,in stock,new
629efc7cec8d8342fcae1e2a:629efc81ec8d8342fcae1e3e,NEUTRAL 全天候防水止滑鞋(灰)-男女款(36-45),版 型 標準版(照原本尺寸購買)   產 地 台灣   鞋 面 防水飛織面料   內 裏 涼感透氣腳床造型面料   鞋 底 橡膠防滑刻紋底   重 量 735公克 跟 型     筒 高  筒 圍  踝 圍,https://www.fmshoes.com.tw/products/629efc7cec8d8342fcae1e2a?variation=629efc81ec8d8342fcae1e3e,https://img.shoplineapp.com/media/image_clips/66d961ea0af6fe000d5b2e97/original.jpg?1725522409,2680 TWD,in stock,new
629efc7cec8d8342fcae1e2a:629efc82ec8d8342fcae1e40,NEUTRAL 全天候防水止滑鞋(灰)-男女款(36-45),版 型 標準版(照原本尺寸購買)   產 地 台灣   鞋 面 防水飛織面料   內 裏 涼感透氣腳床造型面料   鞋 底 橡膠防滑刻紋底   重 量 735公克 跟 型     筒 高  筒 圍  踝 圍,https://www.fmshoes.com.tw/products/629efc7cec8d8342fcae1e2a?variation=629efc82ec8d8342fcae1e40,https://img.shoplineapp.com/media/image_clips/66d961ea0af6fe000d5b2e97/original.jpg?1725522409,2680 TWD,in stock,new
629efc7cec8d8342fcae1e2a:629efc83ec8d8342fcae1e42,NEUTRAL 全天候防水止滑鞋(灰)-男女款(36-45),版 型 標準版(照原本尺寸購買)   產 地 台灣   鞋 面 防水飛織面料   內 裏 涼感透氣腳床造型面料   鞋 底 橡膠防滑刻紋底   重 量 735公克 跟 型     筒 高  筒 圍  踝 圍,https://www.fmshoes.com.tw/products/629efc7cec8d8342fcae1e2a?variation=629efc83ec8d8342fcae1e42,https://img.shoplineapp.com/media/image_clips/66d961ea0af6fe000d5b2e97/original.jpg?1725522409,2680 TWD,in stock,new
629efc7cec8d8342fcae1e2a:629efc84ec8d8342fcae1e44,NEUTRAL 全天候防水止滑鞋(灰)-男女款(36-45),版 型 標準版(照原本尺寸購買)   產 地 台灣   鞋 面 防水飛織面料   內 裏 涼感透氣腳床造型面料   鞋 底 橡膠防滑刻紋底   重 量 735公克 跟 型     筒 高  筒 圍  踝 圍,https://www.fmshoes.com.tw/products/629efc7cec8d8342fcae1e2a?variation=629efc84ec8d8342fcae1e44,https://img.shoplineapp.com/media/image_clips/66d961ea0af6fe000d5b2e97/original.jpg?1725522409,2680 TWD,in stock,new
629efc7cec8d8342fcae1e2a:629efc85ec8d8342fcae1e46,NEUTRAL 全天候防水止滑鞋(灰)-男女款(36-45),版 型 標準版(照原本尺寸購買)   產 地 台灣   鞋 面 防水飛織面料   內 裏 涼感透氣腳床造型面料   鞋 底 橡膠防滑刻紋底   重 量 735公克 跟 型     筒 高  筒 圍  踝 圍,https://www.fmshoes.com.tw/products/629efc7cec8d8342fcae1e2a?variation=629efc85ec8d8342fcae1e46,https://img.shoplineapp.com/media/image_clips/66d961ea0af6fe000d5b2e97/original.jpg?1725522409,2680 TWD,in stock,new
629efc7cec8d8342fcae1e2a:629efc87ec8d8342fcae1e48,NEUTRAL 全天候防水止滑鞋(灰)-男女款(36-45),版 型 標準版(照原本尺寸購買)   產 地 台灣   鞋 面 防水飛織面料   內 裏 涼感透氣腳床造型面料   鞋 底 橡膠防滑刻紋底   重 量 735公克 跟 型     筒 高  筒 圍  踝 圍,https://www.fmshoes.com.tw/products/629efc7cec8d8342fcae1e2a?variation=629efc87ec8d8342fcae1e48,https://img.shoplineapp.com/media/image_clips/66d961ea0af6fe000d5b2e97/original.jpg?1725522409,2680 TWD,in stock,new
629efd16ec8d8342fcae2077:629efd16ec8d8342fcae2080,NEUTRAL 防水氣墊麻糬拖鞋 黑(36-48),版 型 標準版(照原本尺寸購買)   產 地 台灣   鞋 面 無毒EVA材質   內 裏 無毒EVA材質   鞋 底 EVA止滑底   重 量 370公克 跟 型     筒 高  筒 圍  踝 圍,https://www.fmshoes.com.tw/products/629efd16ec8d8342fcae2077?variation=629efd16ec8d8342fcae2080,https://img.shoplineapp.com/media/image_clips/66dab1e68fa7ed0010313e42/original.jpg?1725608422,399 TWD,in stock,new
629efd16ec8d8342fcae2077:629efd17ec8d8342fcae2082,NEUTRAL 防水氣墊麻糬拖鞋 黑(36-48),版 型 標準版(照原本尺寸購買)   產 地 台灣   鞋 面 無毒EVA材質   內 裏 無毒EVA材質   鞋 底 EVA止滑底   重 量 370公克 跟 型     筒 高  筒 圍  踝 圍,https://www.fmshoes.com.tw/products/629efd16ec8d8342fcae2077?variation=629efd17ec8d8342fcae2082,https://img.shoplineapp.com/media/image_clips/66dab1e68fa7ed0010313e42/original.jpg?1725608422,399 TWD,in stock,new
629efd4bec8d8342fcae2143,FM SHOES 環保購物袋 大,版 型    產 地 韓國   鞋 面    內 裏 尼龍   鞋 底    重 量 100公克 跟 型     筒 高  筒 圍  踝 圍    前跟高  後跟高,https://www.fmshoes.com.tw/products/629efd4bec8d8342fcae2143,https://img.shoplineapp.com/media/image_clips/694360d3f213a4e3faaf8301/original.jpg?1766023379=&owner_id=627e1d404e691000311b0a4f,380 TWD,in stock,new
629efd52ec8d8342fcae2157:629efd53ec8d8342fcae2162,NEUTRAL 防潑水軟皮小白鞋 大尺碼(37-42),NEUTRAL 防潑水軟皮小白鞋，更有提供大尺碼可選擇。MIT 台灣製造保證。這款小白鞋融合防潑水和耐髒功能，擁有多風格百搭特性，為您的穿搭增添更多自由選擇。,https://www.fmshoes.com.tw/products/629efd52ec8d8342fcae2157?variation=629efd53ec8d8342fcae2162,https://img.shoplineapp.com/media/image_clips/66dab07d62076c001991f1ee/original.jpg?1725608061,1280 TWD,in stock,new
629efd52ec8d8342fcae2157:629efd53ec8d8342fcae2164,NEUTRAL 防潑水軟皮小白鞋 大尺碼(37-42),NEUTRAL 防潑水軟皮小白鞋，更有提供大尺碼可選擇。MIT 台灣製造保證。這款小白鞋融合防潑水和耐髒功能，擁有多風格百搭特性，為您的穿搭增添更多自由選擇。,https://www.fmshoes.com.tw/products/629efd52ec8d8342fcae2157?variation=629efd53ec8d8342fcae2164,https://img.shoplineapp.com/media/image_clips/66dab07d62076c001991f1ee/original.jpg?1725608061,1280 TWD,in stock,new
629efd52ec8d8342fcae2157:629efd54ec8d8342fcae2166,NEUTRAL 防潑水軟皮小白鞋 大尺碼(37-42),NEUTRAL 防潑水軟皮小白鞋，更有提供大尺碼可選擇。MIT 台灣製造保證。這款小白鞋融合防潑水和耐髒功能，擁有多風格百搭特性，為您的穿搭增添更多自由選擇。,https://www.fmshoes.com.tw/products/629efd52ec8d8342fcae2157?variation=629efd54ec8d8342fcae2166,https://img.shoplineapp.com/media/image_clips/66dab07d62076c001991f1ee/original.jpg?1725608061,1280 TWD,in stock,new
629efd52ec8d8342fcae2157:629efd55ec8d8342fcae2168,NEUTRAL 防潑水軟皮小白鞋 大尺碼(37-42),NEUTRAL 防潑水軟皮小白鞋，更有提供大尺碼可選擇。MIT 台灣製造保證。這款小白鞋融合防潑水和耐髒功能，擁有多風格百搭特性，為您的穿搭增添更多自由選擇。,https://www.fmshoes.com.tw/products/629efd52ec8d8342fcae2157?variation=629efd55ec8d8342fcae2168,https://img.shoplineapp.com/media/image_clips/66dab07d62076c001991f1ee/original.jpg?1725608061,1280 TWD,in stock,new
629efd52ec8d8342fcae2157:629efd55ec8d8342fcae216a,NEUTRAL 防潑水軟皮小白鞋 大尺碼(37-42),NEUTRAL 防潑水軟皮小白鞋，更有提供大尺碼可選擇。MIT 台灣製造保證。這款小白鞋融合防潑水和耐髒功能，擁有多風格百搭特性，為您的穿搭增添更多自由選擇。,https://www.fmshoes.com.tw/products/629efd52ec8d8342fcae2157?variation=629efd55ec8d8342fcae216a,https://img.shoplineapp.com/media/image_clips/66dab07d62076c001991f1ee/original.jpg?1725608061,1280 TWD,in stock,new
629efd52ec8d8342fcae2157:629efd56ec8d8342fcae216c,NEUTRAL 防潑水軟皮小白鞋 大尺碼(37-42),NEUTRAL 防潑水軟皮小白鞋，更有提供大尺碼可選擇。MIT 台灣製造保證。這款小白鞋融合防潑水和耐髒功能，擁有多風格百搭特性，為您的穿搭增添更多自由選擇。,https://www.fmshoes.com.tw/products/629efd52ec8d8342fcae2157?variation=629efd56ec8d8342fcae216c,https://img.shoplineapp.com/media/image_clips/66dab07d62076c001991f1ee/original.jpg?1725608061,1280 TWD,in stock,new
629efd52ec8d8342fcae2157:629efd57ec8d8342fcae216e,NEUTRAL 防潑水軟皮小白鞋 大尺碼(37-42),NEUTRAL 防潑水軟皮小白鞋，更有提供大尺碼可選擇。MIT 台灣製造保證。這款小白鞋融合防潑水和耐髒功能，擁有多風格百搭特性，為您的穿搭增添更多自由選擇。,https://www.fmshoes.com.tw/products/629efd52ec8d8342fcae2157?variation=629efd57ec8d8342fcae216e,https://img.shoplineapp.com/media/image_clips/66dab07d62076c001991f1ee/original.jpg?1725608061,1280 TWD,in stock,new
629efd52ec8d8342fcae2157:66d9a1b95a369a001278bb54,NEUTRAL 防潑水軟皮小白鞋 大尺碼(37-42),NEUTRAL 防潑水軟皮小白鞋，更有提供大尺碼可選擇。MIT 台灣製造保證。這款小白鞋融合防潑水和耐髒功能，擁有多風格百搭特性，為您的穿搭增添更多自由選擇。,https://www.fmshoes.com.tw/products/629efd52ec8d8342fcae2157?variation=66d9a1b95a369a001278bb54,https://img.shoplineapp.com/media/image_clips/66dab07d62076c001991f1ee/original.jpg?1725608061,1280 TWD,in stock,new
629efd5bec8d8342fcae217b:629efd5cec8d8342fcae2185,FM SHOES 繫帶防潑水工程短靴(黑)-大尺碼(36-42),版 型 偏小版(大一號購買)   產 地 韓國設計，中國製   鞋 面 光澤油紋面料   內 裏 透氣人造豚皮鞋墊+乳膠內墊   鞋 底 橡膠防滑刻紋底   重 量 1200公克 跟 型     筒 高 13cm 筒 圍,https://www.fmshoes.com.tw/products/629efd5bec8d8342fcae217b?variation=629efd5cec8d8342fcae2185,https://img.shoplineapp.com/media/image_clips/69576eaa69015f4db7abe1e7/original.jpg?1767337642=&owner_id=627e1d404e691000311b0a4f,1680 TWD,in stock,new
629efd5bec8d8342fcae217b:629efd5dec8d8342fcae2187,FM SHOES 繫帶防潑水工程短靴(黑)-大尺碼(36-42),版 型 偏小版(大一號購買)   產 地 韓國設計，中國製   鞋 面 光澤油紋面料   內 裏 透氣人造豚皮鞋墊+乳膠內墊   鞋 底 橡膠防滑刻紋底   重 量 1200公克 跟 型     筒 高 13cm 筒 圍,https://www.fmshoes.com.tw/products/629efd5bec8d8342fcae217b?variation=629efd5dec8d8342fcae2187,https://img.shoplineapp.com/media/image_clips/69576eaa69015f4db7abe1e7/original.jpg?1767337642=&owner_id=627e1d404e691000311b0a4f,1680 TWD,in stock,new
629efd5bec8d8342fcae217b:629efd5eec8d8342fcae2189,FM SHOES 繫帶防潑水工程短靴(黑)-大尺碼(36-42),版 型 偏小版(大一號購買)   產 地 韓國設計，中國製   鞋 面 光澤油紋面料   內 裏 透氣人造豚皮鞋墊+乳膠內墊   鞋 底 橡膠防滑刻紋底   重 量 1200公克 跟 型     筒 高 13cm 筒 圍,https://www.fmshoes.com.tw/products/629efd5bec8d8342fcae217b?variation=629efd5eec8d8342fcae2189,https://img.shoplineapp.com/media/image_clips/69576eaa69015f4db7abe1e7/original.jpg?1767337642=&owner_id=627e1d404e691000311b0a4f,1680 TWD,in stock,new
629efd5bec8d8342fcae217b:629efd5fec8d8342fcae218b,FM SHOES 繫帶防潑水工程短靴(黑)-大尺碼(36-42),版 型 偏小版(大一號購買)   產 地 韓國設計，中國製   鞋 面 光澤油紋面料   內 裏 透氣人造豚皮鞋墊+乳膠內墊   鞋 底 橡膠防滑刻紋底   重 量 1200公克 跟 型     筒 高 13cm 筒 圍,https://www.fmshoes.com.tw/products/629efd5bec8d8342fcae217b?variation=629efd5fec8d8342fcae218b,https://img.shoplineapp.com/media/image_clips/69576eaa69015f4db7abe1e7/original.jpg?1767337642=&owner_id=627e1d404e691000311b0a4f,1680 TWD,in stock,new
629efd67ec8d8342fcae2199:629efd67ec8d8342fcae21a3,FM SHOES 繫帶防潑水工程短靴(奶茶)-大尺碼(36-42),版 型 偏小版(大一號購買)   產 地 韓國設計，中國製   鞋 面 光澤油紋面料   內 裏 透氣人造豚皮鞋墊+乳膠內墊   鞋 底 橡膠防滑刻紋底   重 量 1200公克 跟 型     筒 高 13cm 筒 圍,https://www.fmshoes.com.tw/products/629efd67ec8d8342fcae2199?variation=629efd67ec8d8342fcae21a3,https://img.shoplineapp.com/media/image_clips/6957810871e12d2ff1e85f64/original.jpg?1767342344=&owner_id=627e1d404e691000311b0a4f,1680 TWD,in stock,new
629f0123ec8d8342fcae2f91:629f0129ec8d8342fcae2fad,FM SHOES 2way幾何剪裁穆勒鞋 黑(36-42),版　型標準版(但腳版偏寬偏肉喜歡舒適可以大一號) 產　地台灣鞋　面仿牛紋面料 內　裏透氣人造豚皮鞋墊 鞋　底橡膠防滑刻紋底 重　量700公克跟　型 筒　高筒　圍踝　圍 前跟高後跟高2cm內增高,https://www.fmshoes.com.tw/products/629f0123ec8d8342fcae2f91?variation=629f0129ec8d8342fcae2fad,https://img.shoplineapp.com/media/image_clips/637efda804215600289f4ff9/original.jpg?1669266855,1080 TWD,in stock,new
629f0123ec8d8342fcae2f91:629f0129ec8d8342fcae2faf,FM SHOES 2way幾何剪裁穆勒鞋 黑(36-42),版　型標準版(但腳版偏寬偏肉喜歡舒適可以大一號) 產　地台灣鞋　面仿牛紋面料 內　裏透氣人造豚皮鞋墊 鞋　底橡膠防滑刻紋底 重　量700公克跟　型 筒　高筒　圍踝　圍 前跟高後跟高2cm內增高,https://www.fmshoes.com.tw/products/629f0123ec8d8342fcae2f91?variation=629f0129ec8d8342fcae2faf,https://img.shoplineapp.com/media/image_clips/637efda804215600289f4ff9/original.jpg?1669266855,1080 TWD,in stock,new
629f0123ec8d8342fcae2f91:629f012bec8d8342fcae2fb5,FM SHOES 2way幾何剪裁穆勒鞋 黑(36-42),版　型標準版(但腳版偏寬偏肉喜歡舒適可以大一號) 產　地台灣鞋　面仿牛紋面料 內　裏透氣人造豚皮鞋墊 鞋　底橡膠防滑刻紋底 重　量700公克跟　型 筒　高筒　圍踝　圍 前跟高後跟高2cm內增高,https://www.fmshoes.com.tw/products/629f0123ec8d8342fcae2f91?variation=629f012bec8d8342fcae2fb5,https://img.shoplineapp.com/media/image_clips/637efda804215600289f4ff9/original.jpg?1669266855,1080 TWD,in stock,new
629f013aec8d8342fcae2fed:629f0140ec8d8342fcae3006,FM SHOES 真牛皮綁帶帆船鞋(咖)-Men(40-45),版　型偏大版(小一號購買) 產　地台灣鞋　面真牛皮面料 內　裏舒適真皮豚皮內裡 鞋　底橡膠防滑膠底 重　量1100公克跟　型 筒　高筒　圍踝　圍 前跟高2.5cm後跟高4cm內增高,https://www.fmshoes.com.tw/products/629f013aec8d8342fcae2fed?variation=629f0140ec8d8342fcae3006,https://img.shoplineapp.com/media/image_clips/66e136520496a80013d9572a/original.jpg?1726035538,2280 TWD,in stock,new
629f0161ec8d8342fcae3068:629f0162ec8d8342fcae306d,全方位擴鞋楦鞋器-男女款,版　型 產　地台灣鞋　面 內　裏 鞋　底 重　量800公克跟　型 筒　高筒　圍踝　圍 前跟高後跟高內增高,https://www.fmshoes.com.tw/products/629f0161ec8d8342fcae3068?variation=629f0162ec8d8342fcae306d,https://img.shoplineapp.com/media/image_clips/6324561fc49d4f0028620adb/original.jpg?1663325727,799 TWD,in stock,new
629f0161ec8d8342fcae3068:629f0163ec8d8342fcae306f,全方位擴鞋楦鞋器-男女款,版　型 產　地台灣鞋　面 內　裏 鞋　底 重　量800公克跟　型 筒　高筒　圍踝　圍 前跟高後跟高內增高,https://www.fmshoes.com.tw/products/629f0161ec8d8342fcae3068?variation=629f0163ec8d8342fcae306f,https://img.shoplineapp.com/media/image_clips/6324561fc49d4f0028620adb/original.jpg?1663325727,799 TWD,in stock,new
629f0173ec8d8342fcae30af:629f0174ec8d8342fcae30b5,NEUTRAL 活性碳透氣足弓增高鞋墊,版　型標準版 產　地台灣鞋　面上層使用活性碳透氣網眼面料-增加透氣性 內　裏中層使用優質EVA乳膠泡棉-增加舒適感 鞋　底底層使用優質EVA密壓材質-不易變形 重　量250公克跟　型 筒　高筒　圍踝　圍 前跟高0.5cm後跟高1.5cm內增高,https://www.fmshoes.com.tw/products/629f0173ec8d8342fcae30af?variation=629f0174ec8d8342fcae30b5,https://img.shoplineapp.com/media/image_clips/63245017754fb7002ba75dd1/original.jpg?1663324183,680 TWD,in stock,new
629f0173ec8d8342fcae30af:629f0174ec8d8342fcae30b7,NEUTRAL 活性碳透氣足弓增高鞋墊,版　型標準版 產　地台灣鞋　面上層使用活性碳透氣網眼面料-增加透氣性 內　裏中層使用優質EVA乳膠泡棉-增加舒適感 鞋　底底層使用優質EVA密壓材質-不易變形 重　量250公克跟　型 筒　高筒　圍踝　圍 前跟高0.5cm後跟高1.5cm內增高,https://www.fmshoes.com.tw/products/629f0173ec8d8342fcae30af?variation=629f0174ec8d8342fcae30b7,https://img.shoplineapp.com/media/image_clips/63245017754fb7002ba75dd1/original.jpg?1663324183,680 TWD,in stock,new
629f0173ec8d8342fcae30af:629f0175ec8d8342fcae30b9,NEUTRAL 活性碳透氣足弓增高鞋墊,版　型標準版 產　地台灣鞋　面上層使用活性碳透氣網眼面料-增加透氣性 內　裏中層使用優質EVA乳膠泡棉-增加舒適感 鞋　底底層使用優質EVA密壓材質-不易變形 重　量250公克跟　型 筒　高筒　圍踝　圍 前跟高0.5cm後跟高1.5cm內增高,https://www.fmshoes.com.tw/products/629f0173ec8d8342fcae30af?variation=629f0175ec8d8342fcae30b9,https://img.shoplineapp.com/media/image_clips/63245017754fb7002ba75dd1/original.jpg?1663324183,680 TWD,in stock,new
629f0261ec8d8342fcae3371:629f0262ec8d8342fcae3377,NEUTRAL 涼感透氣按摩鞋墊,版　型標準版(照原本尺寸購買) 產　地台灣鞋　面涼感透氣腳床造型面料-增加涼感性 內　裏EVA乳膠泡棉-增加舒適感 鞋　底EVA密壓材質-不易變形 重　量150公克跟　型 筒　高筒　圍踝　圍 前跟高後跟高內增高,https://www.fmshoes.com.tw/products/629f0261ec8d8342fcae3371?variation=629f0262ec8d8342fcae3377,https://img.shoplineapp.com/media/image_clips/671ef6ccb09028000f67ec7e/original.jpg?1730082508,650 TWD,in stock,new
629f0261ec8d8342fcae3371:629f0262ec8d8342fcae3379,NEUTRAL 涼感透氣按摩鞋墊,版　型標準版(照原本尺寸購買) 產　地台灣鞋　面涼感透氣腳床造型面料-增加涼感性 內　裏EVA乳膠泡棉-增加舒適感 鞋　底EVA密壓材質-不易變形 重　量150公克跟　型 筒　高筒　圍踝　圍 前跟高後跟高內增高,https://www.fmshoes.com.tw/products/629f0261ec8d8342fcae3371?variation=629f0262ec8d8342fcae3379,https://img.shoplineapp.com/media/image_clips/671ef6ccb09028000f67ec7e/original.jpg?1730082508,650 TWD,in stock,new
629f0261ec8d8342fcae3371:629f0263ec8d8342fcae337b,NEUTRAL 涼感透氣按摩鞋墊,版　型標準版(照原本尺寸購買) 產　地台灣鞋　面涼感透氣腳床造型面料-增加涼感性 內　裏EVA乳膠泡棉-增加舒適感 鞋　底EVA密壓材質-不易變形 重　量150公克跟　型 筒　高筒　圍踝　圍 前跟高後跟高內增高,https://www.fmshoes.com.tw/products/629f0261ec8d8342fcae3371?variation=629f0263ec8d8342fcae337b,https://img.shoplineapp.com/media/image_clips/671ef6ccb09028000f67ec7e/original.jpg?1730082508,650 TWD,in stock,new
629f027cec8d8342fcae33dc:629f027dec8d8342fcae33ea,NEUTRAL 透氣防潑水綁帶餅乾鞋 黑(36-46),版　型標準版(照原本尺寸購買) 產　地台灣鞋　面防潑水厚織帆布面料 內　裏除臭活性碳乳膠鞋墊 鞋　底橡膠防滑刻紋底 重　量800公克跟　型 筒　高筒　圍踝　圍 前跟高2.5cm後跟高2.5cm內增高,https://www.fmshoes.com.tw/products/629f027cec8d8342fcae33dc?variation=629f027dec8d8342fcae33ea,https://img.shoplineapp.com/media/image_clips/695763ddcfbe29716f0e7853/original.jpg?1767334876=&owner_id=627e1d404e691000311b0a4f,1180 TWD,in stock,new
629f027cec8d8342fcae33dc:629f0280ec8d8342fcae33f8,NEUTRAL 透氣防潑水綁帶餅乾鞋 黑(36-46),版　型標準版(照原本尺寸購買) 產　地台灣鞋　面防潑水厚織帆布面料 內　裏除臭活性碳乳膠鞋墊 鞋　底橡膠防滑刻紋底 重　量800公克跟　型 筒　高筒　圍踝　圍 前跟高2.5cm後跟高2.5cm內增高,https://www.fmshoes.com.tw/products/629f027cec8d8342fcae33dc?variation=629f0280ec8d8342fcae33f8,https://img.shoplineapp.com/media/image_clips/695763ddcfbe29716f0e7853/original.jpg?1767334876=&owner_id=627e1d404e691000311b0a4f,1180 TWD,in stock,new
629f027cec8d8342fcae33dc:629f0282ec8d8342fcae33fe,NEUTRAL 透氣防潑水綁帶餅乾鞋 黑(36-46),版　型標準版(照原本尺寸購買) 產　地台灣鞋　面防潑水厚織帆布面料 內　裏除臭活性碳乳膠鞋墊 鞋　底橡膠防滑刻紋底 重　量800公克跟　型 筒　高筒　圍踝　圍 前跟高2.5cm後跟高2.5cm內增高,https://www.fmshoes.com.tw/products/629f027cec8d8342fcae33dc?variation=629f0282ec8d8342fcae33fe,https://img.shoplineapp.com/media/image_clips/695763ddcfbe29716f0e7853/original.jpg?1767334876=&owner_id=627e1d404e691000311b0a4f,1180 TWD,in stock,new
629f0286ec8d8342fcae340a:629f0286ec8d8342fcae3418,NEUTRAL 透氣防潑水綁帶餅乾鞋 白(36-46),版　型標準版(照原本尺寸購買) 產　地台灣鞋　面防潑水厚織帆布面料 內　裏除臭活性碳乳膠鞋墊 鞋　底橡膠防滑刻紋底 重　量800公克跟　型 筒　高筒　圍踝　圍 前跟高2.5cm後跟高2.5cm內增高,https://www.fmshoes.com.tw/products/629f0286ec8d8342fcae340a?variation=629f0286ec8d8342fcae3418,https://img.shoplineapp.com/media/image_clips/66d95f30e60e530016d7e1da/original.jpg?1725521712,1180 TWD,in stock,new
629f0286ec8d8342fcae340a:629f0287ec8d8342fcae341a,NEUTRAL 透氣防潑水綁帶餅乾鞋 白(36-46),版　型標準版(照原本尺寸購買) 產　地台灣鞋　面防潑水厚織帆布面料 內　裏除臭活性碳乳膠鞋墊 鞋　底橡膠防滑刻紋底 重　量800公克跟　型 筒　高筒　圍踝　圍 前跟高2.5cm後跟高2.5cm內增高,https://www.fmshoes.com.tw/products/629f0286ec8d8342fcae340a?variation=629f0287ec8d8342fcae341a,https://img.shoplineapp.com/media/image_clips/66d95f30e60e530016d7e1da/original.jpg?1725521712,1180 TWD,in stock,new
629f0286ec8d8342fcae340a:629f0288ec8d8342fcae341c,NEUTRAL 透氣防潑水綁帶餅乾鞋 白(36-46),版　型標準版(照原本尺寸購買) 產　地台灣鞋　面防潑水厚織帆布面料 內　裏除臭活性碳乳膠鞋墊 鞋　底橡膠防滑刻紋底 重　量800公克跟　型 筒　高筒　圍踝　圍 前跟高2.5cm後跟高2.5cm內增高,https://www.fmshoes.com.tw/products/629f0286ec8d8342fcae340a?variation=629f0288ec8d8342fcae341c,https://img.shoplineapp.com/media/image_clips/66d95f30e60e530016d7e1da/original.jpg?1725521712,1180 TWD,in stock,new
629f0286ec8d8342fcae340a:629f0288ec8d8342fcae341e,NEUTRAL 透氣防潑水綁帶餅乾鞋 白(36-46),版　型標準版(照原本尺寸購買) 產　地台灣鞋　面防潑水厚織帆布面料 內　裏除臭活性碳乳膠鞋墊 鞋　底橡膠防滑刻紋底 重　量800公克跟　型 筒　高筒　圍踝　圍 前跟高2.5cm後跟高2.5cm內增高,https://www.fmshoes.com.tw/products/629f0286ec8d8342fcae340a?variation=629f0288ec8d8342fcae341e,https://img.shoplineapp.com/media/image_clips/66d95f30e60e530016d7e1da/original.jpg?1725521712,1180 TWD,in stock,new
629f0286ec8d8342fcae340a:629f0289ec8d8342fcae3420,NEUTRAL 透氣防潑水綁帶餅乾鞋 白(36-46),版　型標準版(照原本尺寸購買) 產　地台灣鞋　面防潑水厚織帆布面料 內　裏除臭活性碳乳膠鞋墊 鞋　底橡膠防滑刻紋底 重　量800公克跟　型 筒　高筒　圍踝　圍 前跟高2.5cm後跟高2.5cm內增高,https://www.fmshoes.com.tw/products/629f0286ec8d8342fcae340a?variation=629f0289ec8d8342fcae3420,https://img.shoplineapp.com/media/image_clips/66d95f30e60e530016d7e1da/original.jpg?1725521712,1180 TWD,in stock,new
629f0286ec8d8342fcae340a:629f0289ec8d8342fcae3422,NEUTRAL 透氣防潑水綁帶餅乾鞋 白(36-46),版　型標準版(照原本尺寸購買) 產　地台灣鞋　面防潑水厚織帆布面料 內　裏除臭活性碳乳膠鞋墊 鞋　底橡膠防滑刻紋底 重　量800公克跟　型 筒　高筒　圍踝　圍 前跟高2.5cm後跟高2.5cm內增高,https://www.fmshoes.com.tw/products/629f0286ec8d8342fcae340a?variation=629f0289ec8d8342fcae3422,https://img.shoplineapp.com/media/image_clips/66d95f30e60e530016d7e1da/original.jpg?1725521712,1180 TWD,in stock,new
629f0286ec8d8342fcae340a:629f028aec8d8342fcae3424,NEUTRAL 透氣防潑水綁帶餅乾鞋 白(36-46),版　型標準版(照原本尺寸購買) 產　地台灣鞋　面防潑水厚織帆布面料 內　裏除臭活性碳乳膠鞋墊 鞋　底橡膠防滑刻紋底 重　量800公克跟　型 筒　高筒　圍踝　圍 前跟高2.5cm後跟高2.5cm內增高,https://www.fmshoes.com.tw/products/629f0286ec8d8342fcae340a?variation=629f028aec8d8342fcae3424,https://img.shoplineapp.com/media/image_clips/66d95f30e60e530016d7e1da/original.jpg?1725521712,1180 TWD,in stock,new
629f0286ec8d8342fcae340a:629f028bec8d8342fcae3428,NEUTRAL 透氣防潑水綁帶餅乾鞋 白(36-46),版　型標準版(照原本尺寸購買) 產　地台灣鞋　面防潑水厚織帆布面料 內　裏除臭活性碳乳膠鞋墊 鞋　底橡膠防滑刻紋底 重　量800公克跟　型 筒　高筒　圍踝　圍 前跟高2.5cm後跟高2.5cm內增高,https://www.fmshoes.com.tw/products/629f0286ec8d8342fcae340a?variation=629f028bec8d8342fcae3428,https://img.shoplineapp.com/media/image_clips/66d95f30e60e530016d7e1da/original.jpg?1725521712,1180 TWD,in stock,new
629f0286ec8d8342fcae340a:629f028bec8d8342fcae342a,NEUTRAL 透氣防潑水綁帶餅乾鞋 白(36-46),版　型標準版(照原本尺寸購買) 產　地台灣鞋　面防潑水厚織帆布面料 內　裏除臭活性碳乳膠鞋墊 鞋　底橡膠防滑刻紋底 重　量800公克跟　型 筒　高筒　圍踝　圍 前跟高2.5cm後跟高2.5cm內增高,https://www.fmshoes.com.tw/products/629f0286ec8d8342fcae340a?variation=629f028bec8d8342fcae342a,https://img.shoplineapp.com/media/image_clips/66d95f30e60e530016d7e1da/original.jpg?1725521712,1180 TWD,in stock,new
629f0286ec8d8342fcae340a:629f028cec8d8342fcae342c,NEUTRAL 透氣防潑水綁帶餅乾鞋 白(36-46),版　型標準版(照原本尺寸購買) 產　地台灣鞋　面防潑水厚織帆布面料 內　裏除臭活性碳乳膠鞋墊 鞋　底橡膠防滑刻紋底 重　量800公克跟　型 筒　高筒　圍踝　圍 前跟高2.5cm後跟高2.5cm內增高,https://www.fmshoes.com.tw/products/629f0286ec8d8342fcae340a?variation=629f028cec8d8342fcae342c,https://img.shoplineapp.com/media/image_clips/66d95f30e60e530016d7e1da/original.jpg?1725521712,1180 TWD,in stock,new
629f028fec8d8342fcae3439:629f0291ec8d8342fcae3446,FM SHOES 尖頭低跟包鞋 卡其(36-43),版　型標準版(但腳版偏寬偏肉喜歡舒適可以大一號) 產　地台灣鞋　面質感牛紋面料 內　裏透氣真豚皮穩足乳膠墊 鞋　底橡膠防滑刻紋底 重　量550公克跟　型 筒　高筒　圍踝　圍 前跟高後跟高2cm內增高,https://www.fmshoes.com.tw/products/629f028fec8d8342fcae3439?variation=629f0291ec8d8342fcae3446,https://img.shoplineapp.com/media/image_clips/66e137836933ae0013516b30/original.jpg?1726035843,1480 TWD,in stock,new
629f028fec8d8342fcae3439:629f0293ec8d8342fcae344e,FM SHOES 尖頭低跟包鞋 卡其(36-43),版　型標準版(但腳版偏寬偏肉喜歡舒適可以大一號) 產　地台灣鞋　面質感牛紋面料 內　裏透氣真豚皮穩足乳膠墊 鞋　底橡膠防滑刻紋底 重　量550公克跟　型 筒　高筒　圍踝　圍 前跟高後跟高2cm內增高,https://www.fmshoes.com.tw/products/629f028fec8d8342fcae3439?variation=629f0293ec8d8342fcae344e,https://img.shoplineapp.com/media/image_clips/66e137836933ae0013516b30/original.jpg?1726035843,1480 TWD,in stock,new
629f028fec8d8342fcae3439:629f0294ec8d8342fcae3450,FM SHOES 尖頭低跟包鞋 卡其(36-43),版　型標準版(但腳版偏寬偏肉喜歡舒適可以大一號) 產　地台灣鞋　面質感牛紋面料 內　裏透氣真豚皮穩足乳膠墊 鞋　底橡膠防滑刻紋底 重　量550公克跟　型 筒　高筒　圍踝　圍 前跟高後跟高2cm內增高,https://www.fmshoes.com.tw/products/629f028fec8d8342fcae3439?variation=629f0294ec8d8342fcae3450,https://img.shoplineapp.com/media/image_clips/66e137836933ae0013516b30/original.jpg?1726035843,1480 TWD,in stock,new
629f028fec8d8342fcae3439:629f0294ec8d8342fcae3452,FM SHOES 尖頭低跟包鞋 卡其(36-43),版　型標準版(但腳版偏寬偏肉喜歡舒適可以大一號) 產　地台灣鞋　面質感牛紋面料 內　裏透氣真豚皮穩足乳膠墊 鞋　底橡膠防滑刻紋底 重　量550公克跟　型 筒　高筒　圍踝　圍 前跟高後跟高2cm內增高,https://www.fmshoes.com.tw/products/629f028fec8d8342fcae3439?variation=629f0294ec8d8342fcae3452,https://img.shoplineapp.com/media/image_clips/66e137836933ae0013516b30/original.jpg?1726035843,1480 TWD,in stock,new
629f033eec8d8342fcae3655:629f033fec8d8342fcae365e,NEUTRAL 小香風菱格紋減壓涼鞋 杏(35-41),NEUTRAL 小香風菱格紋涼鞋，杏色款式。小香風涼鞋設計，100% MIT台灣製造、手工車縫，厚底彈性且止滑，一雙舒適時尚兼具的美鞋。,https://www.fmshoes.com.tw/products/629f033eec8d8342fcae3655?variation=629f033fec8d8342fcae365e,https://img.shoplineapp.com/media/image_clips/66da91488db66e001fcf023d/original.jpg?1725600072,1680 TWD,in stock,new
629f033eec8d8342fcae3655:629f0341ec8d8342fcae3662,NEUTRAL 小香風菱格紋減壓涼鞋 杏(35-41),NEUTRAL 小香風菱格紋涼鞋，杏色款式。小香風涼鞋設計，100% MIT台灣製造、手工車縫，厚底彈性且止滑，一雙舒適時尚兼具的美鞋。,https://www.fmshoes.com.tw/products/629f033eec8d8342fcae3655?variation=629f0341ec8d8342fcae3662,https://img.shoplineapp.com/media/image_clips/66da91488db66e001fcf023d/original.jpg?1725600072,1680 TWD,in stock,new
629f033eec8d8342fcae3655:629f0343ec8d8342fcae3664,NEUTRAL 小香風菱格紋減壓涼鞋 杏(35-41),NEUTRAL 小香風菱格紋涼鞋，杏色款式。小香風涼鞋設計，100% MIT台灣製造、手工車縫，厚底彈性且止滑，一雙舒適時尚兼具的美鞋。,https://www.fmshoes.com.tw/products/629f033eec8d8342fcae3655?variation=629f0343ec8d8342fcae3664,https://img.shoplineapp.com/media/image_clips/66da91488db66e001fcf023d/original.jpg?1725600072,1680 TWD,in stock,new
629f033eec8d8342fcae3655:6417d169a515950db1205e70,NEUTRAL 小香風菱格紋減壓涼鞋 杏(35-41),NEUTRAL 小香風菱格紋涼鞋，杏色款式。小香風涼鞋設計，100% MIT台灣製造、手工車縫，厚底彈性且止滑，一雙舒適時尚兼具的美鞋。,https://www.fmshoes.com.tw/products/629f033eec8d8342fcae3655?variation=6417d169a515950db1205e70,https://img.shoplineapp.com/media/image_clips/66da91488db66e001fcf023d/original.jpg?1725600072,1680 TWD,in stock,new
629f0343ec8d8347e82bbec0:629f0343ec8d8347e82bbec7,NEUTRAL 雙帶減壓厚底休閒拖鞋 黑(35-44),版 型 偏大版(小一號購買)   產 地 台灣   鞋 面 超纖速乾面料   內 裏 腳床造型EVA發泡內墊   鞋 底 橡膠EVA防滑膠底   重 量 850公克 跟 型     筒 高  筒 圍  踝 圍,https://www.fmshoes.com.tw/products/629f0343ec8d8347e82bbec0?variation=629f0343ec8d8347e82bbec7,https://img.shoplineapp.com/media/image_clips/69573f32d1490276a6ff62a1/original.jpg?1767325489=&owner_id=627e1d404e691000311b0a4f,1480 TWD,in stock,new
629f0343ec8d8347e82bbec0:629f0344ec8d8347e82bbec9,NEUTRAL 雙帶減壓厚底休閒拖鞋 黑(35-44),版 型 偏大版(小一號購買)   產 地 台灣   鞋 面 超纖速乾面料   內 裏 腳床造型EVA發泡內墊   鞋 底 橡膠EVA防滑膠底   重 量 850公克 跟 型     筒 高  筒 圍  踝 圍,https://www.fmshoes.com.tw/products/629f0343ec8d8347e82bbec0?variation=629f0344ec8d8347e82bbec9,https://img.shoplineapp.com/media/image_clips/69573f32d1490276a6ff62a1/original.jpg?1767325489=&owner_id=627e1d404e691000311b0a4f,1480 TWD,in stock,new
629f0343ec8d8347e82bbec0:629f0344ec8d8347e82bbecb,NEUTRAL 雙帶減壓厚底休閒拖鞋 黑(35-44),版 型 偏大版(小一號購買)   產 地 台灣   鞋 面 超纖速乾面料   內 裏 腳床造型EVA發泡內墊   鞋 底 橡膠EVA防滑膠底   重 量 850公克 跟 型     筒 高  筒 圍  踝 圍,https://www.fmshoes.com.tw/products/629f0343ec8d8347e82bbec0?variation=629f0344ec8d8347e82bbecb,https://img.shoplineapp.com/media/image_clips/69573f32d1490276a6ff62a1/original.jpg?1767325489=&owner_id=627e1d404e691000311b0a4f,1480 TWD,in stock,new
629f0343ec8d8347e82bbec0:629f0345ec8d8347e82bbecd,NEUTRAL 雙帶減壓厚底休閒拖鞋 黑(35-44),版 型 偏大版(小一號購買)   產 地 台灣   鞋 面 超纖速乾面料   內 裏 腳床造型EVA發泡內墊   鞋 底 橡膠EVA防滑膠底   重 量 850公克 跟 型     筒 高  筒 圍  踝 圍,https://www.fmshoes.com.tw/products/629f0343ec8d8347e82bbec0?variation=629f0345ec8d8347e82bbecd,https://img.shoplineapp.com/media/image_clips/69573f32d1490276a6ff62a1/original.jpg?1767325489=&owner_id=627e1d404e691000311b0a4f,1480 TWD,in stock,new
629f0343ec8d8347e82bbec0:629f0346ec8d8347e82bbecf,NEUTRAL 雙帶減壓厚底休閒拖鞋 黑(35-44),版 型 偏大版(小一號購買)   產 地 台灣   鞋 面 超纖速乾面料   內 裏 腳床造型EVA發泡內墊   鞋 底 橡膠EVA防滑膠底   重 量 850公克 跟 型     筒 高  筒 圍  踝 圍,https://www.fmshoes.com.tw/products/629f0343ec8d8347e82bbec0?variation=629f0346ec8d8347e82bbecf,https://img.shoplineapp.com/media/image_clips/69573f32d1490276a6ff62a1/original.jpg?1767325489=&owner_id=627e1d404e691000311b0a4f,1480 TWD,in stock,new
629f0343ec8d8347e82bbec0:6417d019656425001b00313b,NEUTRAL 雙帶減壓厚底休閒拖鞋 黑(35-44),版 型 偏大版(小一號購買)   產 地 台灣   鞋 面 超纖速乾面料   內 裏 腳床造型EVA發泡內墊   鞋 底 橡膠EVA防滑膠底   重 量 850公克 跟 型     筒 高  筒 圍  踝 圍,https://www.fmshoes.com.tw/products/629f0343ec8d8347e82bbec0?variation=6417d019656425001b00313b,https://img.shoplineapp.com/media/image_clips/69573f32d1490276a6ff62a1/original.jpg?1767325489=&owner_id=627e1d404e691000311b0a4f,1480 TWD,in stock,new
629f05a4ec8d8342fcae3df7,皮革清潔亮光可麗奶,版　型 產　地台灣鞋　面 內　裏 鞋　底 重　量200公克跟　型 筒　高筒　圍踝　圍 前跟高後跟高內增高,https://www.fmshoes.com.tw/products/629f05a4ec8d8342fcae3df7,https://img.shoplineapp.com/media/image_clips/694362a14e578800144f5ee7/original.jpg?1766023840=&owner_id=627e1d404e691000311b0a4f,89 TWD,in stock,new
629f06fbec8d8347e82bcb5b:629f06fcec8d8347e82bcb65,FM SHOES 真皮免綁帶後踩小白鞋(36-42),FM SHOES 真皮免綁帶後踩小白鞋，完美融合免綁帶與後踩設計。質感真皮，兼具風格與舒適。親膚內裡讓步伐更輕鬆，並帶有除臭透氣功能，始終保持舒適感。,https://www.fmshoes.com.tw/products/629f06fbec8d8347e82bcb5b?variation=629f06fcec8d8347e82bcb65,https://img.shoplineapp.com/media/image_clips/66e13b8704883f001c3cbaec/original.jpg?1726036871,2280 TWD,in stock,new
629f06fbec8d8347e82bcb5b:629f06fcec8d8347e82bcb67,FM SHOES 真皮免綁帶後踩小白鞋(36-42),FM SHOES 真皮免綁帶後踩小白鞋，完美融合免綁帶與後踩設計。質感真皮，兼具風格與舒適。親膚內裡讓步伐更輕鬆，並帶有除臭透氣功能，始終保持舒適感。,https://www.fmshoes.com.tw/products/629f06fbec8d8347e82bcb5b?variation=629f06fcec8d8347e82bcb67,https://img.shoplineapp.com/media/image_clips/66e13b8704883f001c3cbaec/original.jpg?1726036871,2280 TWD,in stock,new
629f06fbec8d8347e82bcb5b:629f06fdec8d8347e82bcb69,FM SHOES 真皮免綁帶後踩小白鞋(36-42),FM SHOES 真皮免綁帶後踩小白鞋，完美融合免綁帶與後踩設計。質感真皮，兼具風格與舒適。親膚內裡讓步伐更輕鬆，並帶有除臭透氣功能，始終保持舒適感。,https://www.fmshoes.com.tw/products/629f06fbec8d8347e82bcb5b?variation=629f06fdec8d8347e82bcb69,https://img.shoplineapp.com/media/image_clips/66e13b8704883f001c3cbaec/original.jpg?1726036871,2280 TWD,in stock,new
629f06fbec8d8347e82bcb5b:629f06fdec8d8347e82bcb6b,FM SHOES 真皮免綁帶後踩小白鞋(36-42),FM SHOES 真皮免綁帶後踩小白鞋，完美融合免綁帶與後踩設計。質感真皮，兼具風格與舒適。親膚內裡讓步伐更輕鬆，並帶有除臭透氣功能，始終保持舒適感。,https://www.fmshoes.com.tw/products/629f06fbec8d8347e82bcb5b?variation=629f06fdec8d8347e82bcb6b,https://img.shoplineapp.com/media/image_clips/66e13b8704883f001c3cbaec/original.jpg?1726036871,2280 TWD,in stock,new
629f06fbec8d8347e82bcb5b:629f06fdec8d8347e82bcb6d,FM SHOES 真皮免綁帶後踩小白鞋(36-42),FM SHOES 真皮免綁帶後踩小白鞋，完美融合免綁帶與後踩設計。質感真皮，兼具風格與舒適。親膚內裡讓步伐更輕鬆，並帶有除臭透氣功能，始終保持舒適感。,https://www.fmshoes.com.tw/products/629f06fbec8d8347e82bcb5b?variation=629f06fdec8d8347e82bcb6d,https://img.shoplineapp.com/media/image_clips/66e13b8704883f001c3cbaec/original.jpg?1726036871,2280 TWD,in stock,new
629f06fbec8d8347e82bcb5b:629f06feec8d8347e82bcb6f,FM SHOES 真皮免綁帶後踩小白鞋(36-42),FM SHOES 真皮免綁帶後踩小白鞋，完美融合免綁帶與後踩設計。質感真皮，兼具風格與舒適。親膚內裡讓步伐更輕鬆，並帶有除臭透氣功能，始終保持舒適感。,https://www.fmshoes.com.tw/products/629f06fbec8d8347e82bcb5b?variation=629f06feec8d8347e82bcb6f,https://img.shoplineapp.com/media/image_clips/66e13b8704883f001c3cbaec/original.jpg?1726036871,2280 TWD,in stock,new
629f06fbec8d8347e82bcb5b:629f06feec8d8347e82bcb71,FM SHOES 真皮免綁帶後踩小白鞋(36-42),FM SHOES 真皮免綁帶後踩小白鞋，完美融合免綁帶與後踩設計。質感真皮，兼具風格與舒適。親膚內裡讓步伐更輕鬆，並帶有除臭透氣功能，始終保持舒適感。,https://www.fmshoes.com.tw/products/629f06fbec8d8347e82bcb5b?variation=629f06feec8d8347e82bcb71,https://img.shoplineapp.com/media/image_clips/66e13b8704883f001c3cbaec/original.jpg?1726036871,2280 TWD,in stock,new
629f0726ec8d8347e82bcc1c:629f0727ec8d8347e82bcc24,NEUTRAL 涼感輕量氣墊鞋 黑,版　型標準版(照原本尺寸購買) 產　地台灣鞋　面冰絲涼感飛織面料 內　裏吸汗除臭腳床造型鞋墊 鞋　底真氣墊防滑鞋底 重　量850公克跟　型 筒　高筒　圍踝　圍 前跟高1.5cm後跟高3cm內增高,https://www.fmshoes.com.tw/products/629f0726ec8d8347e82bcc1c?variation=629f0727ec8d8347e82bcc24,https://img.shoplineapp.com/media/image_clips/66da747c28852f001fff1392/original.jpg?1725592700,1480 TWD,in stock,new
629f0726ec8d8347e82bcc1c:629f0728ec8d8347e82bcc26,NEUTRAL 涼感輕量氣墊鞋 黑,版　型標準版(照原本尺寸購買) 產　地台灣鞋　面冰絲涼感飛織面料 內　裏吸汗除臭腳床造型鞋墊 鞋　底真氣墊防滑鞋底 重　量850公克跟　型 筒　高筒　圍踝　圍 前跟高1.5cm後跟高3cm內增高,https://www.fmshoes.com.tw/products/629f0726ec8d8347e82bcc1c?variation=629f0728ec8d8347e82bcc26,https://img.shoplineapp.com/media/image_clips/66da747c28852f001fff1392/original.jpg?1725592700,1480 TWD,in stock,new
629f0726ec8d8347e82bcc1c:629f0728ec8d8347e82bcc28,NEUTRAL 涼感輕量氣墊鞋 黑,版　型標準版(照原本尺寸購買) 產　地台灣鞋　面冰絲涼感飛織面料 內　裏吸汗除臭腳床造型鞋墊 鞋　底真氣墊防滑鞋底 重　量850公克跟　型 筒　高筒　圍踝　圍 前跟高1.5cm後跟高3cm內增高,https://www.fmshoes.com.tw/products/629f0726ec8d8347e82bcc1c?variation=629f0728ec8d8347e82bcc28,https://img.shoplineapp.com/media/image_clips/66da747c28852f001fff1392/original.jpg?1725592700,1480 TWD,in stock,new
629f0726ec8d8347e82bcc1c:629f0728ec8d8347e82bcc2a,NEUTRAL 涼感輕量氣墊鞋 黑,版　型標準版(照原本尺寸購買) 產　地台灣鞋　面冰絲涼感飛織面料 內　裏吸汗除臭腳床造型鞋墊 鞋　底真氣墊防滑鞋底 重　量850公克跟　型 筒　高筒　圍踝　圍 前跟高1.5cm後跟高3cm內增高,https://www.fmshoes.com.tw/products/629f0726ec8d8347e82bcc1c?variation=629f0728ec8d8347e82bcc2a,https://img.shoplineapp.com/media/image_clips/66da747c28852f001fff1392/original.jpg?1725592700,1480 TWD,in stock,new
629f0726ec8d8347e82bcc1c:629f0729ec8d8347e82bcc2c,NEUTRAL 涼感輕量氣墊鞋 黑,版　型標準版(照原本尺寸購買) 產　地台灣鞋　面冰絲涼感飛織面料 內　裏吸汗除臭腳床造型鞋墊 鞋　底真氣墊防滑鞋底 重　量850公克跟　型 筒　高筒　圍踝　圍 前跟高1.5cm後跟高3cm內增高,https://www.fmshoes.com.tw/products/629f0726ec8d8347e82bcc1c?variation=629f0729ec8d8347e82bcc2c,https://img.shoplineapp.com/media/image_clips/66da747c28852f001fff1392/original.jpg?1725592700,1480 TWD,in stock,new
629f0726ec8d8347e82bcc1c:69f15f15ab096800120a7bec,NEUTRAL 涼感輕量氣墊鞋 黑,版　型標準版(照原本尺寸購買) 產　地台灣鞋　面冰絲涼感飛織面料 內　裏吸汗除臭腳床造型鞋墊 鞋　底真氣墊防滑鞋底 重　量850公克跟　型 筒　高筒　圍踝　圍 前跟高1.5cm後跟高3cm內增高,https://www.fmshoes.com.tw/products/629f0726ec8d8347e82bcc1c?variation=69f15f15ab096800120a7bec,https://img.shoplineapp.com/media/image_clips/66da747c28852f001fff1392/original.jpg?1725592700,1480 TWD,in stock,new
629f131aec8d8344907a40bd,麂皮/殘膠清潔橡皮擦,版　型 產　地台灣鞋　面 內　裏 鞋　底 重　量250公克跟　型 筒　高筒　圍踝　圍 前跟高後跟高內增高,https://www.fmshoes.com.tw/products/629f131aec8d8344907a40bd,https://img.shoplineapp.com/media/image_clips/6324556c89cf6500229f6ff1/original.jpg?1663325548,79 TWD,in stock,new
62a187e631bbe300129ab284:64194f2d1ae431000c57f43f,NEUTRAL 飛織襪套加大氣墊鞋 杏,版 型偏小版(大一號購買)產 地台灣鞋 面飛織透氣面料內 裏涼感透氣腳床造型面料鞋 底真氣墊+橡膠+TPU+MODEL底重 量900公克跟 型筒 高筒 圍踝 圍前跟高2.5cm,https://www.fmshoes.com.tw/products/62a187e631bbe300129ab284?variation=64194f2d1ae431000c57f43f,https://img.shoplineapp.com/media/image_clips/66daaf598fa7ed0019313c35/original.jpg?1725607769,1680 TWD,in stock,new
62a1a4799503f70015ee54db:64b5020430d406001e8e065c,NEUTRAL 飛織襪套加大氣墊鞋 深灰(35-42),版 型偏小版(大一號購買)產 地台灣鞋 面飛織透氣面料內 裏涼感透氣腳床造型面料鞋 底真氣墊+橡膠+TPU+MODEL底重 量900公克跟 型筒 高筒 圍踝 圍前跟高2.5cm,https://www.fmshoes.com.tw/products/62a1a4799503f70015ee54db?variation=64b5020430d406001e8e065c,https://img.shoplineapp.com/media/image_clips/66daaf8d9e42f70010816c29/original.jpg?1725607821,1680 TWD,in stock,new
62a1a4799503f70015ee54db:62a1a4798c048f0009c994e5,NEUTRAL 飛織襪套加大氣墊鞋 深灰(35-42),版 型偏小版(大一號購買)產 地台灣鞋 面飛織透氣面料內 裏涼感透氣腳床造型面料鞋 底真氣墊+橡膠+TPU+MODEL底重 量900公克跟 型筒 高筒 圍踝 圍前跟高2.5cm,https://www.fmshoes.com.tw/products/62a1a4799503f70015ee54db?variation=62a1a4798c048f0009c994e5,https://img.shoplineapp.com/media/image_clips/66daaf8d9e42f70010816c29/original.jpg?1725607821,1680 TWD,in stock,new
62a80734284aad002a82fec3:62a807349880e500128546d7,FM SHOES 防潑水後馬甲長靴 大尺碼(限宅配)(36-42),版 型 偏小版(大一號購買)   產 地 韓國設計，中國製   鞋 面 防潑水超纖皮料   內 裏 全筒絨毛內裡   鞋 底 橡膠射出防滑鞋底   重 量 1470公克 跟 型     筒 高  筒 圍  踝,https://www.fmshoes.com.tw/products/62a80734284aad002a82fec3?variation=62a807349880e500128546d7,https://img.shoplineapp.com/media/image_clips/637f0f59ebc5520031a1d68a/original.jpg?1669271384,1880 TWD,in stock,new
62a80734284aad002a82fec3:62a807349880e500128546d8,FM SHOES 防潑水後馬甲長靴 大尺碼(限宅配)(36-42),版 型 偏小版(大一號購買)   產 地 韓國設計，中國製   鞋 面 防潑水超纖皮料   內 裏 全筒絨毛內裡   鞋 底 橡膠射出防滑鞋底   重 量 1470公克 跟 型     筒 高  筒 圍  踝,https://www.fmshoes.com.tw/products/62a80734284aad002a82fec3?variation=62a807349880e500128546d8,https://img.shoplineapp.com/media/image_clips/637f0f59ebc5520031a1d68a/original.jpg?1669271384,1880 TWD,in stock,new
62a80734284aad002a82fec3:62a807349880e500128546d9,FM SHOES 防潑水後馬甲長靴 大尺碼(限宅配)(36-42),版 型 偏小版(大一號購買)   產 地 韓國設計，中國製   鞋 面 防潑水超纖皮料   內 裏 全筒絨毛內裡   鞋 底 橡膠射出防滑鞋底   重 量 1470公克 跟 型     筒 高  筒 圍  踝,https://www.fmshoes.com.tw/products/62a80734284aad002a82fec3?variation=62a807349880e500128546d9,https://img.shoplineapp.com/media/image_clips/637f0f59ebc5520031a1d68a/original.jpg?1669271384,1880 TWD,in stock,new
62a80734284aad002a82fec3:62a807349880e500128546da,FM SHOES 防潑水後馬甲長靴 大尺碼(限宅配)(36-42),版 型 偏小版(大一號購買)   產 地 韓國設計，中國製   鞋 面 防潑水超纖皮料   內 裏 全筒絨毛內裡   鞋 底 橡膠射出防滑鞋底   重 量 1470公克 跟 型     筒 高  筒 圍  踝,https://www.fmshoes.com.tw/products/62a80734284aad002a82fec3?variation=62a807349880e500128546da,https://img.shoplineapp.com/media/image_clips/637f0f59ebc5520031a1d68a/original.jpg?1669271384,1880 TWD,in stock,new
62a80734284aad002a82fec3:62a807349880e500128546db,FM SHOES 防潑水後馬甲長靴 大尺碼(限宅配)(36-42),版 型 偏小版(大一號購買)   產 地 韓國設計，中國製   鞋 面 防潑水超纖皮料   內 裏 全筒絨毛內裡   鞋 底 橡膠射出防滑鞋底   重 量 1470公克 跟 型     筒 高  筒 圍  踝,https://www.fmshoes.com.tw/products/62a80734284aad002a82fec3?variation=62a807349880e500128546db,https://img.shoplineapp.com/media/image_clips/637f0f59ebc5520031a1d68a/original.jpg?1669271384,1880 TWD,in stock,new
62a80734284aad002a82fec3:62a807349880e500128546dc,FM SHOES 防潑水後馬甲長靴 大尺碼(限宅配)(36-42),版 型 偏小版(大一號購買)   產 地 韓國設計，中國製   鞋 面 防潑水超纖皮料   內 裏 全筒絨毛內裡   鞋 底 橡膠射出防滑鞋底   重 量 1470公克 跟 型     筒 高  筒 圍  踝,https://www.fmshoes.com.tw/products/62a80734284aad002a82fec3?variation=62a807349880e500128546dc,https://img.shoplineapp.com/media/image_clips/637f0f59ebc5520031a1d68a/original.jpg?1669271384,1880 TWD,in stock,new
62a80734284aad002a82fec3:62a807349880e500128546dd,FM SHOES 防潑水後馬甲長靴 大尺碼(限宅配)(36-42),版 型 偏小版(大一號購買)   產 地 韓國設計，中國製   鞋 面 防潑水超纖皮料   內 裏 全筒絨毛內裡   鞋 底 橡膠射出防滑鞋底   重 量 1470公克 跟 型     筒 高  筒 圍  踝,https://www.fmshoes.com.tw/products/62a80734284aad002a82fec3?variation=62a807349880e500128546dd,https://img.shoplineapp.com/media/image_clips/637f0f59ebc5520031a1d68a/original.jpg?1669271384,1880 TWD,in stock,new
62a81f300083510030dcb360,速乾透氣防水噴霧280ml,版 型    產 地 台灣   鞋 面    內 裏    鞋 底    重 量 400公克 跟 型     筒 高  筒 圍  踝 圍    前跟高  後跟高,https://www.fmshoes.com.tw/products/62a81f300083510030dcb360,https://img.shoplineapp.com/media/image_clips/66879665c6fc920022f158b6/original.jpg?1720161892,580 TWD,in stock,new
62abf7685edf52003097ec7a:62abf7678571c1000d0a2ec4,33520 Melissa Final 閃耀果凍漁夫鞋,33520 Melissa Final 閃耀果凍漁夫鞋,https://www.fmshoes.com.tw/products/62abf7685edf52003097ec7a?variation=62abf7678571c1000d0a2ec4,https://img.shoplineapp.com/media/image_clips/684b9d6ac547e2000a23118a/original.jpg?1749785961,2280 TWD,in stock,new
62b657a5b38d8b00276cdda9:62b657a46669e00018fa2a6b,FM SHOES 防潑水朵結樂福鞋(粉)-大尺碼(36-43),版　型標準版(照原本尺寸購買) 產　地台灣鞋　面質感仿牛紋面料 內　裏透氣人造豚皮鞋墊+舒適乳膠內墊 鞋　底橡膠防滑刻紋底 重　量750公克跟　型 筒　高筒　圍踝　圍 前跟高後跟高1cm內增高,https://www.fmshoes.com.tw/products/62b657a5b38d8b00276cdda9?variation=62b657a46669e00018fa2a6b,https://img.shoplineapp.com/media/image_clips/66e139fe163d7d000d3de047/original.jpg?1726036477,1680 TWD,in stock,new
62b67aa5dbbe800018a895b9:62b67aa4584c31000def77f7,FM SHOES 2way幾何剪裁穆勒鞋 粉(36-42),版　型標準版(但腳版偏寬偏肉喜歡舒適可以大一號) 產　地台灣鞋　面仿牛紋面料 內　裏透氣人造豚皮鞋墊 鞋　底橡膠防滑刻紋底 重　量700公克跟　型 筒　高筒　圍踝　圍 前跟高後跟高2cm內增高,https://www.fmshoes.com.tw/products/62b67aa5dbbe800018a895b9?variation=62b67aa4584c31000def77f7,https://img.shoplineapp.com/media/image_clips/637efd8acd1b1b00198518ab/original.jpg?1669266826,1080 TWD,in stock,new
62b67aa5dbbe800018a895b9:62b67aa4584c31000def77f8,FM SHOES 2way幾何剪裁穆勒鞋 粉(36-42),版　型標準版(但腳版偏寬偏肉喜歡舒適可以大一號) 產　地台灣鞋　面仿牛紋面料 內　裏透氣人造豚皮鞋墊 鞋　底橡膠防滑刻紋底 重　量700公克跟　型 筒　高筒　圍踝　圍 前跟高後跟高2cm內增高,https://www.fmshoes.com.tw/products/62b67aa5dbbe800018a895b9?variation=62b67aa4584c31000def77f8,https://img.shoplineapp.com/media/image_clips/637efd8acd1b1b00198518ab/original.jpg?1669266826,1080 TWD,in stock,new
62b67aa5dbbe800018a895b9:62b67aa4584c31000def77f9,FM SHOES 2way幾何剪裁穆勒鞋 粉(36-42),版　型標準版(但腳版偏寬偏肉喜歡舒適可以大一號) 產　地台灣鞋　面仿牛紋面料 內　裏透氣人造豚皮鞋墊 鞋　底橡膠防滑刻紋底 重　量700公克跟　型 筒　高筒　圍踝　圍 前跟高後跟高2cm內增高,https://www.fmshoes.com.tw/products/62b67aa5dbbe800018a895b9?variation=62b67aa4584c31000def77f9,https://img.shoplineapp.com/media/image_clips/637efd8acd1b1b00198518ab/original.jpg?1669266826,1080 TWD,in stock,new
62b67aa5dbbe800018a895b9:62b67aa4584c31000def77fb,FM SHOES 2way幾何剪裁穆勒鞋 粉(36-42),版　型標準版(但腳版偏寬偏肉喜歡舒適可以大一號) 產　地台灣鞋　面仿牛紋面料 內　裏透氣人造豚皮鞋墊 鞋　底橡膠防滑刻紋底 重　量700公克跟　型 筒　高筒　圍踝　圍 前跟高後跟高2cm內增高,https://www.fmshoes.com.tw/products/62b67aa5dbbe800018a895b9?variation=62b67aa4584c31000def77fb,https://img.shoplineapp.com/media/image_clips/637efd8acd1b1b00198518ab/original.jpg?1669266826,1080 TWD,in stock,new
62b67aa5dbbe800018a895b9:62b67aa4584c31000def77fd,FM SHOES 2way幾何剪裁穆勒鞋 粉(36-42),版　型標準版(但腳版偏寬偏肉喜歡舒適可以大一號) 產　地台灣鞋　面仿牛紋面料 內　裏透氣人造豚皮鞋墊 鞋　底橡膠防滑刻紋底 重　量700公克跟　型 筒　高筒　圍踝　圍 前跟高後跟高2cm內增高,https://www.fmshoes.com.tw/products/62b67aa5dbbe800018a895b9?variation=62b67aa4584c31000def77fd,https://img.shoplineapp.com/media/image_clips/637efd8acd1b1b00198518ab/original.jpg?1669266826,1080 TWD,in stock,new
62b67ab15e7f740030080bda:62b67ab1584c310763ef77cb,FM SHOES 2way幾何剪裁穆勒鞋 杏(36-42),版　型標準版(但腳版偏寬偏肉喜歡舒適可以大一號) 產　地台灣鞋　面仿牛紋面料 內　裏透氣人造豚皮鞋墊 鞋　底橡膠防滑刻紋底 重　量700公克跟　型 筒　高筒　圍踝　圍 前跟高後跟高2cm內增高,https://www.fmshoes.com.tw/products/62b67ab15e7f740030080bda?variation=62b67ab1584c310763ef77cb,https://img.shoplineapp.com/media/image_clips/637efdc09b07480016d8b1ee/original.jpg?1669266880,1080 TWD,in stock,new
62b67ab15e7f740030080bda:62b67ab1584c310763ef77cd,FM SHOES 2way幾何剪裁穆勒鞋 杏(36-42),版　型標準版(但腳版偏寬偏肉喜歡舒適可以大一號) 產　地台灣鞋　面仿牛紋面料 內　裏透氣人造豚皮鞋墊 鞋　底橡膠防滑刻紋底 重　量700公克跟　型 筒　高筒　圍踝　圍 前跟高後跟高2cm內增高,https://www.fmshoes.com.tw/products/62b67ab15e7f740030080bda?variation=62b67ab1584c310763ef77cd,https://img.shoplineapp.com/media/image_clips/637efdc09b07480016d8b1ee/original.jpg?1669266880,1080 TWD,in stock,new
62b67e0f25067300187bbcb5:62b67e0f613cb5000fed07a1,FM SHOES 圓頭平底包鞋 米白(36-40),版 型偏大版(小一號購買) 產 地台灣 鞋 面仿牛紋面料 內 裏麂皮布內裡+舒適乳膠鞋墊 鞋 底橡膠防滑膠底 重 量550公克跟 型 筒 高筒 圍踝 圍 前跟高後跟高1cm內增高,https://www.fmshoes.com.tw/products/62b67e0f25067300187bbcb5?variation=62b67e0f613cb5000fed07a1,https://img.shoplineapp.com/media/image_clips/637efb30ebc5528314a1b7a6/original.jpg?1669266224,780 TWD,in stock,new
62b67e0f25067300187bbcb5:62b67e0f613cb5000fed07a2,FM SHOES 圓頭平底包鞋 米白(36-40),版 型偏大版(小一號購買) 產 地台灣 鞋 面仿牛紋面料 內 裏麂皮布內裡+舒適乳膠鞋墊 鞋 底橡膠防滑膠底 重 量550公克跟 型 筒 高筒 圍踝 圍 前跟高後跟高1cm內增高,https://www.fmshoes.com.tw/products/62b67e0f25067300187bbcb5?variation=62b67e0f613cb5000fed07a2,https://img.shoplineapp.com/media/image_clips/637efb30ebc5528314a1b7a6/original.jpg?1669266224,780 TWD,in stock,new
62b67e0f25067300187bbcb5:62b67e0f613cb5000fed07a3,FM SHOES 圓頭平底包鞋 米白(36-40),版 型偏大版(小一號購買) 產 地台灣 鞋 面仿牛紋面料 內 裏麂皮布內裡+舒適乳膠鞋墊 鞋 底橡膠防滑膠底 重 量550公克跟 型 筒 高筒 圍踝 圍 前跟高後跟高1cm內增高,https://www.fmshoes.com.tw/products/62b67e0f25067300187bbcb5?variation=62b67e0f613cb5000fed07a3,https://img.shoplineapp.com/media/image_clips/637efb30ebc5528314a1b7a6/original.jpg?1669266224,780 TWD,in stock,new
62b67e0f25067300187bbcb5:62b67e0f613cb5000fed07a4,FM SHOES 圓頭平底包鞋 米白(36-40),版 型偏大版(小一號購買) 產 地台灣 鞋 面仿牛紋面料 內 裏麂皮布內裡+舒適乳膠鞋墊 鞋 底橡膠防滑膠底 重 量550公克跟 型 筒 高筒 圍踝 圍 前跟高後跟高1cm內增高,https://www.fmshoes.com.tw/products/62b67e0f25067300187bbcb5?variation=62b67e0f613cb5000fed07a4,https://img.shoplineapp.com/media/image_clips/637efb30ebc5528314a1b7a6/original.jpg?1669266224,780 TWD,in stock,new
62b67e0f25067300187bbcb5:62b67e0f613cb5000fed07a5,FM SHOES 圓頭平底包鞋 米白(36-40),版 型偏大版(小一號購買) 產 地台灣 鞋 面仿牛紋面料 內 裏麂皮布內裡+舒適乳膠鞋墊 鞋 底橡膠防滑膠底 重 量550公克跟 型 筒 高筒 圍踝 圍 前跟高後跟高1cm內增高,https://www.fmshoes.com.tw/products/62b67e0f25067300187bbcb5?variation=62b67e0f613cb5000fed07a5,https://img.shoplineapp.com/media/image_clips/637efb30ebc5528314a1b7a6/original.jpg?1669266224,780 TWD,in stock,new
62b67e1b9608d100212c7da6:62b67e1b613cb5001eed07ac,FM SHOES 圓頭平底包鞋 粉(36-40),版 型偏大版(小一號購買) 產 地台灣 鞋 面仿牛紋面料 內 裏麂皮布內裡+舒適乳膠鞋墊 鞋 底橡膠防滑膠底 重 量550公克跟 型 筒 高筒 圍踝 圍 前跟高後跟高1cm內增高,https://www.fmshoes.com.tw/products/62b67e1b9608d100212c7da6?variation=62b67e1b613cb5001eed07ac,https://img.shoplineapp.com/media/image_clips/637eec6f49b760002edd503d/original.jpg?1669262446,780 TWD,in stock,new
62b67e1b9608d100212c7da6:62b67e1b613cb5001eed07ad,FM SHOES 圓頭平底包鞋 粉(36-40),版 型偏大版(小一號購買) 產 地台灣 鞋 面仿牛紋面料 內 裏麂皮布內裡+舒適乳膠鞋墊 鞋 底橡膠防滑膠底 重 量550公克跟 型 筒 高筒 圍踝 圍 前跟高後跟高1cm內增高,https://www.fmshoes.com.tw/products/62b67e1b9608d100212c7da6?variation=62b67e1b613cb5001eed07ad,https://img.shoplineapp.com/media/image_clips/637eec6f49b760002edd503d/original.jpg?1669262446,780 TWD,in stock,new
62b67e1b9608d100212c7da6:62b67e1b613cb5001eed07ae,FM SHOES 圓頭平底包鞋 粉(36-40),版 型偏大版(小一號購買) 產 地台灣 鞋 面仿牛紋面料 內 裏麂皮布內裡+舒適乳膠鞋墊 鞋 底橡膠防滑膠底 重 量550公克跟 型 筒 高筒 圍踝 圍 前跟高後跟高1cm內增高,https://www.fmshoes.com.tw/products/62b67e1b9608d100212c7da6?variation=62b67e1b613cb5001eed07ae,https://img.shoplineapp.com/media/image_clips/637eec6f49b760002edd503d/original.jpg?1669262446,780 TWD,in stock,new
62b67e1b9608d100212c7da6:62b67e1b613cb5001eed07af,FM SHOES 圓頭平底包鞋 粉(36-40),版 型偏大版(小一號購買) 產 地台灣 鞋 面仿牛紋面料 內 裏麂皮布內裡+舒適乳膠鞋墊 鞋 底橡膠防滑膠底 重 量550公克跟 型 筒 高筒 圍踝 圍 前跟高後跟高1cm內增高,https://www.fmshoes.com.tw/products/62b67e1b9608d100212c7da6?variation=62b67e1b613cb5001eed07af,https://img.shoplineapp.com/media/image_clips/637eec6f49b760002edd503d/original.jpg?1669262446,780 TWD,in stock,new
62b67e1b9608d100212c7da6:62b67e1b613cb5001eed07b0,FM SHOES 圓頭平底包鞋 粉(36-40),版 型偏大版(小一號購買) 產 地台灣 鞋 面仿牛紋面料 內 裏麂皮布內裡+舒適乳膠鞋墊 鞋 底橡膠防滑膠底 重 量550公克跟 型 筒 高筒 圍踝 圍 前跟高後跟高1cm內增高,https://www.fmshoes.com.tw/products/62b67e1b9608d100212c7da6?variation=62b67e1b613cb5001eed07b0,https://img.shoplineapp.com/media/image_clips/637eec6f49b760002edd503d/original.jpg?1669262446,780 TWD,in stock,new
62b67e2425067300157bbce5:62b67e2450d91e001fa771e0,FM SHOES 圓頭平底包鞋 酒紅(36-40),版 型偏大版(小一號購買) 產 地台灣 鞋 面仿牛紋面料 內 裏麂皮布內裡+舒適乳膠鞋墊 鞋 底橡膠防滑膠底 重 量550公克跟 型 筒 高筒 圍踝 圍 前跟高後跟高1cm內增高,https://www.fmshoes.com.tw/products/62b67e2425067300157bbce5?variation=62b67e2450d91e001fa771e0,https://img.shoplineapp.com/media/image_clips/637efafb947a920019918369/original.jpg?1669266170,780 TWD,in stock,new
62b67e2425067300157bbce5:62b67e2450d91e001fa771e1,FM SHOES 圓頭平底包鞋 酒紅(36-40),版 型偏大版(小一號購買) 產 地台灣 鞋 面仿牛紋面料 內 裏麂皮布內裡+舒適乳膠鞋墊 鞋 底橡膠防滑膠底 重 量550公克跟 型 筒 高筒 圍踝 圍 前跟高後跟高1cm內增高,https://www.fmshoes.com.tw/products/62b67e2425067300157bbce5?variation=62b67e2450d91e001fa771e1,https://img.shoplineapp.com/media/image_clips/637efafb947a920019918369/original.jpg?1669266170,780 TWD,in stock,new
62b67e2425067300157bbce5:62b67e2450d91e001fa771e2,FM SHOES 圓頭平底包鞋 酒紅(36-40),版 型偏大版(小一號購買) 產 地台灣 鞋 面仿牛紋面料 內 裏麂皮布內裡+舒適乳膠鞋墊 鞋 底橡膠防滑膠底 重 量550公克跟 型 筒 高筒 圍踝 圍 前跟高後跟高1cm內增高,https://www.fmshoes.com.tw/products/62b67e2425067300157bbce5?variation=62b67e2450d91e001fa771e2,https://img.shoplineapp.com/media/image_clips/637efafb947a920019918369/original.jpg?1669266170,780 TWD,in stock,new
62b67e2425067300157bbce5:62b67e2450d91e001fa771e3,FM SHOES 圓頭平底包鞋 酒紅(36-40),版 型偏大版(小一號購買) 產 地台灣 鞋 面仿牛紋面料 內 裏麂皮布內裡+舒適乳膠鞋墊 鞋 底橡膠防滑膠底 重 量550公克跟 型 筒 高筒 圍踝 圍 前跟高後跟高1cm內增高,https://www.fmshoes.com.tw/products/62b67e2425067300157bbce5?variation=62b67e2450d91e001fa771e3,https://img.shoplineapp.com/media/image_clips/637efafb947a920019918369/original.jpg?1669266170,780 TWD,in stock,new
62b67e2425067300157bbce5:62b67e2450d91e001fa771e4,FM SHOES 圓頭平底包鞋 酒紅(36-40),版 型偏大版(小一號購買) 產 地台灣 鞋 面仿牛紋面料 內 裏麂皮布內裡+舒適乳膠鞋墊 鞋 底橡膠防滑膠底 重 量550公克跟 型 筒 高筒 圍踝 圍 前跟高後跟高1cm內增高,https://www.fmshoes.com.tw/products/62b67e2425067300157bbce5?variation=62b67e2450d91e001fa771e4,https://img.shoplineapp.com/media/image_clips/637efafb947a920019918369/original.jpg?1669266170,780 TWD,in stock,new
62b67e2eea0c63002dd9c938:62b67e2e187f834d9a749f1a,FM SHOES 圓頭平底包鞋 灰藍(36-40),熱銷千雙的柔軟平底鞋，小資女孩必備,https://www.fmshoes.com.tw/products/62b67e2eea0c63002dd9c938?variation=62b67e2e187f834d9a749f1a,https://img.shoplineapp.com/media/image_clips/637efb193a2bd3001cf7aa1a/original.jpg?1669266200,780 TWD,in stock,new
62b67e2eea0c63002dd9c938:62b67e2e187f834d9a749f1b,FM SHOES 圓頭平底包鞋 灰藍(36-40),熱銷千雙的柔軟平底鞋，小資女孩必備,https://www.fmshoes.com.tw/products/62b67e2eea0c63002dd9c938?variation=62b67e2e187f834d9a749f1b,https://img.shoplineapp.com/media/image_clips/637efb193a2bd3001cf7aa1a/original.jpg?1669266200,780 TWD,in stock,new
62b67e2eea0c63002dd9c938:62b67e2e187f834d9a749f1c,FM SHOES 圓頭平底包鞋 灰藍(36-40),熱銷千雙的柔軟平底鞋，小資女孩必備,https://www.fmshoes.com.tw/products/62b67e2eea0c63002dd9c938?variation=62b67e2e187f834d9a749f1c,https://img.shoplineapp.com/media/image_clips/637efb193a2bd3001cf7aa1a/original.jpg?1669266200,780 TWD,in stock,new
62b67e2eea0c63002dd9c938:62b67e2e187f834d9a749f1d,FM SHOES 圓頭平底包鞋 灰藍(36-40),熱銷千雙的柔軟平底鞋，小資女孩必備,https://www.fmshoes.com.tw/products/62b67e2eea0c63002dd9c938?variation=62b67e2e187f834d9a749f1d,https://img.shoplineapp.com/media/image_clips/637efb193a2bd3001cf7aa1a/original.jpg?1669266200,780 TWD,in stock,new
62b67e2eea0c63002dd9c938:62b67e2e187f834d9a749f1e,FM SHOES 圓頭平底包鞋 灰藍(36-40),熱銷千雙的柔軟平底鞋，小資女孩必備,https://www.fmshoes.com.tw/products/62b67e2eea0c63002dd9c938?variation=62b67e2e187f834d9a749f1e,https://img.shoplineapp.com/media/image_clips/637efb193a2bd3001cf7aa1a/original.jpg?1669266200,780 TWD,in stock,new
62ba8ff09eccef00279c9398:62ba8ff0b55b8a001b404d5d,FM SHOES 全真皮綁帶休閒鞋 黑 Men(40-44),版 型 正常版(照原本尺寸購買)   產 地 台灣   鞋 面 真牛皮面料   內 裏 加厚乳膠內墊   鞋 底 橡膠防滑刻紋底   重 量 1100公克 跟 型     筒 高  筒 圍  踝 圍,https://www.fmshoes.com.tw/products/62ba8ff09eccef00279c9398?variation=62ba8ff0b55b8a001b404d5d,https://img.shoplineapp.com/media/image_clips/695762ca0e17e3e9610082e4/original.jpg?1767334601=&owner_id=627e1d404e691000311b0a4f,2280 TWD,in stock,new
62c2afa8d930f3002d023bcb:62c2afa8ee35163e165cc162,FM SHOES 萊卡內刷毛拼接高跟長靴 卡其(36-42),版 型 正常版(照原本尺寸購買)   產 地 韓國設計，中國製   鞋 面 萊卡+超纖皮料   內 裏 全筒絨毛內裡   鞋 底 橡膠防滑膠底   重 量 1250公克 跟 型     筒 高  筒 圍  踝,https://www.fmshoes.com.tw/products/62c2afa8d930f3002d023bcb?variation=62c2afa8ee35163e165cc162,https://img.shoplineapp.com/media/image_clips/637dcb52eba83b0019f6ce4b/original.jpg?1669188434,1680 TWD,in stock,new
62c2afa8d930f3002d023bcb:62c2afa8ee35163e165cc164,FM SHOES 萊卡內刷毛拼接高跟長靴 卡其(36-42),版 型 正常版(照原本尺寸購買)   產 地 韓國設計，中國製   鞋 面 萊卡+超纖皮料   內 裏 全筒絨毛內裡   鞋 底 橡膠防滑膠底   重 量 1250公克 跟 型     筒 高  筒 圍  踝,https://www.fmshoes.com.tw/products/62c2afa8d930f3002d023bcb?variation=62c2afa8ee35163e165cc164,https://img.shoplineapp.com/media/image_clips/637dcb52eba83b0019f6ce4b/original.jpg?1669188434,1680 TWD,in stock,new
62c2afa8d930f3002d023bcb:62c2afa8ee35163e165cc167,FM SHOES 萊卡內刷毛拼接高跟長靴 卡其(36-42),版 型 正常版(照原本尺寸購買)   產 地 韓國設計，中國製   鞋 面 萊卡+超纖皮料   內 裏 全筒絨毛內裡   鞋 底 橡膠防滑膠底   重 量 1250公克 跟 型     筒 高  筒 圍  踝,https://www.fmshoes.com.tw/products/62c2afa8d930f3002d023bcb?variation=62c2afa8ee35163e165cc167,https://img.shoplineapp.com/media/image_clips/637dcb52eba83b0019f6ce4b/original.jpg?1669188434,1680 TWD,in stock,new
62c7948284ab77001ac788d0:62c79482f6b5f7001c0573d5,NEUTRAL 涼感輕量氣墊鞋 杏,版 型 偏大版(小一號購買)   產 地 台灣   鞋 面 冰絲涼感飛織面料   內 裏 吸汗除臭腳床造型鞋墊   鞋 底 真氣墊防滑鞋底   重 量 610公克 跟 型     筒 高  筒 圍  踝 圍,https://www.fmshoes.com.tw/products/62c7948284ab77001ac788d0?variation=62c79482f6b5f7001c0573d5,https://img.shoplineapp.com/media/image_clips/66da731fc5623d001f7de0e7/original.jpg?1725592350,1480 TWD,in stock,new
62c7948284ab77001ac788d0:62c79482f6b5f7001c0573d6,NEUTRAL 涼感輕量氣墊鞋 杏,版 型 偏大版(小一號購買)   產 地 台灣   鞋 面 冰絲涼感飛織面料   內 裏 吸汗除臭腳床造型鞋墊   鞋 底 真氣墊防滑鞋底   重 量 610公克 跟 型     筒 高  筒 圍  踝 圍,https://www.fmshoes.com.tw/products/62c7948284ab77001ac788d0?variation=62c79482f6b5f7001c0573d6,https://img.shoplineapp.com/media/image_clips/66da731fc5623d001f7de0e7/original.jpg?1725592350,1480 TWD,in stock,new
62c7948284ab77001ac788d0:62c79482f6b5f7001c0573d7,NEUTRAL 涼感輕量氣墊鞋 杏,版 型 偏大版(小一號購買)   產 地 台灣   鞋 面 冰絲涼感飛織面料   內 裏 吸汗除臭腳床造型鞋墊   鞋 底 真氣墊防滑鞋底   重 量 610公克 跟 型     筒 高  筒 圍  踝 圍,https://www.fmshoes.com.tw/products/62c7948284ab77001ac788d0?variation=62c79482f6b5f7001c0573d7,https://img.shoplineapp.com/media/image_clips/66da731fc5623d001f7de0e7/original.jpg?1725592350,1480 TWD,in stock,new
62c7948284ab77001ac788d0:62c79482f6b5f7001c0573d8,NEUTRAL 涼感輕量氣墊鞋 杏,版 型 偏大版(小一號購買)   產 地 台灣   鞋 面 冰絲涼感飛織面料   內 裏 吸汗除臭腳床造型鞋墊   鞋 底 真氣墊防滑鞋底   重 量 610公克 跟 型     筒 高  筒 圍  踝 圍,https://www.fmshoes.com.tw/products/62c7948284ab77001ac788d0?variation=62c79482f6b5f7001c0573d8,https://img.shoplineapp.com/media/image_clips/66da731fc5623d001f7de0e7/original.jpg?1725592350,1480 TWD,in stock,new
62c7948284ab77001ac788d0:62c79482f6b5f7001c0573d9,NEUTRAL 涼感輕量氣墊鞋 杏,版 型 偏大版(小一號購買)   產 地 台灣   鞋 面 冰絲涼感飛織面料   內 裏 吸汗除臭腳床造型鞋墊   鞋 底 真氣墊防滑鞋底   重 量 610公克 跟 型     筒 高  筒 圍  踝 圍,https://www.fmshoes.com.tw/products/62c7948284ab77001ac788d0?variation=62c79482f6b5f7001c0573d9,https://img.shoplineapp.com/media/image_clips/66da731fc5623d001f7de0e7/original.jpg?1725592350,1480 TWD,in stock,new
62c7948284ab77001ac788d0:69f15f3cfaba390012c5bc09,NEUTRAL 涼感輕量氣墊鞋 杏,版 型 偏大版(小一號購買)   產 地 台灣   鞋 面 冰絲涼感飛織面料   內 裏 吸汗除臭腳床造型鞋墊   鞋 底 真氣墊防滑鞋底   重 量 610公克 跟 型     筒 高  筒 圍  踝 圍,https://www.fmshoes.com.tw/products/62c7948284ab77001ac788d0?variation=69f15f3cfaba390012c5bc09,https://img.shoplineapp.com/media/image_clips/66da731fc5623d001f7de0e7/original.jpg?1725592350,1480 TWD,in stock,new
62f9c3145131fb0013496e59:62f9c3146f72fe0009f1d2ff,NEUTRAL 海灘厚底夾腳拖 米白(36-42),版 型 偏大版(小一號購買)   產 地 台灣   鞋 面 EVA材質   內 裏 EVA腳床造型中底   鞋 底 EVA防滑膠底   重 量 350公克 跟 型     筒 高  筒 圍  踝 圍,https://www.fmshoes.com.tw/products/62f9c3145131fb0013496e59?variation=62f9c3146f72fe0009f1d2ff,https://img.shoplineapp.com/media/image_clips/64c229171b5aa200162c1ce0/original.jpg?1690446103,680 TWD,in stock,new
62f9c3145131fb0013496e59:62f9c3146f72fe0009f1d300,NEUTRAL 海灘厚底夾腳拖 米白(36-42),版 型 偏大版(小一號購買)   產 地 台灣   鞋 面 EVA材質   內 裏 EVA腳床造型中底   鞋 底 EVA防滑膠底   重 量 350公克 跟 型     筒 高  筒 圍  踝 圍,https://www.fmshoes.com.tw/products/62f9c3145131fb0013496e59?variation=62f9c3146f72fe0009f1d300,https://img.shoplineapp.com/media/image_clips/64c229171b5aa200162c1ce0/original.jpg?1690446103,680 TWD,in stock,new
63117a9938494e001f59677f:63117a997a1d432794d536f8,NEUTRAL 超輕免綁帶厚底休閒鞋  米粉(36-41),版 型 正常版(但腳版偏寬偏肉喜歡舒適可以大一號)   產 地 台灣   鞋 面 超纖皮料   內 裏 萊卡布料 + 記憶海綿鞋墊   鞋 底 輕量moudle止滑底   重 量 850公克 跟 型     筒 高  筒 圍,https://www.fmshoes.com.tw/products/63117a9938494e001f59677f?variation=63117a997a1d432794d536f8,https://img.shoplineapp.com/media/image_clips/66daab3f639caa0022d8b229/original.jpg?1725606718,1680 TWD,in stock,new
63117a9938494e001f59677f:63117a997a1d432794d536f9,NEUTRAL 超輕免綁帶厚底休閒鞋  米粉(36-41),版 型 正常版(但腳版偏寬偏肉喜歡舒適可以大一號)   產 地 台灣   鞋 面 超纖皮料   內 裏 萊卡布料 + 記憶海綿鞋墊   鞋 底 輕量moudle止滑底   重 量 850公克 跟 型     筒 高  筒 圍,https://www.fmshoes.com.tw/products/63117a9938494e001f59677f?variation=63117a997a1d432794d536f9,https://img.shoplineapp.com/media/image_clips/66daab3f639caa0022d8b229/original.jpg?1725606718,1680 TWD,in stock,new
63117b3d97da650031f515ae:63117b3d22b209001a4099fe,NEUTRAL 超輕免綁帶厚底休閒鞋  白黑(36-41),版 型 正常版(但腳版偏寬偏肉喜歡舒適可以大一號)   產 地 台灣   鞋 面 超纖皮料   內 裏 萊卡布料 + 記憶海綿鞋墊   鞋 底 輕量moudle止滑底   重 量 850公克 跟 型     筒 高  筒 圍,https://www.fmshoes.com.tw/products/63117b3d97da650031f515ae?variation=63117b3d22b209001a4099fe,https://img.shoplineapp.com/media/image_clips/66daab271d891c001f4a8885/original.jpg?1725606695,1680 TWD,in stock,new
63117b3d97da650031f515ae:63117b3d22b209001a4099ff,NEUTRAL 超輕免綁帶厚底休閒鞋  白黑(36-41),版 型 正常版(但腳版偏寬偏肉喜歡舒適可以大一號)   產 地 台灣   鞋 面 超纖皮料   內 裏 萊卡布料 + 記憶海綿鞋墊   鞋 底 輕量moudle止滑底   重 量 850公克 跟 型     筒 高  筒 圍,https://www.fmshoes.com.tw/products/63117b3d97da650031f515ae?variation=63117b3d22b209001a4099ff,https://img.shoplineapp.com/media/image_clips/66daab271d891c001f4a8885/original.jpg?1725606695,1680 TWD,in stock,new
63117b3d97da650031f515ae:63117b3d22b209001a409a00,NEUTRAL 超輕免綁帶厚底休閒鞋  白黑(36-41),版 型 正常版(但腳版偏寬偏肉喜歡舒適可以大一號)   產 地 台灣   鞋 面 超纖皮料   內 裏 萊卡布料 + 記憶海綿鞋墊   鞋 底 輕量moudle止滑底   重 量 850公克 跟 型     筒 高  筒 圍,https://www.fmshoes.com.tw/products/63117b3d97da650031f515ae?variation=63117b3d22b209001a409a00,https://img.shoplineapp.com/media/image_clips/66daab271d891c001f4a8885/original.jpg?1725606695,1680 TWD,in stock,new
63117b3d97da650031f515ae:63117b3d22b209001a409a01,NEUTRAL 超輕免綁帶厚底休閒鞋  白黑(36-41),版 型 正常版(但腳版偏寬偏肉喜歡舒適可以大一號)   產 地 台灣   鞋 面 超纖皮料   內 裏 萊卡布料 + 記憶海綿鞋墊   鞋 底 輕量moudle止滑底   重 量 850公克 跟 型     筒 高  筒 圍,https://www.fmshoes.com.tw/products/63117b3d97da650031f515ae?variation=63117b3d22b209001a409a01,https://img.shoplineapp.com/media/image_clips/66daab271d891c001f4a8885/original.jpg?1725606695,1680 TWD,in stock,new
63117ef6185dde003115a994:63117ef6eb7c4f000c6a87fb,FM SHOES 烤漆釦環樂福鞋 裸粉(36-42),版 型 正常版(但腳版偏寬偏肉喜歡舒適可以大一號)   產 地 韓國設計，中國製   鞋 面 仿牛紋面料   內 裏 透氣萊卡布+乳膠內墊   鞋 底 橡膠防滑膠底   重 量 850公克 跟 型     筒 高  筒 圍,https://www.fmshoes.com.tw/products/63117ef6185dde003115a994?variation=63117ef6eb7c4f000c6a87fb,https://img.shoplineapp.com/media/image_clips/637dc1c9ea0973001f6f7842/original.jpg?1669185992,1480 TWD,in stock,new
63117ef6185dde003115a994:63117ef6eb7c4f000c6a87fc,FM SHOES 烤漆釦環樂福鞋 裸粉(36-42),版 型 正常版(但腳版偏寬偏肉喜歡舒適可以大一號)   產 地 韓國設計，中國製   鞋 面 仿牛紋面料   內 裏 透氣萊卡布+乳膠內墊   鞋 底 橡膠防滑膠底   重 量 850公克 跟 型     筒 高  筒 圍,https://www.fmshoes.com.tw/products/63117ef6185dde003115a994?variation=63117ef6eb7c4f000c6a87fc,https://img.shoplineapp.com/media/image_clips/637dc1c9ea0973001f6f7842/original.jpg?1669185992,1480 TWD,in stock,new
63117ef6185dde003115a994:63117ef6eb7c4f000c6a87fd,FM SHOES 烤漆釦環樂福鞋 裸粉(36-42),版 型 正常版(但腳版偏寬偏肉喜歡舒適可以大一號)   產 地 韓國設計，中國製   鞋 面 仿牛紋面料   內 裏 透氣萊卡布+乳膠內墊   鞋 底 橡膠防滑膠底   重 量 850公克 跟 型     筒 高  筒 圍,https://www.fmshoes.com.tw/products/63117ef6185dde003115a994?variation=63117ef6eb7c4f000c6a87fd,https://img.shoplineapp.com/media/image_clips/637dc1c9ea0973001f6f7842/original.jpg?1669185992,1480 TWD,in stock,new
63117ef6185dde003115a994:63117ef6eb7c4f000c6a87fe,FM SHOES 烤漆釦環樂福鞋 裸粉(36-42),版 型 正常版(但腳版偏寬偏肉喜歡舒適可以大一號)   產 地 韓國設計，中國製   鞋 面 仿牛紋面料   內 裏 透氣萊卡布+乳膠內墊   鞋 底 橡膠防滑膠底   重 量 850公克 跟 型     筒 高  筒 圍,https://www.fmshoes.com.tw/products/63117ef6185dde003115a994?variation=63117ef6eb7c4f000c6a87fe,https://img.shoplineapp.com/media/image_clips/637dc1c9ea0973001f6f7842/original.jpg?1669185992,1480 TWD,in stock,new
63117ef6185dde003115a994:63117ef6eb7c4f000c6a87ff,FM SHOES 烤漆釦環樂福鞋 裸粉(36-42),版 型 正常版(但腳版偏寬偏肉喜歡舒適可以大一號)   產 地 韓國設計，中國製   鞋 面 仿牛紋面料   內 裏 透氣萊卡布+乳膠內墊   鞋 底 橡膠防滑膠底   重 量 850公克 跟 型     筒 高  筒 圍,https://www.fmshoes.com.tw/products/63117ef6185dde003115a994?variation=63117ef6eb7c4f000c6a87ff,https://img.shoplineapp.com/media/image_clips/637dc1c9ea0973001f6f7842/original.jpg?1669185992,1480 TWD,in stock,new
63117ef6185dde003115a994:63117ef6eb7c4f000c6a8800,FM SHOES 烤漆釦環樂福鞋 裸粉(36-42),版 型 正常版(但腳版偏寬偏肉喜歡舒適可以大一號)   產 地 韓國設計，中國製   鞋 面 仿牛紋面料   內 裏 透氣萊卡布+乳膠內墊   鞋 底 橡膠防滑膠底   重 量 850公克 跟 型     筒 高  筒 圍,https://www.fmshoes.com.tw/products/63117ef6185dde003115a994?variation=63117ef6eb7c4f000c6a8800,https://img.shoplineapp.com/media/image_clips/637dc1c9ea0973001f6f7842/original.jpg?1669185992,1480 TWD,in stock,new
63117f86508989001fc0a959:63117f8634cc870009d3bf02,FM SHOES 烤漆釦環樂福鞋 黑(36-42),版 型 正常版(但腳版偏寬偏肉喜歡舒適可以大一號)   產 地 韓國設計，中國製   鞋 面 仿牛紋面料   內 裏 透氣萊卡布+乳膠內墊   鞋 底 橡膠防滑膠底   重 量 850公克 跟 型     筒 高  筒 圍,https://www.fmshoes.com.tw/products/63117f86508989001fc0a959?variation=63117f8634cc870009d3bf02,https://img.shoplineapp.com/media/image_clips/637dc1ee856d9e002ee0d6d2/original.jpg?1669186030,1480 TWD,in stock,new
63117f86508989001fc0a959:63117f8634cc870009d3bf04,FM SHOES 烤漆釦環樂福鞋 黑(36-42),版 型 正常版(但腳版偏寬偏肉喜歡舒適可以大一號)   產 地 韓國設計，中國製   鞋 面 仿牛紋面料   內 裏 透氣萊卡布+乳膠內墊   鞋 底 橡膠防滑膠底   重 量 850公克 跟 型     筒 高  筒 圍,https://www.fmshoes.com.tw/products/63117f86508989001fc0a959?variation=63117f8634cc870009d3bf04,https://img.shoplineapp.com/media/image_clips/637dc1ee856d9e002ee0d6d2/original.jpg?1669186030,1480 TWD,in stock,new
63117f86508989001fc0a959:63117f8634cc870009d3bf05,FM SHOES 烤漆釦環樂福鞋 黑(36-42),版 型 正常版(但腳版偏寬偏肉喜歡舒適可以大一號)   產 地 韓國設計，中國製   鞋 面 仿牛紋面料   內 裏 透氣萊卡布+乳膠內墊   鞋 底 橡膠防滑膠底   重 量 850公克 跟 型     筒 高  筒 圍,https://www.fmshoes.com.tw/products/63117f86508989001fc0a959?variation=63117f8634cc870009d3bf05,https://img.shoplineapp.com/media/image_clips/637dc1ee856d9e002ee0d6d2/original.jpg?1669186030,1480 TWD,in stock,new
6311aba2cfe6c8002262dd77:6311aba211ed0c000cdd1bc1,FM SHOES 方頭貓跟襪靴 杏(36-42),版 型 偏小版(大一號購買)   產 地 韓國設計，中國製   鞋 面 彈性超纖皮料   內 裏 透氣人造豚皮鞋墊+舒適乳膠內墊   鞋 底 橡膠防滑膠底   重 量 900公克 跟 型     筒 高  筒 圍,https://www.fmshoes.com.tw/products/6311aba2cfe6c8002262dd77?variation=6311aba211ed0c000cdd1bc1,https://img.shoplineapp.com/media/image_clips/637dc11a051c560025f0fac1/original.jpg?1669185818,1880 TWD,in stock,new
6311aba2cfe6c8002262dd77:6311aba211ed0c000cdd1bc2,FM SHOES 方頭貓跟襪靴 杏(36-42),版 型 偏小版(大一號購買)   產 地 韓國設計，中國製   鞋 面 彈性超纖皮料   內 裏 透氣人造豚皮鞋墊+舒適乳膠內墊   鞋 底 橡膠防滑膠底   重 量 900公克 跟 型     筒 高  筒 圍,https://www.fmshoes.com.tw/products/6311aba2cfe6c8002262dd77?variation=6311aba211ed0c000cdd1bc2,https://img.shoplineapp.com/media/image_clips/637dc11a051c560025f0fac1/original.jpg?1669185818,1880 TWD,in stock,new
6311aba2cfe6c8002262dd77:6311aba211ed0c000cdd1bc4,FM SHOES 方頭貓跟襪靴 杏(36-42),版 型 偏小版(大一號購買)   產 地 韓國設計，中國製   鞋 面 彈性超纖皮料   內 裏 透氣人造豚皮鞋墊+舒適乳膠內墊   鞋 底 橡膠防滑膠底   重 量 900公克 跟 型     筒 高  筒 圍,https://www.fmshoes.com.tw/products/6311aba2cfe6c8002262dd77?variation=6311aba211ed0c000cdd1bc4,https://img.shoplineapp.com/media/image_clips/637dc11a051c560025f0fac1/original.jpg?1669185818,1880 TWD,in stock,new
6311aba2cfe6c8002262dd77:6311aba211ed0c000cdd1bc5,FM SHOES 方頭貓跟襪靴 杏(36-42),版 型 偏小版(大一號購買)   產 地 韓國設計，中國製   鞋 面 彈性超纖皮料   內 裏 透氣人造豚皮鞋墊+舒適乳膠內墊   鞋 底 橡膠防滑膠底   重 量 900公克 跟 型     筒 高  筒 圍,https://www.fmshoes.com.tw/products/6311aba2cfe6c8002262dd77?variation=6311aba211ed0c000cdd1bc5,https://img.shoplineapp.com/media/image_clips/637dc11a051c560025f0fac1/original.jpg?1669185818,1880 TWD,in stock,new
6311aba2cfe6c8002262dd77:6311aba211ed0c000cdd1bc6,FM SHOES 方頭貓跟襪靴 杏(36-42),版 型 偏小版(大一號購買)   產 地 韓國設計，中國製   鞋 面 彈性超纖皮料   內 裏 透氣人造豚皮鞋墊+舒適乳膠內墊   鞋 底 橡膠防滑膠底   重 量 900公克 跟 型     筒 高  筒 圍,https://www.fmshoes.com.tw/products/6311aba2cfe6c8002262dd77?variation=6311aba211ed0c000cdd1bc6,https://img.shoplineapp.com/media/image_clips/637dc11a051c560025f0fac1/original.jpg?1669185818,1880 TWD,in stock,new
6311aba2cfe6c8002262dd77:6311aba211ed0c000cdd1bc7,FM SHOES 方頭貓跟襪靴 杏(36-42),版 型 偏小版(大一號購買)   產 地 韓國設計，中國製   鞋 面 彈性超纖皮料   內 裏 透氣人造豚皮鞋墊+舒適乳膠內墊   鞋 底 橡膠防滑膠底   重 量 900公克 跟 型     筒 高  筒 圍,https://www.fmshoes.com.tw/products/6311aba2cfe6c8002262dd77?variation=6311aba211ed0c000cdd1bc7,https://img.shoplineapp.com/media/image_clips/637dc11a051c560025f0fac1/original.jpg?1669185818,1880 TWD,in stock,new
63282233a465570031e8f165:63282233f67bab00162a7891,NEUTRAL 免綁帶防潑水後踩餅乾鞋 黑(36-41),版 型 正常版(照原本尺寸購買)   產 地 台灣   鞋 面 防潑水厚織帆布面料   內 裏 網布乳膠記憶鞋墊   鞋 底 橡膠防滑刻紋底   重 量 850公克 跟 型     筒 高  筒 圍  踝 圍,https://www.fmshoes.com.tw/products/63282233a465570031e8f165?variation=63282233f67bab00162a7891,https://img.shoplineapp.com/media/image_clips/66d96493326abd000d8c5eee/original.jpg?1725523091,1480 TWD,in stock,new
63282233a465570031e8f165:63282233f67bab00162a7892,NEUTRAL 免綁帶防潑水後踩餅乾鞋 黑(36-41),版 型 正常版(照原本尺寸購買)   產 地 台灣   鞋 面 防潑水厚織帆布面料   內 裏 網布乳膠記憶鞋墊   鞋 底 橡膠防滑刻紋底   重 量 850公克 跟 型     筒 高  筒 圍  踝 圍,https://www.fmshoes.com.tw/products/63282233a465570031e8f165?variation=63282233f67bab00162a7892,https://img.shoplineapp.com/media/image_clips/66d96493326abd000d8c5eee/original.jpg?1725523091,1480 TWD,in stock,new
63282275902ba4002844c679:63282275f67bab00192a7881,NEUTRAL 免綁帶防潑水後踩餅乾鞋 奶茶(36-41),版 型 正常版(照原本尺寸購買)   產 地 台灣   鞋 面 防潑水厚織帆布面料   內 裏 網布乳膠記憶鞋墊   鞋 底 橡膠防滑刻紋底   重 量 850公克 跟 型     筒 高  筒 圍  踝 圍,https://www.fmshoes.com.tw/products/63282275902ba4002844c679?variation=63282275f67bab00192a7881,https://img.shoplineapp.com/media/image_clips/66daa59baef1c5002214285d/original.jpg?1725605275,1480 TWD,in stock,new
632a7af1e0f58d00199ad41e:632a7af12531be000cf4979a,Melissa x Campana Papel Brushed 鳥巢平底鞋 白,Melissa x Campana Papel Brushed 鳥巢平底鞋 白,https://www.fmshoes.com.tw/products/632a7af1e0f58d00199ad41e?variation=632a7af12531be000cf4979a,https://img.shoplineapp.com/media/image_clips/64c8a24dc9cb0c00135e74f9/original.jpg?1690870348,2580 TWD,in stock,new
632a7b153fcf08002b6d2e5e:632a7b15ca07f3000861b808,Melissa x Campana Papel Brushed 鳥巢平底鞋 黃,Melissa x Campana Papel Brushed 鳥巢平底鞋 黃,https://www.fmshoes.com.tw/products/632a7b153fcf08002b6d2e5e?variation=632a7b15ca07f3000861b808,https://img.shoplineapp.com/media/image_clips/64c8a2180b11c9000d33300e/original.jpg?1690870296,2580 TWD,in stock,new
632a7b153fcf08002b6d2e5e:632a7b15ca07f3000861b809,Melissa x Campana Papel Brushed 鳥巢平底鞋 黃,Melissa x Campana Papel Brushed 鳥巢平底鞋 黃,https://www.fmshoes.com.tw/products/632a7b153fcf08002b6d2e5e?variation=632a7b15ca07f3000861b809,https://img.shoplineapp.com/media/image_clips/64c8a2180b11c9000d33300e/original.jpg?1690870296,2580 TWD,in stock,new
632a826ac7fbff0022576a24:632a8269ca07f3001161b754,Melissa Aranha 方頭果凍漁夫鞋 粉,Melissa Aranha 方頭果凍漁夫鞋 粉,https://www.fmshoes.com.tw/products/632a826ac7fbff0022576a24?variation=632a8269ca07f3001161b754,https://img.shoplineapp.com/media/image_clips/64c8a3a0562fe500135b91e5/original.jpg?1690870688,2280 TWD,in stock,new
632a8289ff94aa00224108f6:632a82893235a50012764097,Melissa Aranha 方頭果凍漁夫鞋 白,Melissa Aranha 方頭果凍漁夫鞋 白,https://www.fmshoes.com.tw/products/632a8289ff94aa00224108f6?variation=632a82893235a50012764097,https://img.shoplineapp.com/media/image_clips/64c8a38ba8463f00169f2fd7/original.jpg?1690870667,2280 TWD,in stock,new
632a83d1287155001cb498f5:632a83d1f7c3b20013f05dfc,Melissa ULTRAGIRL 經典小魚口平底鞋 黑,Melissa ULTRAGIRL 經典小魚口平底鞋 黑,https://www.fmshoes.com.tw/products/632a83d1287155001cb498f5?variation=632a83d1f7c3b20013f05dfc,https://img.shoplineapp.com/media/image_clips/64c8a44b115abc0010453919/original.jpg?1690870859,2280 TWD,in stock,new
632bc429e6d346002b7c3ed8:632bc4299ceca4000f65fbba,Ipanema tancolors 彩虹鞋 女款 淺藍,Ipanema tancolors 彩虹鞋 女款 淺藍,https://www.fmshoes.com.tw/products/632bc429e6d346002b7c3ed8?variation=632bc4299ceca4000f65fbba,https://img.shoplineapp.com/media/image_clips/64c89e7f7f8a1a001625bb2f/original.jpg?1690869375,780 TWD,in stock,new
633283eadd627c001f47baaa:633283eaf2c694000c4486fb,NEUTRAL 防潑水可後踩餅乾鞋 深灰(36-41),版 型 正常版(照原本尺寸購買)   產 地 台灣   鞋 面 防潑水超纖皮料   內 裏 透氣棉布內裡+透氣泡棉鞋墊   鞋 底 橡膠防滑刻紋底   重 量 750公克 跟 型     筒 高  筒 圍,https://www.fmshoes.com.tw/products/633283eadd627c001f47baaa?variation=633283eaf2c694000c4486fb,https://img.shoplineapp.com/media/image_clips/66daa489430b7a00162b386f/original.jpg?1725605001,1480 TWD,in stock,new
633283eadd627c001f47baaa:633283eaf2c694000c4486fc,NEUTRAL 防潑水可後踩餅乾鞋 深灰(36-41),版 型 正常版(照原本尺寸購買)   產 地 台灣   鞋 面 防潑水超纖皮料   內 裏 透氣棉布內裡+透氣泡棉鞋墊   鞋 底 橡膠防滑刻紋底   重 量 750公克 跟 型     筒 高  筒 圍,https://www.fmshoes.com.tw/products/633283eadd627c001f47baaa?variation=633283eaf2c694000c4486fc,https://img.shoplineapp.com/media/image_clips/66daa489430b7a00162b386f/original.jpg?1725605001,1480 TWD,in stock,new
6358d61a25b5df0010158812:6358d61943d23570def7c8ad,FM SHOES 防潑水厚底鋸齒工程靴 黑(36-41),版 型 正常版(但腳版偏寬偏肉喜歡舒適可以大一號)   產 地 韓國設計，中國製   鞋 面 仿牛紋面料   內 裏 透氣棉布內裡+透氣泡棉鞋墊   鞋 底 橡膠防滑刻紋底   重 量 900公克 跟 型     筒 高,https://www.fmshoes.com.tw/products/6358d61a25b5df0010158812?variation=6358d61943d23570def7c8ad,https://img.shoplineapp.com/media/image_clips/637db2a67a6645001367bc4e/original.jpg?1669182117,1680 TWD,in stock,new
6358d61a25b5df0010158812:6358d61943d23570def7c8ae,FM SHOES 防潑水厚底鋸齒工程靴 黑(36-41),版 型 正常版(但腳版偏寬偏肉喜歡舒適可以大一號)   產 地 韓國設計，中國製   鞋 面 仿牛紋面料   內 裏 透氣棉布內裡+透氣泡棉鞋墊   鞋 底 橡膠防滑刻紋底   重 量 900公克 跟 型     筒 高,https://www.fmshoes.com.tw/products/6358d61a25b5df0010158812?variation=6358d61943d23570def7c8ae,https://img.shoplineapp.com/media/image_clips/637db2a67a6645001367bc4e/original.jpg?1669182117,1680 TWD,in stock,new
6358d61a25b5df0010158812:6358d61943d23570def7c8af,FM SHOES 防潑水厚底鋸齒工程靴 黑(36-41),版 型 正常版(但腳版偏寬偏肉喜歡舒適可以大一號)   產 地 韓國設計，中國製   鞋 面 仿牛紋面料   內 裏 透氣棉布內裡+透氣泡棉鞋墊   鞋 底 橡膠防滑刻紋底   重 量 900公克 跟 型     筒 高,https://www.fmshoes.com.tw/products/6358d61a25b5df0010158812?variation=6358d61943d23570def7c8af,https://img.shoplineapp.com/media/image_clips/637db2a67a6645001367bc4e/original.jpg?1669182117,1680 TWD,in stock,new
6358d61a25b5df0010158812:6358d61943d23570def7c8b0,FM SHOES 防潑水厚底鋸齒工程靴 黑(36-41),版 型 正常版(但腳版偏寬偏肉喜歡舒適可以大一號)   產 地 韓國設計，中國製   鞋 面 仿牛紋面料   內 裏 透氣棉布內裡+透氣泡棉鞋墊   鞋 底 橡膠防滑刻紋底   重 量 900公克 跟 型     筒 高,https://www.fmshoes.com.tw/products/6358d61a25b5df0010158812?variation=6358d61943d23570def7c8b0,https://img.shoplineapp.com/media/image_clips/637db2a67a6645001367bc4e/original.jpg?1669182117,1680 TWD,in stock,new
6358d61a25b5df0010158812:6358d61943d23570def7c8b2,FM SHOES 防潑水厚底鋸齒工程靴 黑(36-41),版 型 正常版(但腳版偏寬偏肉喜歡舒適可以大一號)   產 地 韓國設計，中國製   鞋 面 仿牛紋面料   內 裏 透氣棉布內裡+透氣泡棉鞋墊   鞋 底 橡膠防滑刻紋底   重 量 900公克 跟 型     筒 高,https://www.fmshoes.com.tw/products/6358d61a25b5df0010158812?variation=6358d61943d23570def7c8b2,https://img.shoplineapp.com/media/image_clips/637db2a67a6645001367bc4e/original.jpg?1669182117,1680 TWD,in stock,new
6358d75df3454a001371f33e:6358d75dff38fc001eaf427e,FM SHOES 防潑水厚底鋸齒工程靴 杏(36-41),FM SHOES 防潑水厚底鋸齒工程靴，杏色款式。仿牛紋面料 ，搭配透氣棉布內裡+透氣泡棉鞋墊，防滑的橡膠防滑刻紋底，讓你外出踏青、日常穿搭，都是一雙適合各個場合的工程靴。,https://www.fmshoes.com.tw/products/6358d75df3454a001371f33e?variation=6358d75dff38fc001eaf427e,https://img.shoplineapp.com/media/image_clips/637db313506d7f001c1284c2/original.jpg?1669182227,1680 TWD,in stock,new
6358d75df3454a001371f33e:6358d75dff38fc001eaf427f,FM SHOES 防潑水厚底鋸齒工程靴 杏(36-41),FM SHOES 防潑水厚底鋸齒工程靴，杏色款式。仿牛紋面料 ，搭配透氣棉布內裡+透氣泡棉鞋墊，防滑的橡膠防滑刻紋底，讓你外出踏青、日常穿搭，都是一雙適合各個場合的工程靴。,https://www.fmshoes.com.tw/products/6358d75df3454a001371f33e?variation=6358d75dff38fc001eaf427f,https://img.shoplineapp.com/media/image_clips/637db313506d7f001c1284c2/original.jpg?1669182227,1680 TWD,in stock,new
6358d75df3454a001371f33e:6358d75dff38fc001eaf4280,FM SHOES 防潑水厚底鋸齒工程靴 杏(36-41),FM SHOES 防潑水厚底鋸齒工程靴，杏色款式。仿牛紋面料 ，搭配透氣棉布內裡+透氣泡棉鞋墊，防滑的橡膠防滑刻紋底，讓你外出踏青、日常穿搭，都是一雙適合各個場合的工程靴。,https://www.fmshoes.com.tw/products/6358d75df3454a001371f33e?variation=6358d75dff38fc001eaf4280,https://img.shoplineapp.com/media/image_clips/637db313506d7f001c1284c2/original.jpg?1669182227,1680 TWD,in stock,new
6358d75df3454a001371f33e:6358d75dff38fc001eaf4281,FM SHOES 防潑水厚底鋸齒工程靴 杏(36-41),FM SHOES 防潑水厚底鋸齒工程靴，杏色款式。仿牛紋面料 ，搭配透氣棉布內裡+透氣泡棉鞋墊，防滑的橡膠防滑刻紋底，讓你外出踏青、日常穿搭，都是一雙適合各個場合的工程靴。,https://www.fmshoes.com.tw/products/6358d75df3454a001371f33e?variation=6358d75dff38fc001eaf4281,https://img.shoplineapp.com/media/image_clips/637db313506d7f001c1284c2/original.jpg?1669182227,1680 TWD,in stock,new
63a55f50f9d4fb0010134ff3:63a55f50e807510015ea6762,FM SHOES 鋸齒工程長靴 黑(36-41),版 型 正常版(但腳版偏寬偏肉喜歡舒適可以大一號)   產 地 韓國設計，中國製   鞋 面 彈性萊卡皮料   內 裏 透氣萊卡布+乳膠內墊   鞋 底 橡膠防滑刻紋底   重 量 1500公克 跟 型     筒 高  筒,https://www.fmshoes.com.tw/products/63a55f50f9d4fb0010134ff3?variation=63a55f50e807510015ea6762,https://img.shoplineapp.com/media/image_clips/63a55e34c6a28e001d9906d0/original.jpg?1671781940,1880 TWD,in stock,new
63a55f50f9d4fb0010134ff3:63a55f50e807510015ea6763,FM SHOES 鋸齒工程長靴 黑(36-41),版 型 正常版(但腳版偏寬偏肉喜歡舒適可以大一號)   產 地 韓國設計，中國製   鞋 面 彈性萊卡皮料   內 裏 透氣萊卡布+乳膠內墊   鞋 底 橡膠防滑刻紋底   重 量 1500公克 跟 型     筒 高  筒,https://www.fmshoes.com.tw/products/63a55f50f9d4fb0010134ff3?variation=63a55f50e807510015ea6763,https://img.shoplineapp.com/media/image_clips/63a55e34c6a28e001d9906d0/original.jpg?1671781940,1880 TWD,in stock,new
63a55f50f9d4fb0010134ff3:63a55f50e807510015ea6764,FM SHOES 鋸齒工程長靴 黑(36-41),版 型 正常版(但腳版偏寬偏肉喜歡舒適可以大一號)   產 地 韓國設計，中國製   鞋 面 彈性萊卡皮料   內 裏 透氣萊卡布+乳膠內墊   鞋 底 橡膠防滑刻紋底   重 量 1500公克 跟 型     筒 高  筒,https://www.fmshoes.com.tw/products/63a55f50f9d4fb0010134ff3?variation=63a55f50e807510015ea6764,https://img.shoplineapp.com/media/image_clips/63a55e34c6a28e001d9906d0/original.jpg?1671781940,1880 TWD,in stock,new
63a55f50f9d4fb0010134ff3:63a55f50e807510015ea6766,FM SHOES 鋸齒工程長靴 黑(36-41),版 型 正常版(但腳版偏寬偏肉喜歡舒適可以大一號)   產 地 韓國設計，中國製   鞋 面 彈性萊卡皮料   內 裏 透氣萊卡布+乳膠內墊   鞋 底 橡膠防滑刻紋底   重 量 1500公克 跟 型     筒 高  筒,https://www.fmshoes.com.tw/products/63a55f50f9d4fb0010134ff3?variation=63a55f50e807510015ea6766,https://img.shoplineapp.com/media/image_clips/63a55e34c6a28e001d9906d0/original.jpg?1671781940,1880 TWD,in stock,new
63a55ffd5eb53560914d5ac8:63a55ffdeba8c6000919cf6e,FM SHOES 鋸齒工程長靴 灰咖(36-41),版 型 正常版(但腳版偏寬偏肉喜歡舒適可以大一號)   產 地 韓國設計，中國製   鞋 面 彈性萊卡皮料   內 裏 透氣萊卡布+乳膠內墊   鞋 底 橡膠防滑刻紋底   重 量 1500公克 跟 型     筒 高  筒,https://www.fmshoes.com.tw/products/63a55ffd5eb53560914d5ac8?variation=63a55ffdeba8c6000919cf6e,https://img.shoplineapp.com/media/image_clips/68f0409b323f81000c9b4b7b/original.jpg?1760575642=&owner_id=627e1d404e691000311b0a4f,1880 TWD,in stock,new
63a55ffd5eb53560914d5ac8:63a55ffdeba8c6000919cf6f,FM SHOES 鋸齒工程長靴 灰咖(36-41),版 型 正常版(但腳版偏寬偏肉喜歡舒適可以大一號)   產 地 韓國設計，中國製   鞋 面 彈性萊卡皮料   內 裏 透氣萊卡布+乳膠內墊   鞋 底 橡膠防滑刻紋底   重 量 1500公克 跟 型     筒 高  筒,https://www.fmshoes.com.tw/products/63a55ffd5eb53560914d5ac8?variation=63a55ffdeba8c6000919cf6f,https://img.shoplineapp.com/media/image_clips/68f0409b323f81000c9b4b7b/original.jpg?1760575642=&owner_id=627e1d404e691000311b0a4f,1880 TWD,in stock,new
63a55ffd5eb53560914d5ac8:63a55ffdeba8c6000919cf70,FM SHOES 鋸齒工程長靴 灰咖(36-41),版 型 正常版(但腳版偏寬偏肉喜歡舒適可以大一號)   產 地 韓國設計，中國製   鞋 面 彈性萊卡皮料   內 裏 透氣萊卡布+乳膠內墊   鞋 底 橡膠防滑刻紋底   重 量 1500公克 跟 型     筒 高  筒,https://www.fmshoes.com.tw/products/63a55ffd5eb53560914d5ac8?variation=63a55ffdeba8c6000919cf70,https://img.shoplineapp.com/media/image_clips/68f0409b323f81000c9b4b7b/original.jpg?1760575642=&owner_id=627e1d404e691000311b0a4f,1880 TWD,in stock,new
63a55ffd5eb53560914d5ac8:63a55ffdeba8c6000919cf71,FM SHOES 鋸齒工程長靴 灰咖(36-41),版 型 正常版(但腳版偏寬偏肉喜歡舒適可以大一號)   產 地 韓國設計，中國製   鞋 面 彈性萊卡皮料   內 裏 透氣萊卡布+乳膠內墊   鞋 底 橡膠防滑刻紋底   重 量 1500公克 跟 型     筒 高  筒,https://www.fmshoes.com.tw/products/63a55ffd5eb53560914d5ac8?variation=63a55ffdeba8c6000919cf71,https://img.shoplineapp.com/media/image_clips/68f0409b323f81000c9b4b7b/original.jpg?1760575642=&owner_id=627e1d404e691000311b0a4f,1880 TWD,in stock,new
63a55ffd5eb53560914d5ac8:63a55ffdeba8c6000919cf72,FM SHOES 鋸齒工程長靴 灰咖(36-41),版 型 正常版(但腳版偏寬偏肉喜歡舒適可以大一號)   產 地 韓國設計，中國製   鞋 面 彈性萊卡皮料   內 裏 透氣萊卡布+乳膠內墊   鞋 底 橡膠防滑刻紋底   重 量 1500公克 跟 型     筒 高  筒,https://www.fmshoes.com.tw/products/63a55ffd5eb53560914d5ac8?variation=63a55ffdeba8c6000919cf72,https://img.shoplineapp.com/media/image_clips/68f0409b323f81000c9b4b7b/original.jpg?1760575642=&owner_id=627e1d404e691000311b0a4f,1880 TWD,in stock,new
63f45c0ec0f32600112f6464,NEUTRAL X MrsBanana 香蕉太太聯名四分襪(3雙入),版 型    產 地    鞋 面    內 裏    鞋 底    重 量 150公克 跟 型     筒 高  筒 圍  踝 圍    前跟高  後跟高,https://www.fmshoes.com.tw/products/63f45c0ec0f32600112f6464,https://img.shoplineapp.com/media/image_clips/69a789a6d2ee100b85c6f15f/original.jpg?1772587429=&owner_id=627e1d404e691000311b0a4f,680 TWD,in stock,new
63ff0fa88c62680020dd2dc9,FM SHOES 環保購物袋 小,版 型    產 地 韓國   鞋 面    內 裏 尼龍   鞋 底    重 量 100公克 跟 型     筒 高  筒 圍  踝 圍    前跟高  後跟高,https://www.fmshoes.com.tw/products/63ff0fa88c62680020dd2dc9,https://img.shoplineapp.com/media/image_clips/69436142080e9e4d891ae6b3/original.jpg?1766023490=&owner_id=627e1d404e691000311b0a4f,280 TWD,in stock,new
641431f07ffbe6001197dbe3:641431ef476250001473a1f7,NEUTRAL 雙帶減壓厚底休閒拖鞋 綠(35-40),版 型 偏大版(小一號購買)   產 地 台灣   鞋 面 超纖速乾面料   內 裏 腳床造型EVA發泡內墊   鞋 底 橡膠EVA防滑膠底   重 量 850公克 跟 型     筒 高  筒 圍  踝 圍,https://www.fmshoes.com.tw/products/641431f07ffbe6001197dbe3?variation=641431ef476250001473a1f7,https://img.shoplineapp.com/media/image_clips/6957386a6994a494744030a7/original.jpg?1767323754=&owner_id=627e1d404e691000311b0a4f,1480 TWD,in stock,new
641431f07ffbe6001197dbe3:641431ef476250001473a1f8,NEUTRAL 雙帶減壓厚底休閒拖鞋 綠(35-40),版 型 偏大版(小一號購買)   產 地 台灣   鞋 面 超纖速乾面料   內 裏 腳床造型EVA發泡內墊   鞋 底 橡膠EVA防滑膠底   重 量 850公克 跟 型     筒 高  筒 圍  踝 圍,https://www.fmshoes.com.tw/products/641431f07ffbe6001197dbe3?variation=641431ef476250001473a1f8,https://img.shoplineapp.com/media/image_clips/6957386a6994a494744030a7/original.jpg?1767323754=&owner_id=627e1d404e691000311b0a4f,1480 TWD,in stock,new
641431f07ffbe6001197dbe3:641431ef476250001473a1f9,NEUTRAL 雙帶減壓厚底休閒拖鞋 綠(35-40),版 型 偏大版(小一號購買)   產 地 台灣   鞋 面 超纖速乾面料   內 裏 腳床造型EVA發泡內墊   鞋 底 橡膠EVA防滑膠底   重 量 850公克 跟 型     筒 高  筒 圍  踝 圍,https://www.fmshoes.com.tw/products/641431f07ffbe6001197dbe3?variation=641431ef476250001473a1f9,https://img.shoplineapp.com/media/image_clips/6957386a6994a494744030a7/original.jpg?1767323754=&owner_id=627e1d404e691000311b0a4f,1480 TWD,in stock,new
641431f07ffbe6001197dbe3:641431ef476250001473a1fa,NEUTRAL 雙帶減壓厚底休閒拖鞋 綠(35-40),版 型 偏大版(小一號購買)   產 地 台灣   鞋 面 超纖速乾面料   內 裏 腳床造型EVA發泡內墊   鞋 底 橡膠EVA防滑膠底   重 量 850公克 跟 型     筒 高  筒 圍  踝 圍,https://www.fmshoes.com.tw/products/641431f07ffbe6001197dbe3?variation=641431ef476250001473a1fa,https://img.shoplineapp.com/media/image_clips/6957386a6994a494744030a7/original.jpg?1767323754=&owner_id=627e1d404e691000311b0a4f,1480 TWD,in stock,new
641431f07ffbe6001197dbe3:641431ef476250001473a1fb,NEUTRAL 雙帶減壓厚底休閒拖鞋 綠(35-40),版 型 偏大版(小一號購買)   產 地 台灣   鞋 面 超纖速乾面料   內 裏 腳床造型EVA發泡內墊   鞋 底 橡膠EVA防滑膠底   重 量 850公克 跟 型     筒 高  筒 圍  踝 圍,https://www.fmshoes.com.tw/products/641431f07ffbe6001197dbe3?variation=641431ef476250001473a1fb,https://img.shoplineapp.com/media/image_clips/6957386a6994a494744030a7/original.jpg?1767323754=&owner_id=627e1d404e691000311b0a4f,1480 TWD,in stock,new
641432702e6fc50020ffa6e6:6414326fa515950c74205d4a,NEUTRAL 雙帶減壓厚底休閒拖鞋 粉(35-40),版 型 偏大版(小一號購買)   產 地 台灣   鞋 面 超纖速乾面料   內 裏 腳床造型EVA發泡內墊   鞋 底 橡膠EVA防滑膠底   重 量 850公克 跟 型     筒 高  筒 圍  踝 圍,https://www.fmshoes.com.tw/products/641432702e6fc50020ffa6e6?variation=6414326fa515950c74205d4a,https://img.shoplineapp.com/media/image_clips/69573e60fbaf487dc4b3f3fe/original.jpg?1767325280=&owner_id=627e1d404e691000311b0a4f,1480 TWD,in stock,new
641432702e6fc50020ffa6e6:6414326fa515950c74205d4b,NEUTRAL 雙帶減壓厚底休閒拖鞋 粉(35-40),版 型 偏大版(小一號購買)   產 地 台灣   鞋 面 超纖速乾面料   內 裏 腳床造型EVA發泡內墊   鞋 底 橡膠EVA防滑膠底   重 量 850公克 跟 型     筒 高  筒 圍  踝 圍,https://www.fmshoes.com.tw/products/641432702e6fc50020ffa6e6?variation=6414326fa515950c74205d4b,https://img.shoplineapp.com/media/image_clips/69573e60fbaf487dc4b3f3fe/original.jpg?1767325280=&owner_id=627e1d404e691000311b0a4f,1480 TWD,in stock,new
641432702e6fc50020ffa6e6:6414326fa515950c74205d4c,NEUTRAL 雙帶減壓厚底休閒拖鞋 粉(35-40),版 型 偏大版(小一號購買)   產 地 台灣   鞋 面 超纖速乾面料   內 裏 腳床造型EVA發泡內墊   鞋 底 橡膠EVA防滑膠底   重 量 850公克 跟 型     筒 高  筒 圍  踝 圍,https://www.fmshoes.com.tw/products/641432702e6fc50020ffa6e6?variation=6414326fa515950c74205d4c,https://img.shoplineapp.com/media/image_clips/69573e60fbaf487dc4b3f3fe/original.jpg?1767325280=&owner_id=627e1d404e691000311b0a4f,1480 TWD,in stock,new
641432702e6fc50020ffa6e6:6414326fa515950c74205d4d,NEUTRAL 雙帶減壓厚底休閒拖鞋 粉(35-40),版 型 偏大版(小一號購買)   產 地 台灣   鞋 面 超纖速乾面料   內 裏 腳床造型EVA發泡內墊   鞋 底 橡膠EVA防滑膠底   重 量 850公克 跟 型     筒 高  筒 圍  踝 圍,https://www.fmshoes.com.tw/products/641432702e6fc50020ffa6e6?variation=6414326fa515950c74205d4d,https://img.shoplineapp.com/media/image_clips/69573e60fbaf487dc4b3f3fe/original.jpg?1767325280=&owner_id=627e1d404e691000311b0a4f,1480 TWD,in stock,new
641432702e6fc50020ffa6e6:6414326fa515950c74205d4e,NEUTRAL 雙帶減壓厚底休閒拖鞋 粉(35-40),版 型 偏大版(小一號購買)   產 地 台灣   鞋 面 超纖速乾面料   內 裏 腳床造型EVA發泡內墊   鞋 底 橡膠EVA防滑膠底   重 量 850公克 跟 型     筒 高  筒 圍  踝 圍,https://www.fmshoes.com.tw/products/641432702e6fc50020ffa6e6?variation=6414326fa515950c74205d4e,https://img.shoplineapp.com/media/image_clips/69573e60fbaf487dc4b3f3fe/original.jpg?1767325280=&owner_id=627e1d404e691000311b0a4f,1480 TWD,in stock,new
641965063967000011020036:6419659cbd7952041156999f,NEUTRAL 防潑水拼接小白鞋 黑(36-41),NEUTRAL 系列防潑水拼接小白鞋，黑色款式。鞋面特選防潑水面料，耐髒易清潔。鞋內的除臭活性碳乳膠鞋墊，讓你全天輕鬆透氣。橡膠防滑刻紋底提供穩定緩衝，保證更安全的行走體驗。,https://www.fmshoes.com.tw/products/641965063967000011020036?variation=6419659cbd7952041156999f,https://img.shoplineapp.com/media/image_clips/64c22443511832001c5d5799/original.jpg?1690444867,1680 TWD,in stock,new
641965063967000011020036:6419659cbd795204115699a0,NEUTRAL 防潑水拼接小白鞋 黑(36-41),NEUTRAL 系列防潑水拼接小白鞋，黑色款式。鞋面特選防潑水面料，耐髒易清潔。鞋內的除臭活性碳乳膠鞋墊，讓你全天輕鬆透氣。橡膠防滑刻紋底提供穩定緩衝，保證更安全的行走體驗。,https://www.fmshoes.com.tw/products/641965063967000011020036?variation=6419659cbd795204115699a0,https://img.shoplineapp.com/media/image_clips/64c22443511832001c5d5799/original.jpg?1690444867,1680 TWD,in stock,new
641965063967000011020036:6419659cbd795204115699a2,NEUTRAL 防潑水拼接小白鞋 黑(36-41),NEUTRAL 系列防潑水拼接小白鞋，黑色款式。鞋面特選防潑水面料，耐髒易清潔。鞋內的除臭活性碳乳膠鞋墊，讓你全天輕鬆透氣。橡膠防滑刻紋底提供穩定緩衝，保證更安全的行走體驗。,https://www.fmshoes.com.tw/products/641965063967000011020036?variation=6419659cbd795204115699a2,https://img.shoplineapp.com/media/image_clips/64c22443511832001c5d5799/original.jpg?1690444867,1680 TWD,in stock,new
641965063967000011020036:6419659cbd795204115699a3,NEUTRAL 防潑水拼接小白鞋 黑(36-41),NEUTRAL 系列防潑水拼接小白鞋，黑色款式。鞋面特選防潑水面料，耐髒易清潔。鞋內的除臭活性碳乳膠鞋墊，讓你全天輕鬆透氣。橡膠防滑刻紋底提供穩定緩衝，保證更安全的行走體驗。,https://www.fmshoes.com.tw/products/641965063967000011020036?variation=6419659cbd795204115699a3,https://img.shoplineapp.com/media/image_clips/64c22443511832001c5d5799/original.jpg?1690444867,1680 TWD,in stock,new
641a7543b78bc100140ce47c:641a75436b06e000112e88c4,FM SHOES 金屬鎖釦後踩樂福鞋 黑(36-42),版 型 正常版(照原本尺寸購買)   產 地 台灣   鞋 面 超纖皮料   內 裏 透氣人造豚皮鞋墊+舒適乳膠內墊   鞋 底 橡膠防滑刻紋底   重 量 600公克 跟 型     筒 高  筒 圍  踝,https://www.fmshoes.com.tw/products/641a7543b78bc100140ce47c?variation=641a75436b06e000112e88c4,https://img.shoplineapp.com/media/image_clips/66e1262c6933ae00135164d2/original.jpg?1726031404,1280 TWD,in stock,new
641a7543b78bc100140ce47c:641a75436b06e000112e88c5,FM SHOES 金屬鎖釦後踩樂福鞋 黑(36-42),版 型 正常版(照原本尺寸購買)   產 地 台灣   鞋 面 超纖皮料   內 裏 透氣人造豚皮鞋墊+舒適乳膠內墊   鞋 底 橡膠防滑刻紋底   重 量 600公克 跟 型     筒 高  筒 圍  踝,https://www.fmshoes.com.tw/products/641a7543b78bc100140ce47c?variation=641a75436b06e000112e88c5,https://img.shoplineapp.com/media/image_clips/66e1262c6933ae00135164d2/original.jpg?1726031404,1280 TWD,in stock,new
641a7543b78bc100140ce47c:641a75436b06e000112e88c6,FM SHOES 金屬鎖釦後踩樂福鞋 黑(36-42),版 型 正常版(照原本尺寸購買)   產 地 台灣   鞋 面 超纖皮料   內 裏 透氣人造豚皮鞋墊+舒適乳膠內墊   鞋 底 橡膠防滑刻紋底   重 量 600公克 跟 型     筒 高  筒 圍  踝,https://www.fmshoes.com.tw/products/641a7543b78bc100140ce47c?variation=641a75436b06e000112e88c6,https://img.shoplineapp.com/media/image_clips/66e1262c6933ae00135164d2/original.jpg?1726031404,1280 TWD,in stock,new
641a7543b78bc100140ce47c:641a75436b06e000112e88c7,FM SHOES 金屬鎖釦後踩樂福鞋 黑(36-42),版 型 正常版(照原本尺寸購買)   產 地 台灣   鞋 面 超纖皮料   內 裏 透氣人造豚皮鞋墊+舒適乳膠內墊   鞋 底 橡膠防滑刻紋底   重 量 600公克 跟 型     筒 高  筒 圍  踝,https://www.fmshoes.com.tw/products/641a7543b78bc100140ce47c?variation=641a75436b06e000112e88c7,https://img.shoplineapp.com/media/image_clips/66e1262c6933ae00135164d2/original.jpg?1726031404,1280 TWD,in stock,new
641a7543b78bc100140ce47c:641a75436b06e000112e88c8,FM SHOES 金屬鎖釦後踩樂福鞋 黑(36-42),版 型 正常版(照原本尺寸購買)   產 地 台灣   鞋 面 超纖皮料   內 裏 透氣人造豚皮鞋墊+舒適乳膠內墊   鞋 底 橡膠防滑刻紋底   重 量 600公克 跟 型     筒 高  筒 圍  踝,https://www.fmshoes.com.tw/products/641a7543b78bc100140ce47c?variation=641a75436b06e000112e88c8,https://img.shoplineapp.com/media/image_clips/66e1262c6933ae00135164d2/original.jpg?1726031404,1280 TWD,in stock,new
641a7543b78bc100140ce47c:641a75436b06e000112e88c9,FM SHOES 金屬鎖釦後踩樂福鞋 黑(36-42),版 型 正常版(照原本尺寸購買)   產 地 台灣   鞋 面 超纖皮料   內 裏 透氣人造豚皮鞋墊+舒適乳膠內墊   鞋 底 橡膠防滑刻紋底   重 量 600公克 跟 型     筒 高  筒 圍  踝,https://www.fmshoes.com.tw/products/641a7543b78bc100140ce47c?variation=641a75436b06e000112e88c9,https://img.shoplineapp.com/media/image_clips/66e1262c6933ae00135164d2/original.jpg?1726031404,1280 TWD,in stock,new
641a76d8185a0400202d19b4:641a76d7e5e66c001e13c589,FM SHOES 金屬鎖釦後踩樂福鞋 杏(36-42),版 型 正常版(照原本尺寸購買)   產 地 台灣   鞋 面 超纖皮料   內 裏 透氣人造豚皮鞋墊+舒適乳膠內墊   鞋 底 橡膠防滑刻紋底   重 量 600公克 跟 型     筒 高  筒 圍  踝,https://www.fmshoes.com.tw/products/641a76d8185a0400202d19b4?variation=641a76d7e5e66c001e13c589,https://img.shoplineapp.com/media/image_clips/66e126619ebd15001fe7bd2b/original.jpg?1726031457,1280 TWD,in stock,new
641a76d8185a0400202d19b4:641a76d7e5e66c001e13c58a,FM SHOES 金屬鎖釦後踩樂福鞋 杏(36-42),版 型 正常版(照原本尺寸購買)   產 地 台灣   鞋 面 超纖皮料   內 裏 透氣人造豚皮鞋墊+舒適乳膠內墊   鞋 底 橡膠防滑刻紋底   重 量 600公克 跟 型     筒 高  筒 圍  踝,https://www.fmshoes.com.tw/products/641a76d8185a0400202d19b4?variation=641a76d7e5e66c001e13c58a,https://img.shoplineapp.com/media/image_clips/66e126619ebd15001fe7bd2b/original.jpg?1726031457,1280 TWD,in stock,new
641a77b3bfb67c001103db7a:641a77b3c147960e3888b367,FM SHOES 金屬鎖釦後踩樂福鞋 灰(36-42),版 型 正常版(照原本尺寸購買)   產 地 台灣   鞋 面 超纖皮料   內 裏 透氣人造豚皮鞋墊+舒適乳膠內墊   鞋 底 橡膠防滑刻紋底   重 量 600公克 跟 型     筒 高  筒 圍  踝,https://www.fmshoes.com.tw/products/641a77b3bfb67c001103db7a?variation=641a77b3c147960e3888b367,https://img.shoplineapp.com/media/image_clips/66e1264637e29a001c427a1b/original.jpg?1726031430,1280 TWD,in stock,new
641a77b3bfb67c001103db7a:641a77b3c147960e3888b368,FM SHOES 金屬鎖釦後踩樂福鞋 灰(36-42),版 型 正常版(照原本尺寸購買)   產 地 台灣   鞋 面 超纖皮料   內 裏 透氣人造豚皮鞋墊+舒適乳膠內墊   鞋 底 橡膠防滑刻紋底   重 量 600公克 跟 型     筒 高  筒 圍  踝,https://www.fmshoes.com.tw/products/641a77b3bfb67c001103db7a?variation=641a77b3c147960e3888b368,https://img.shoplineapp.com/media/image_clips/66e1264637e29a001c427a1b/original.jpg?1726031430,1280 TWD,in stock,new
641a77b3bfb67c001103db7a:641a77b3c147960e3888b369,FM SHOES 金屬鎖釦後踩樂福鞋 灰(36-42),版 型 正常版(照原本尺寸購買)   產 地 台灣   鞋 面 超纖皮料   內 裏 透氣人造豚皮鞋墊+舒適乳膠內墊   鞋 底 橡膠防滑刻紋底   重 量 600公克 跟 型     筒 高  筒 圍  踝,https://www.fmshoes.com.tw/products/641a77b3bfb67c001103db7a?variation=641a77b3c147960e3888b369,https://img.shoplineapp.com/media/image_clips/66e1264637e29a001c427a1b/original.jpg?1726031430,1280 TWD,in stock,new
641a77b3bfb67c001103db7a:641a77b3c147960e3888b36a,FM SHOES 金屬鎖釦後踩樂福鞋 灰(36-42),版 型 正常版(照原本尺寸購買)   產 地 台灣   鞋 面 超纖皮料   內 裏 透氣人造豚皮鞋墊+舒適乳膠內墊   鞋 底 橡膠防滑刻紋底   重 量 600公克 跟 型     筒 高  筒 圍  踝,https://www.fmshoes.com.tw/products/641a77b3bfb67c001103db7a?variation=641a77b3c147960e3888b36a,https://img.shoplineapp.com/media/image_clips/66e1264637e29a001c427a1b/original.jpg?1726031430,1280 TWD,in stock,new
641a77b3bfb67c001103db7a:641a77b3c147960e3888b36b,FM SHOES 金屬鎖釦後踩樂福鞋 灰(36-42),版 型 正常版(照原本尺寸購買)   產 地 台灣   鞋 面 超纖皮料   內 裏 透氣人造豚皮鞋墊+舒適乳膠內墊   鞋 底 橡膠防滑刻紋底   重 量 600公克 跟 型     筒 高  筒 圍  踝,https://www.fmshoes.com.tw/products/641a77b3bfb67c001103db7a?variation=641a77b3c147960e3888b36b,https://img.shoplineapp.com/media/image_clips/66e1264637e29a001c427a1b/original.jpg?1726031430,1280 TWD,in stock,new
641a77b3bfb67c001103db7a:641a77b3c147960e3888b36c,FM SHOES 金屬鎖釦後踩樂福鞋 灰(36-42),版 型 正常版(照原本尺寸購買)   產 地 台灣   鞋 面 超纖皮料   內 裏 透氣人造豚皮鞋墊+舒適乳膠內墊   鞋 底 橡膠防滑刻紋底   重 量 600公克 跟 型     筒 高  筒 圍  踝,https://www.fmshoes.com.tw/products/641a77b3bfb67c001103db7a?variation=641a77b3c147960e3888b36c,https://img.shoplineapp.com/media/image_clips/66e1264637e29a001c427a1b/original.jpg?1726031430,1280 TWD,in stock,new
641a7848084f0d001abb94ec:641a78470df875001ed8d789,FM SHOES 金屬鎖釦後踩樂福鞋 卡其(36-42),版 型 正常版(照原本尺寸購買)   產 地 台灣   鞋 面 超纖皮料   內 裏 透氣人造豚皮鞋墊+舒適乳膠內墊   鞋 底 橡膠防滑刻紋底   重 量 600公克 跟 型     筒 高  筒 圍  踝,https://www.fmshoes.com.tw/products/641a7848084f0d001abb94ec?variation=641a78470df875001ed8d789,https://img.shoplineapp.com/media/image_clips/66e126127add7e001351b6eb/original.jpg?1726031378,1280 TWD,in stock,new
641a7848084f0d001abb94ec:641a78470df875001ed8d78a,FM SHOES 金屬鎖釦後踩樂福鞋 卡其(36-42),版 型 正常版(照原本尺寸購買)   產 地 台灣   鞋 面 超纖皮料   內 裏 透氣人造豚皮鞋墊+舒適乳膠內墊   鞋 底 橡膠防滑刻紋底   重 量 600公克 跟 型     筒 高  筒 圍  踝,https://www.fmshoes.com.tw/products/641a7848084f0d001abb94ec?variation=641a78470df875001ed8d78a,https://img.shoplineapp.com/media/image_clips/66e126127add7e001351b6eb/original.jpg?1726031378,1280 TWD,in stock,new
641a7848084f0d001abb94ec:641a78470df875001ed8d78b,FM SHOES 金屬鎖釦後踩樂福鞋 卡其(36-42),版 型 正常版(照原本尺寸購買)   產 地 台灣   鞋 面 超纖皮料   內 裏 透氣人造豚皮鞋墊+舒適乳膠內墊   鞋 底 橡膠防滑刻紋底   重 量 600公克 跟 型     筒 高  筒 圍  踝,https://www.fmshoes.com.tw/products/641a7848084f0d001abb94ec?variation=641a78470df875001ed8d78b,https://img.shoplineapp.com/media/image_clips/66e126127add7e001351b6eb/original.jpg?1726031378,1280 TWD,in stock,new
641a7848084f0d001abb94ec:641a78470df875001ed8d78c,FM SHOES 金屬鎖釦後踩樂福鞋 卡其(36-42),版 型 正常版(照原本尺寸購買)   產 地 台灣   鞋 面 超纖皮料   內 裏 透氣人造豚皮鞋墊+舒適乳膠內墊   鞋 底 橡膠防滑刻紋底   重 量 600公克 跟 型     筒 高  筒 圍  踝,https://www.fmshoes.com.tw/products/641a7848084f0d001abb94ec?variation=641a78470df875001ed8d78c,https://img.shoplineapp.com/media/image_clips/66e126127add7e001351b6eb/original.jpg?1726031378,1280 TWD,in stock,new
641a7848084f0d001abb94ec:641a78470df875001ed8d78d,FM SHOES 金屬鎖釦後踩樂福鞋 卡其(36-42),版 型 正常版(照原本尺寸購買)   產 地 台灣   鞋 面 超纖皮料   內 裏 透氣人造豚皮鞋墊+舒適乳膠內墊   鞋 底 橡膠防滑刻紋底   重 量 600公克 跟 型     筒 高  筒 圍  踝,https://www.fmshoes.com.tw/products/641a7848084f0d001abb94ec?variation=641a78470df875001ed8d78d,https://img.shoplineapp.com/media/image_clips/66e126127add7e001351b6eb/original.jpg?1726031378,1280 TWD,in stock,new
6434b5e614d8d5002080662a:6434b5e54a7030000ccc3f45,NEUTRAL 小香風菱格紋減壓涼鞋 黑棕(35-41),NEUTRAL 小香風菱格紋涼鞋，黑棕款式。小香風涼鞋設計，100% MIT台灣製造、手工車縫，厚底彈性且止滑，一雙舒適時尚兼具的美鞋。,https://www.fmshoes.com.tw/products/6434b5e614d8d5002080662a?variation=6434b5e54a7030000ccc3f45,https://img.shoplineapp.com/media/image_clips/66da922c1424cf001f9ea5fa/original.jpg?1725600300,1680 TWD,in stock,new
6434b5e614d8d5002080662a:6434b5e54a7030000ccc3f46,NEUTRAL 小香風菱格紋減壓涼鞋 黑棕(35-41),NEUTRAL 小香風菱格紋涼鞋，黑棕款式。小香風涼鞋設計，100% MIT台灣製造、手工車縫，厚底彈性且止滑，一雙舒適時尚兼具的美鞋。,https://www.fmshoes.com.tw/products/6434b5e614d8d5002080662a?variation=6434b5e54a7030000ccc3f46,https://img.shoplineapp.com/media/image_clips/66da922c1424cf001f9ea5fa/original.jpg?1725600300,1680 TWD,in stock,new
6434b5e614d8d5002080662a:6434b5e54a7030000ccc3f47,NEUTRAL 小香風菱格紋減壓涼鞋 黑棕(35-41),NEUTRAL 小香風菱格紋涼鞋，黑棕款式。小香風涼鞋設計，100% MIT台灣製造、手工車縫，厚底彈性且止滑，一雙舒適時尚兼具的美鞋。,https://www.fmshoes.com.tw/products/6434b5e614d8d5002080662a?variation=6434b5e54a7030000ccc3f47,https://img.shoplineapp.com/media/image_clips/66da922c1424cf001f9ea5fa/original.jpg?1725600300,1680 TWD,in stock,new
6434b5e614d8d5002080662a:6434b5e54a7030000ccc3f48,NEUTRAL 小香風菱格紋減壓涼鞋 黑棕(35-41),NEUTRAL 小香風菱格紋涼鞋，黑棕款式。小香風涼鞋設計，100% MIT台灣製造、手工車縫，厚底彈性且止滑，一雙舒適時尚兼具的美鞋。,https://www.fmshoes.com.tw/products/6434b5e614d8d5002080662a?variation=6434b5e54a7030000ccc3f48,https://img.shoplineapp.com/media/image_clips/66da922c1424cf001f9ea5fa/original.jpg?1725600300,1680 TWD,in stock,new
6434b5e614d8d5002080662a:6434b5e54a7030000ccc3f49,NEUTRAL 小香風菱格紋減壓涼鞋 黑棕(35-41),NEUTRAL 小香風菱格紋涼鞋，黑棕款式。小香風涼鞋設計，100% MIT台灣製造、手工車縫，厚底彈性且止滑，一雙舒適時尚兼具的美鞋。,https://www.fmshoes.com.tw/products/6434b5e614d8d5002080662a?variation=6434b5e54a7030000ccc3f49,https://img.shoplineapp.com/media/image_clips/66da922c1424cf001f9ea5fa/original.jpg?1725600300,1680 TWD,in stock,new
6434b5e614d8d5002080662a:6434b5e54a7030000ccc3f4a,NEUTRAL 小香風菱格紋減壓涼鞋 黑棕(35-41),NEUTRAL 小香風菱格紋涼鞋，黑棕款式。小香風涼鞋設計，100% MIT台灣製造、手工車縫，厚底彈性且止滑，一雙舒適時尚兼具的美鞋。,https://www.fmshoes.com.tw/products/6434b5e614d8d5002080662a?variation=6434b5e54a7030000ccc3f4a,https://img.shoplineapp.com/media/image_clips/66da922c1424cf001f9ea5fa/original.jpg?1725600300,1680 TWD,in stock,new
6449ec8b91f8e9002319a694:6449ec8b69c43b0015c00c23,FM SHOES 素面尖頭細跟高跟鞋 灰(35-40),,https://www.fmshoes.com.tw/products/6449ec8b91f8e9002319a694?variation=6449ec8b69c43b0015c00c23,https://img.shoplineapp.com/media/image_clips/66e114d9fc6f320019fade0c/original.jpg?1726026969,1680 TWD,in stock,new
6449ec8b91f8e9002319a694:6449ec8b69c43b0015c00c24,FM SHOES 素面尖頭細跟高跟鞋 灰(35-40),,https://www.fmshoes.com.tw/products/6449ec8b91f8e9002319a694?variation=6449ec8b69c43b0015c00c24,https://img.shoplineapp.com/media/image_clips/66e114d9fc6f320019fade0c/original.jpg?1726026969,1680 TWD,in stock,new
6449ec8b91f8e9002319a694:6449ec8b69c43b0015c00c25,FM SHOES 素面尖頭細跟高跟鞋 灰(35-40),,https://www.fmshoes.com.tw/products/6449ec8b91f8e9002319a694?variation=6449ec8b69c43b0015c00c25,https://img.shoplineapp.com/media/image_clips/66e114d9fc6f320019fade0c/original.jpg?1726026969,1680 TWD,in stock,new
6449ec8b91f8e9002319a694:6449ec8b69c43b0015c00c26,FM SHOES 素面尖頭細跟高跟鞋 灰(35-40),,https://www.fmshoes.com.tw/products/6449ec8b91f8e9002319a694?variation=6449ec8b69c43b0015c00c26,https://img.shoplineapp.com/media/image_clips/66e114d9fc6f320019fade0c/original.jpg?1726026969,1680 TWD,in stock,new
6449ec8b91f8e9002319a694:6449ec8b69c43b0015c00c27,FM SHOES 素面尖頭細跟高跟鞋 灰(35-40),,https://www.fmshoes.com.tw/products/6449ec8b91f8e9002319a694?variation=6449ec8b69c43b0015c00c27,https://img.shoplineapp.com/media/image_clips/66e114d9fc6f320019fade0c/original.jpg?1726026969,1680 TWD,in stock,new
6449ed6137364b000e496cb8:6449ed603c06ee000cc7f6b9,FM SHOES 素面尖頭細跟高跟鞋 粉(35-40),,https://www.fmshoes.com.tw/products/6449ed6137364b000e496cb8?variation=6449ed603c06ee000cc7f6b9,https://img.shoplineapp.com/media/image_clips/66e1148ecffca40019d50ab7/original.jpg?1726026893,1680 TWD,in stock,new
6449ed6137364b000e496cb8:6449ed603c06ee000cc7f6ba,FM SHOES 素面尖頭細跟高跟鞋 粉(35-40),,https://www.fmshoes.com.tw/products/6449ed6137364b000e496cb8?variation=6449ed603c06ee000cc7f6ba,https://img.shoplineapp.com/media/image_clips/66e1148ecffca40019d50ab7/original.jpg?1726026893,1680 TWD,in stock,new
6449ed6137364b000e496cb8:6449ed603c06ee000cc7f6bb,FM SHOES 素面尖頭細跟高跟鞋 粉(35-40),,https://www.fmshoes.com.tw/products/6449ed6137364b000e496cb8?variation=6449ed603c06ee000cc7f6bb,https://img.shoplineapp.com/media/image_clips/66e1148ecffca40019d50ab7/original.jpg?1726026893,1680 TWD,in stock,new
6449ed6137364b000e496cb8:6449ed603c06ee000cc7f6bc,FM SHOES 素面尖頭細跟高跟鞋 粉(35-40),,https://www.fmshoes.com.tw/products/6449ed6137364b000e496cb8?variation=6449ed603c06ee000cc7f6bc,https://img.shoplineapp.com/media/image_clips/66e1148ecffca40019d50ab7/original.jpg?1726026893,1680 TWD,in stock,new
6449ed6137364b000e496cb8:6449ed603c06ee000cc7f6bd,FM SHOES 素面尖頭細跟高跟鞋 粉(35-40),,https://www.fmshoes.com.tw/products/6449ed6137364b000e496cb8?variation=6449ed603c06ee000cc7f6bd,https://img.shoplineapp.com/media/image_clips/66e1148ecffca40019d50ab7/original.jpg?1726026893,1680 TWD,in stock,new
6449ee469a4d4d001ab50a7c:6449ee450a3096000fa94609,FM SHOES 素面尖頭細跟高跟鞋 棕(35-40),,https://www.fmshoes.com.tw/products/6449ee469a4d4d001ab50a7c?variation=6449ee450a3096000fa94609,https://img.shoplineapp.com/media/image_clips/66e114f066fac4000d7e03c7/original.jpg?1726026991,1680 TWD,in stock,new
6449ee469a4d4d001ab50a7c:6449ee450a3096000fa9460a,FM SHOES 素面尖頭細跟高跟鞋 棕(35-40),,https://www.fmshoes.com.tw/products/6449ee469a4d4d001ab50a7c?variation=6449ee450a3096000fa9460a,https://img.shoplineapp.com/media/image_clips/66e114f066fac4000d7e03c7/original.jpg?1726026991,1680 TWD,in stock,new
6449ee469a4d4d001ab50a7c:6449ee450a3096000fa9460b,FM SHOES 素面尖頭細跟高跟鞋 棕(35-40),,https://www.fmshoes.com.tw/products/6449ee469a4d4d001ab50a7c?variation=6449ee450a3096000fa9460b,https://img.shoplineapp.com/media/image_clips/66e114f066fac4000d7e03c7/original.jpg?1726026991,1680 TWD,in stock,new
6449ee469a4d4d001ab50a7c:6449ee450a3096000fa9460c,FM SHOES 素面尖頭細跟高跟鞋 棕(35-40),,https://www.fmshoes.com.tw/products/6449ee469a4d4d001ab50a7c?variation=6449ee450a3096000fa9460c,https://img.shoplineapp.com/media/image_clips/66e114f066fac4000d7e03c7/original.jpg?1726026991,1680 TWD,in stock,new
6449ee469a4d4d001ab50a7c:6449ee450a3096000fa9460d,FM SHOES 素面尖頭細跟高跟鞋 棕(35-40),,https://www.fmshoes.com.tw/products/6449ee469a4d4d001ab50a7c?variation=6449ee450a3096000fa9460d,https://img.shoplineapp.com/media/image_clips/66e114f066fac4000d7e03c7/original.jpg?1726026991,1680 TWD,in stock,new
6449ee469a4d4d001ab50a7c:6449ee450a3096000fa9460e,FM SHOES 素面尖頭細跟高跟鞋 棕(35-40),,https://www.fmshoes.com.tw/products/6449ee469a4d4d001ab50a7c?variation=6449ee450a3096000fa9460e,https://img.shoplineapp.com/media/image_clips/66e114f066fac4000d7e03c7/original.jpg?1726026991,1680 TWD,in stock,new
6449f0e2392e4d0014cfb506:6449f0e280d7fe000f4e50be,FM SHOES 素面尖頭細跟高跟鞋 深藍(35-40),,https://www.fmshoes.com.tw/products/6449f0e2392e4d0014cfb506?variation=6449f0e280d7fe000f4e50be,https://img.shoplineapp.com/media/image_clips/66e11508e7618b001f38b0fc/original.jpg?1726027016,1680 TWD,in stock,new
6449f0e2392e4d0014cfb506:6449f0e280d7fe000f4e50bf,FM SHOES 素面尖頭細跟高跟鞋 深藍(35-40),,https://www.fmshoes.com.tw/products/6449f0e2392e4d0014cfb506?variation=6449f0e280d7fe000f4e50bf,https://img.shoplineapp.com/media/image_clips/66e11508e7618b001f38b0fc/original.jpg?1726027016,1680 TWD,in stock,new
6449f0e2392e4d0014cfb506:6449f0e280d7fe000f4e50c0,FM SHOES 素面尖頭細跟高跟鞋 深藍(35-40),,https://www.fmshoes.com.tw/products/6449f0e2392e4d0014cfb506?variation=6449f0e280d7fe000f4e50c0,https://img.shoplineapp.com/media/image_clips/66e11508e7618b001f38b0fc/original.jpg?1726027016,1680 TWD,in stock,new
6449f0e2392e4d0014cfb506:6449f0e280d7fe000f4e50c1,FM SHOES 素面尖頭細跟高跟鞋 深藍(35-40),,https://www.fmshoes.com.tw/products/6449f0e2392e4d0014cfb506?variation=6449f0e280d7fe000f4e50c1,https://img.shoplineapp.com/media/image_clips/66e11508e7618b001f38b0fc/original.jpg?1726027016,1680 TWD,in stock,new
6449f0e2392e4d0014cfb506:6449f0e280d7fe000f4e50c2,FM SHOES 素面尖頭細跟高跟鞋 深藍(35-40),,https://www.fmshoes.com.tw/products/6449f0e2392e4d0014cfb506?variation=6449f0e280d7fe000f4e50c2,https://img.shoplineapp.com/media/image_clips/66e11508e7618b001f38b0fc/original.jpg?1726027016,1680 TWD,in stock,new
6450c03279f2df12235cc5f6:6450c0313c917e6834740974,Ipanema VIBE 亮面環繞繫帶涼鞋 粉,Ipanema VIBE 亮面環繞繫帶涼鞋 粉,https://www.fmshoes.com.tw/products/6450c03279f2df12235cc5f6?variation=6450c0313c917e6834740974,https://img.shoplineapp.com/media/image_clips/64c8a1794b1bba000dc08fe2/original.jpg?1690870136,1280 TWD,in stock,new
6450c82be1877c0014d83cfa:6450c82b7a89800012d388ac,Ipanema FASHION SAND VIII FEM 夾腳涼鞋 粉,Ipanema FASHION SAND VIII FEM 夾腳涼鞋 粉,https://www.fmshoes.com.tw/products/6450c82be1877c0014d83cfa?variation=6450c82b7a89800012d388ac,https://img.shoplineapp.com/media/image_clips/64c8a11531362700109c2f61/original.jpg?1690870037,1180 TWD,in stock,new
6450c82be1877c0014d83cfa:6450c82b7a89800012d388ad,Ipanema FASHION SAND VIII FEM 夾腳涼鞋 粉,Ipanema FASHION SAND VIII FEM 夾腳涼鞋 粉,https://www.fmshoes.com.tw/products/6450c82be1877c0014d83cfa?variation=6450c82b7a89800012d388ad,https://img.shoplineapp.com/media/image_clips/64c8a11531362700109c2f61/original.jpg?1690870037,1180 TWD,in stock,new
6450ca5bb3d6bd000ed84c47:6450ca5aea387e00101eafb7,Ipanema ANATOMICA TAN 人字夾腳拖 米,Ipanema ANATOMICA TAN 人字夾腳拖 米,https://www.fmshoes.com.tw/products/6450ca5bb3d6bd000ed84c47?variation=6450ca5aea387e00101eafb7,https://img.shoplineapp.com/media/image_clips/64c8a04a8d764a001304cc8d/original.jpg?1690869834,880 TWD,in stock,new
6450ca5bb3d6bd000ed84c47:6450ca5aea387e00101eafb8,Ipanema ANATOMICA TAN 人字夾腳拖 米,Ipanema ANATOMICA TAN 人字夾腳拖 米,https://www.fmshoes.com.tw/products/6450ca5bb3d6bd000ed84c47?variation=6450ca5aea387e00101eafb8,https://img.shoplineapp.com/media/image_clips/64c8a04a8d764a001304cc8d/original.jpg?1690869834,880 TWD,in stock,new
6450ca5bb3d6bd000ed84c47:6450ca5aea387e00101eafb9,Ipanema ANATOMICA TAN 人字夾腳拖 米,Ipanema ANATOMICA TAN 人字夾腳拖 米,https://www.fmshoes.com.tw/products/6450ca5bb3d6bd000ed84c47?variation=6450ca5aea387e00101eafb9,https://img.shoplineapp.com/media/image_clips/64c8a04a8d764a001304cc8d/original.jpg?1690869834,880 TWD,in stock,new
6450cb08555b3900112c50e8:6450cb073c917e7e0c740ddb,Ipanema ANATOMICA TAN 人字夾腳拖 紫,Ipanema ANATOMICA TAN 人字夾腳拖 紫,https://www.fmshoes.com.tw/products/6450cb08555b3900112c50e8?variation=6450cb073c917e7e0c740ddb,https://img.shoplineapp.com/media/image_clips/64c8a09831362700169c2eb0/original.jpg?1690869912,880 TWD,in stock,new
6450cb08555b3900112c50e8:6450cb073c917e7e0c740ddc,Ipanema ANATOMICA TAN 人字夾腳拖 紫,Ipanema ANATOMICA TAN 人字夾腳拖 紫,https://www.fmshoes.com.tw/products/6450cb08555b3900112c50e8?variation=6450cb073c917e7e0c740ddc,https://img.shoplineapp.com/media/image_clips/64c8a09831362700169c2eb0/original.jpg?1690869912,880 TWD,in stock,new
6450cb08555b3900112c50e8:6450cb073c917e7e0c740ddd,Ipanema ANATOMICA TAN 人字夾腳拖 紫,Ipanema ANATOMICA TAN 人字夾腳拖 紫,https://www.fmshoes.com.tw/products/6450cb08555b3900112c50e8?variation=6450cb073c917e7e0c740ddd,https://img.shoplineapp.com/media/image_clips/64c8a09831362700169c2eb0/original.jpg?1690869912,880 TWD,in stock,new
6450cb89edeed4000e5338b5:6450cb88dfa617001b9cc331,Ipanema ANATOMICA TAN 人字夾腳拖 綠,Ipanema ANATOMICA TAN 人字夾腳拖 綠,https://www.fmshoes.com.tw/products/6450cb89edeed4000e5338b5?variation=6450cb88dfa617001b9cc331,https://img.shoplineapp.com/media/image_clips/64c8a0bbf4629b0013941da6/original.jpg?1690869947,880 TWD,in stock,new
6450cb89edeed4000e5338b5:6450cb88dfa617001b9cc332,Ipanema ANATOMICA TAN 人字夾腳拖 綠,Ipanema ANATOMICA TAN 人字夾腳拖 綠,https://www.fmshoes.com.tw/products/6450cb89edeed4000e5338b5?variation=6450cb88dfa617001b9cc332,https://img.shoplineapp.com/media/image_clips/64c8a0bbf4629b0013941da6/original.jpg?1690869947,880 TWD,in stock,new
6450cb89edeed4000e5338b5:6450cb88dfa617001b9cc333,Ipanema ANATOMICA TAN 人字夾腳拖 綠,Ipanema ANATOMICA TAN 人字夾腳拖 綠,https://www.fmshoes.com.tw/products/6450cb89edeed4000e5338b5?variation=6450cb88dfa617001b9cc333,https://img.shoplineapp.com/media/image_clips/64c8a0bbf4629b0013941da6/original.jpg?1690869947,880 TWD,in stock,new
6450cc1cc5e759001de85bfd:6450cc1cb6097d000a8ed50f,Ipanema ANATOMICA TAN 人字夾腳拖 黑,Ipanema ANATOMICA TAN 人字夾腳拖 黑,https://www.fmshoes.com.tw/products/6450cc1cc5e759001de85bfd?variation=6450cc1cb6097d000a8ed50f,https://img.shoplineapp.com/media/image_clips/64c8a07765e540001c3569db/original.jpg?1690869878,880 TWD,in stock,new
6450cc1cc5e759001de85bfd:6450cc1cb6097d000a8ed510,Ipanema ANATOMICA TAN 人字夾腳拖 黑,Ipanema ANATOMICA TAN 人字夾腳拖 黑,https://www.fmshoes.com.tw/products/6450cc1cc5e759001de85bfd?variation=6450cc1cb6097d000a8ed510,https://img.shoplineapp.com/media/image_clips/64c8a07765e540001c3569db/original.jpg?1690869878,880 TWD,in stock,new
6450cc1cc5e759001de85bfd:6450cc1cb6097d000a8ed511,Ipanema ANATOMICA TAN 人字夾腳拖 黑,Ipanema ANATOMICA TAN 人字夾腳拖 黑,https://www.fmshoes.com.tw/products/6450cc1cc5e759001de85bfd?variation=6450cc1cb6097d000a8ed511,https://img.shoplineapp.com/media/image_clips/64c8a07765e540001c3569db/original.jpg?1690869878,880 TWD,in stock,new
64745f7bf5e717001784f742:64745f7b7453a100180cc3ae,NEUTRAL 厚底兩穿防水麻糬拖 黑(S-XL),,https://www.fmshoes.com.tw/products/64745f7bf5e717001784f742?variation=64745f7b7453a100180cc3ae,https://img.shoplineapp.com/media/image_clips/66e249d653b0bc1540be550b/original.jpg?1726106069,880 TWD,in stock,new
64745f7bf5e717001784f742:64745f7b7453a100180cc3af,NEUTRAL 厚底兩穿防水麻糬拖 黑(S-XL),,https://www.fmshoes.com.tw/products/64745f7bf5e717001784f742?variation=64745f7b7453a100180cc3af,https://img.shoplineapp.com/media/image_clips/66e249d653b0bc1540be550b/original.jpg?1726106069,880 TWD,in stock,new
64745f7bf5e717001784f742:64745f7b7453a100180cc3b0,NEUTRAL 厚底兩穿防水麻糬拖 黑(S-XL),,https://www.fmshoes.com.tw/products/64745f7bf5e717001784f742?variation=64745f7b7453a100180cc3b0,https://img.shoplineapp.com/media/image_clips/66e249d653b0bc1540be550b/original.jpg?1726106069,880 TWD,in stock,new
64745f7bf5e717001784f742:64745f7b7453a100180cc3b1,NEUTRAL 厚底兩穿防水麻糬拖 黑(S-XL),,https://www.fmshoes.com.tw/products/64745f7bf5e717001784f742?variation=64745f7b7453a100180cc3b1,https://img.shoplineapp.com/media/image_clips/66e249d653b0bc1540be550b/original.jpg?1726106069,880 TWD,in stock,new
647d918678b24300170c8e0f:647d918538f52d001bbb6172,NEUTRAL 小香風菱格紋減壓涼鞋 黃(35-41),NEUTRAL 小香風菱格紋涼鞋，黃色款式。小香風涼鞋設計，100% MIT台灣製造、手工車縫，厚底彈性且止滑，一雙舒適時尚兼具的美鞋。,https://www.fmshoes.com.tw/products/647d918678b24300170c8e0f?variation=647d918538f52d001bbb6172,https://img.shoplineapp.com/media/image_clips/66da9170627391001950a960/original.jpg?1725600112,1680 TWD,in stock,new
647d918678b24300170c8e0f:647d918538f52d001bbb6173,NEUTRAL 小香風菱格紋減壓涼鞋 黃(35-41),NEUTRAL 小香風菱格紋涼鞋，黃色款式。小香風涼鞋設計，100% MIT台灣製造、手工車縫，厚底彈性且止滑，一雙舒適時尚兼具的美鞋。,https://www.fmshoes.com.tw/products/647d918678b24300170c8e0f?variation=647d918538f52d001bbb6173,https://img.shoplineapp.com/media/image_clips/66da9170627391001950a960/original.jpg?1725600112,1680 TWD,in stock,new
647d918678b24300170c8e0f:647d918538f52d001bbb6174,NEUTRAL 小香風菱格紋減壓涼鞋 黃(35-41),NEUTRAL 小香風菱格紋涼鞋，黃色款式。小香風涼鞋設計，100% MIT台灣製造、手工車縫，厚底彈性且止滑，一雙舒適時尚兼具的美鞋。,https://www.fmshoes.com.tw/products/647d918678b24300170c8e0f?variation=647d918538f52d001bbb6174,https://img.shoplineapp.com/media/image_clips/66da9170627391001950a960/original.jpg?1725600112,1680 TWD,in stock,new
647d918678b24300170c8e0f:647d918538f52d001bbb6175,NEUTRAL 小香風菱格紋減壓涼鞋 黃(35-41),NEUTRAL 小香風菱格紋涼鞋，黃色款式。小香風涼鞋設計，100% MIT台灣製造、手工車縫，厚底彈性且止滑，一雙舒適時尚兼具的美鞋。,https://www.fmshoes.com.tw/products/647d918678b24300170c8e0f?variation=647d918538f52d001bbb6175,https://img.shoplineapp.com/media/image_clips/66da9170627391001950a960/original.jpg?1725600112,1680 TWD,in stock,new
647d918678b24300170c8e0f:647d918538f52d001bbb6176,NEUTRAL 小香風菱格紋減壓涼鞋 黃(35-41),NEUTRAL 小香風菱格紋涼鞋，黃色款式。小香風涼鞋設計，100% MIT台灣製造、手工車縫，厚底彈性且止滑，一雙舒適時尚兼具的美鞋。,https://www.fmshoes.com.tw/products/647d918678b24300170c8e0f?variation=647d918538f52d001bbb6176,https://img.shoplineapp.com/media/image_clips/66da9170627391001950a960/original.jpg?1725600112,1680 TWD,in stock,new
647d918678b24300170c8e0f:647d918538f52d001bbb6177,NEUTRAL 小香風菱格紋減壓涼鞋 黃(35-41),NEUTRAL 小香風菱格紋涼鞋，黃色款式。小香風涼鞋設計，100% MIT台灣製造、手工車縫，厚底彈性且止滑，一雙舒適時尚兼具的美鞋。,https://www.fmshoes.com.tw/products/647d918678b24300170c8e0f?variation=647d918538f52d001bbb6177,https://img.shoplineapp.com/media/image_clips/66da9170627391001950a960/original.jpg?1725600112,1680 TWD,in stock,new
647d918678b24300170c8e0f:647d918538f52d001bbb6178,NEUTRAL 小香風菱格紋減壓涼鞋 黃(35-41),NEUTRAL 小香風菱格紋涼鞋，黃色款式。小香風涼鞋設計，100% MIT台灣製造、手工車縫，厚底彈性且止滑，一雙舒適時尚兼具的美鞋。,https://www.fmshoes.com.tw/products/647d918678b24300170c8e0f?variation=647d918538f52d001bbb6178,https://img.shoplineapp.com/media/image_clips/66da9170627391001950a960/original.jpg?1725600112,1680 TWD,in stock,new
647d925a1a81920014c57de5:647d9259d46b4f7a1b38aad1,NEUTRAL 小香風菱格紋減壓涼鞋 灰(35-41),NEUTRAL 小香風菱格紋涼鞋，灰色款式。小香風涼鞋設計，100% MIT台灣製造、手工車縫，厚底彈性且止滑，一雙舒適時尚兼具的美鞋。,https://www.fmshoes.com.tw/products/647d925a1a81920014c57de5?variation=647d9259d46b4f7a1b38aad1,https://img.shoplineapp.com/media/image_clips/66da91c98f127f001fdc9da8/original.jpg?1725600201,1680 TWD,in stock,new
647d925a1a81920014c57de5:647d9259d46b4f7a1b38aad2,NEUTRAL 小香風菱格紋減壓涼鞋 灰(35-41),NEUTRAL 小香風菱格紋涼鞋，灰色款式。小香風涼鞋設計，100% MIT台灣製造、手工車縫，厚底彈性且止滑，一雙舒適時尚兼具的美鞋。,https://www.fmshoes.com.tw/products/647d925a1a81920014c57de5?variation=647d9259d46b4f7a1b38aad2,https://img.shoplineapp.com/media/image_clips/66da91c98f127f001fdc9da8/original.jpg?1725600201,1680 TWD,in stock,new
647d925a1a81920014c57de5:647d9259d46b4f7a1b38aad3,NEUTRAL 小香風菱格紋減壓涼鞋 灰(35-41),NEUTRAL 小香風菱格紋涼鞋，灰色款式。小香風涼鞋設計，100% MIT台灣製造、手工車縫，厚底彈性且止滑，一雙舒適時尚兼具的美鞋。,https://www.fmshoes.com.tw/products/647d925a1a81920014c57de5?variation=647d9259d46b4f7a1b38aad3,https://img.shoplineapp.com/media/image_clips/66da91c98f127f001fdc9da8/original.jpg?1725600201,1680 TWD,in stock,new
647d925a1a81920014c57de5:647d9259d46b4f7a1b38aad4,NEUTRAL 小香風菱格紋減壓涼鞋 灰(35-41),NEUTRAL 小香風菱格紋涼鞋，灰色款式。小香風涼鞋設計，100% MIT台灣製造、手工車縫，厚底彈性且止滑，一雙舒適時尚兼具的美鞋。,https://www.fmshoes.com.tw/products/647d925a1a81920014c57de5?variation=647d9259d46b4f7a1b38aad4,https://img.shoplineapp.com/media/image_clips/66da91c98f127f001fdc9da8/original.jpg?1725600201,1680 TWD,in stock,new
647d925a1a81920014c57de5:647d9259d46b4f7a1b38aad5,NEUTRAL 小香風菱格紋減壓涼鞋 灰(35-41),NEUTRAL 小香風菱格紋涼鞋，灰色款式。小香風涼鞋設計，100% MIT台灣製造、手工車縫，厚底彈性且止滑，一雙舒適時尚兼具的美鞋。,https://www.fmshoes.com.tw/products/647d925a1a81920014c57de5?variation=647d9259d46b4f7a1b38aad5,https://img.shoplineapp.com/media/image_clips/66da91c98f127f001fdc9da8/original.jpg?1725600201,1680 TWD,in stock,new
647d925a1a81920014c57de5:647d9259d46b4f7a1b38aad6,NEUTRAL 小香風菱格紋減壓涼鞋 灰(35-41),NEUTRAL 小香風菱格紋涼鞋，灰色款式。小香風涼鞋設計，100% MIT台灣製造、手工車縫，厚底彈性且止滑，一雙舒適時尚兼具的美鞋。,https://www.fmshoes.com.tw/products/647d925a1a81920014c57de5?variation=647d9259d46b4f7a1b38aad6,https://img.shoplineapp.com/media/image_clips/66da91c98f127f001fdc9da8/original.jpg?1725600201,1680 TWD,in stock,new
647d925a1a81920014c57de5:647d9259d46b4f7a1b38aad7,NEUTRAL 小香風菱格紋減壓涼鞋 灰(35-41),NEUTRAL 小香風菱格紋涼鞋，灰色款式。小香風涼鞋設計，100% MIT台灣製造、手工車縫，厚底彈性且止滑，一雙舒適時尚兼具的美鞋。,https://www.fmshoes.com.tw/products/647d925a1a81920014c57de5?variation=647d9259d46b4f7a1b38aad7,https://img.shoplineapp.com/media/image_clips/66da91c98f127f001fdc9da8/original.jpg?1725600201,1680 TWD,in stock,new
647d9337dc7620002318a369:647d933754344b001208b7b5,NEUTRAL 小香風菱格紋減壓涼鞋 粉(35-41),NEUTRAL 小香風菱格紋減壓涼鞋 粉(35-41),https://www.fmshoes.com.tw/products/647d9337dc7620002318a369?variation=647d933754344b001208b7b5,https://img.shoplineapp.com/media/image_clips/66da920555f452001003bb2c/original.jpg?1725600261,1680 TWD,in stock,new
647d9337dc7620002318a369:647d933754344b001208b7b6,NEUTRAL 小香風菱格紋減壓涼鞋 粉(35-41),NEUTRAL 小香風菱格紋減壓涼鞋 粉(35-41),https://www.fmshoes.com.tw/products/647d9337dc7620002318a369?variation=647d933754344b001208b7b6,https://img.shoplineapp.com/media/image_clips/66da920555f452001003bb2c/original.jpg?1725600261,1680 TWD,in stock,new
647d9337dc7620002318a369:647d933754344b001208b7b7,NEUTRAL 小香風菱格紋減壓涼鞋 粉(35-41),NEUTRAL 小香風菱格紋減壓涼鞋 粉(35-41),https://www.fmshoes.com.tw/products/647d9337dc7620002318a369?variation=647d933754344b001208b7b7,https://img.shoplineapp.com/media/image_clips/66da920555f452001003bb2c/original.jpg?1725600261,1680 TWD,in stock,new
647d9337dc7620002318a369:647d933754344b001208b7b8,NEUTRAL 小香風菱格紋減壓涼鞋 粉(35-41),NEUTRAL 小香風菱格紋減壓涼鞋 粉(35-41),https://www.fmshoes.com.tw/products/647d9337dc7620002318a369?variation=647d933754344b001208b7b8,https://img.shoplineapp.com/media/image_clips/66da920555f452001003bb2c/original.jpg?1725600261,1680 TWD,in stock,new
647d9337dc7620002318a369:647d933754344b001208b7b9,NEUTRAL 小香風菱格紋減壓涼鞋 粉(35-41),NEUTRAL 小香風菱格紋減壓涼鞋 粉(35-41),https://www.fmshoes.com.tw/products/647d9337dc7620002318a369?variation=647d933754344b001208b7b9,https://img.shoplineapp.com/media/image_clips/66da920555f452001003bb2c/original.jpg?1725600261,1680 TWD,in stock,new
647d9337dc7620002318a369:647d933754344b001208b7ba,NEUTRAL 小香風菱格紋減壓涼鞋 粉(35-41),NEUTRAL 小香風菱格紋減壓涼鞋 粉(35-41),https://www.fmshoes.com.tw/products/647d9337dc7620002318a369?variation=647d933754344b001208b7ba,https://img.shoplineapp.com/media/image_clips/66da920555f452001003bb2c/original.jpg?1725600261,1680 TWD,in stock,new
647d9337dc7620002318a369:647d933754344b001208b7bb,NEUTRAL 小香風菱格紋減壓涼鞋 粉(35-41),NEUTRAL 小香風菱格紋減壓涼鞋 粉(35-41),https://www.fmshoes.com.tw/products/647d9337dc7620002318a369?variation=647d933754344b001208b7bb,https://img.shoplineapp.com/media/image_clips/66da920555f452001003bb2c/original.jpg?1725600261,1680 TWD,in stock,new
647d98ff9652cc000e3bb6e7:647d98ff54344b001e08b78d,NEUTRAL 撞色雙帶厚底休閒減壓拖鞋 棕(35-44),NEUTRAL 撞色雙帶厚底休閒減壓拖鞋 棕(35-44),https://www.fmshoes.com.tw/products/647d98ff9652cc000e3bb6e7?variation=647d98ff54344b001e08b78d,https://img.shoplineapp.com/media/image_clips/66da8db8323d6900134ff987/original.jpg?1725599160,1480 TWD,in stock,new
647d98ff9652cc000e3bb6e7:647d98ff54344b001e08b78e,NEUTRAL 撞色雙帶厚底休閒減壓拖鞋 棕(35-44),NEUTRAL 撞色雙帶厚底休閒減壓拖鞋 棕(35-44),https://www.fmshoes.com.tw/products/647d98ff9652cc000e3bb6e7?variation=647d98ff54344b001e08b78e,https://img.shoplineapp.com/media/image_clips/66da8db8323d6900134ff987/original.jpg?1725599160,1480 TWD,in stock,new
647d98ff9652cc000e3bb6e7:647d98ff54344b001e08b78f,NEUTRAL 撞色雙帶厚底休閒減壓拖鞋 棕(35-44),NEUTRAL 撞色雙帶厚底休閒減壓拖鞋 棕(35-44),https://www.fmshoes.com.tw/products/647d98ff9652cc000e3bb6e7?variation=647d98ff54344b001e08b78f,https://img.shoplineapp.com/media/image_clips/66da8db8323d6900134ff987/original.jpg?1725599160,1480 TWD,in stock,new
647d98ff9652cc000e3bb6e7:647d98ff54344b001e08b790,NEUTRAL 撞色雙帶厚底休閒減壓拖鞋 棕(35-44),NEUTRAL 撞色雙帶厚底休閒減壓拖鞋 棕(35-44),https://www.fmshoes.com.tw/products/647d98ff9652cc000e3bb6e7?variation=647d98ff54344b001e08b790,https://img.shoplineapp.com/media/image_clips/66da8db8323d6900134ff987/original.jpg?1725599160,1480 TWD,in stock,new
647d98ff9652cc000e3bb6e7:647d98ff54344b001e08b791,NEUTRAL 撞色雙帶厚底休閒減壓拖鞋 棕(35-44),NEUTRAL 撞色雙帶厚底休閒減壓拖鞋 棕(35-44),https://www.fmshoes.com.tw/products/647d98ff9652cc000e3bb6e7?variation=647d98ff54344b001e08b791,https://img.shoplineapp.com/media/image_clips/66da8db8323d6900134ff987/original.jpg?1725599160,1480 TWD,in stock,new
647d98ff9652cc000e3bb6e7:647d98ff54344b001e08b792,NEUTRAL 撞色雙帶厚底休閒減壓拖鞋 棕(35-44),NEUTRAL 撞色雙帶厚底休閒減壓拖鞋 棕(35-44),https://www.fmshoes.com.tw/products/647d98ff9652cc000e3bb6e7?variation=647d98ff54344b001e08b792,https://img.shoplineapp.com/media/image_clips/66da8db8323d6900134ff987/original.jpg?1725599160,1480 TWD,in stock,new
647d98ff9652cc000e3bb6e7:647d98ff54344b001e08b793,NEUTRAL 撞色雙帶厚底休閒減壓拖鞋 棕(35-44),NEUTRAL 撞色雙帶厚底休閒減壓拖鞋 棕(35-44),https://www.fmshoes.com.tw/products/647d98ff9652cc000e3bb6e7?variation=647d98ff54344b001e08b793,https://img.shoplineapp.com/media/image_clips/66da8db8323d6900134ff987/original.jpg?1725599160,1480 TWD,in stock,new
647d98ff9652cc000e3bb6e7:68a2bae42923ef001771856b,NEUTRAL 撞色雙帶厚底休閒減壓拖鞋 棕(35-44),NEUTRAL 撞色雙帶厚底休閒減壓拖鞋 棕(35-44),https://www.fmshoes.com.tw/products/647d98ff9652cc000e3bb6e7?variation=68a2bae42923ef001771856b,https://img.shoplineapp.com/media/image_clips/66da8db8323d6900134ff987/original.jpg?1725599160,1480 TWD,in stock,new
647d98ff9652cc000e3bb6e7:68a2bae42923ef001771856c,NEUTRAL 撞色雙帶厚底休閒減壓拖鞋 棕(35-44),NEUTRAL 撞色雙帶厚底休閒減壓拖鞋 棕(35-44),https://www.fmshoes.com.tw/products/647d98ff9652cc000e3bb6e7?variation=68a2bae42923ef001771856c,https://img.shoplineapp.com/media/image_clips/66da8db8323d6900134ff987/original.jpg?1725599160,1480 TWD,in stock,new
647d98ff9652cc000e3bb6e7:68a2bae42923ef001771856d,NEUTRAL 撞色雙帶厚底休閒減壓拖鞋 棕(35-44),NEUTRAL 撞色雙帶厚底休閒減壓拖鞋 棕(35-44),https://www.fmshoes.com.tw/products/647d98ff9652cc000e3bb6e7?variation=68a2bae42923ef001771856d,https://img.shoplineapp.com/media/image_clips/66da8db8323d6900134ff987/original.jpg?1725599160,1480 TWD,in stock,new
647d9985221c2b002036fee5:647d9984edb3f6001bdd35eb,NEUTRAL 撞色雙帶厚底休閒減壓拖鞋 紫(35-41),NEUTRAL 撞色雙帶厚底休閒減壓拖鞋 紫(35-41),https://www.fmshoes.com.tw/products/647d9985221c2b002036fee5?variation=647d9984edb3f6001bdd35eb,https://img.shoplineapp.com/media/image_clips/66da8e0219138c001374d73c/original.jpg?1725599233,1480 TWD,in stock,new
647d9985221c2b002036fee5:647d9984edb3f6001bdd35ec,NEUTRAL 撞色雙帶厚底休閒減壓拖鞋 紫(35-41),NEUTRAL 撞色雙帶厚底休閒減壓拖鞋 紫(35-41),https://www.fmshoes.com.tw/products/647d9985221c2b002036fee5?variation=647d9984edb3f6001bdd35ec,https://img.shoplineapp.com/media/image_clips/66da8e0219138c001374d73c/original.jpg?1725599233,1480 TWD,in stock,new
647d9985221c2b002036fee5:647d9984edb3f6001bdd35ef,NEUTRAL 撞色雙帶厚底休閒減壓拖鞋 紫(35-41),NEUTRAL 撞色雙帶厚底休閒減壓拖鞋 紫(35-41),https://www.fmshoes.com.tw/products/647d9985221c2b002036fee5?variation=647d9984edb3f6001bdd35ef,https://img.shoplineapp.com/media/image_clips/66da8e0219138c001374d73c/original.jpg?1725599233,1480 TWD,in stock,new
647d99f1ca34fa0011acc5f8:647d99f03f33b142d4cab488,NEUTRAL 撞色雙帶厚底休閒減壓拖鞋 黑灰(35-44),NEUTRAL 撞色雙帶厚底休閒減壓拖鞋 黑灰(35-44),https://www.fmshoes.com.tw/products/647d99f1ca34fa0011acc5f8?variation=647d99f03f33b142d4cab488,https://img.shoplineapp.com/media/image_clips/66da8de58f244d0022dd082c/original.jpg?1725599205,1480 TWD,in stock,new
647d99f1ca34fa0011acc5f8:647d99f03f33b142d4cab489,NEUTRAL 撞色雙帶厚底休閒減壓拖鞋 黑灰(35-44),NEUTRAL 撞色雙帶厚底休閒減壓拖鞋 黑灰(35-44),https://www.fmshoes.com.tw/products/647d99f1ca34fa0011acc5f8?variation=647d99f03f33b142d4cab489,https://img.shoplineapp.com/media/image_clips/66da8de58f244d0022dd082c/original.jpg?1725599205,1480 TWD,in stock,new
647d99f1ca34fa0011acc5f8:647d99f03f33b142d4cab48a,NEUTRAL 撞色雙帶厚底休閒減壓拖鞋 黑灰(35-44),NEUTRAL 撞色雙帶厚底休閒減壓拖鞋 黑灰(35-44),https://www.fmshoes.com.tw/products/647d99f1ca34fa0011acc5f8?variation=647d99f03f33b142d4cab48a,https://img.shoplineapp.com/media/image_clips/66da8de58f244d0022dd082c/original.jpg?1725599205,1480 TWD,in stock,new
647d99f1ca34fa0011acc5f8:647d99f03f33b142d4cab48b,NEUTRAL 撞色雙帶厚底休閒減壓拖鞋 黑灰(35-44),NEUTRAL 撞色雙帶厚底休閒減壓拖鞋 黑灰(35-44),https://www.fmshoes.com.tw/products/647d99f1ca34fa0011acc5f8?variation=647d99f03f33b142d4cab48b,https://img.shoplineapp.com/media/image_clips/66da8de58f244d0022dd082c/original.jpg?1725599205,1480 TWD,in stock,new
647d99f1ca34fa0011acc5f8:647d99f03f33b142d4cab48c,NEUTRAL 撞色雙帶厚底休閒減壓拖鞋 黑灰(35-44),NEUTRAL 撞色雙帶厚底休閒減壓拖鞋 黑灰(35-44),https://www.fmshoes.com.tw/products/647d99f1ca34fa0011acc5f8?variation=647d99f03f33b142d4cab48c,https://img.shoplineapp.com/media/image_clips/66da8de58f244d0022dd082c/original.jpg?1725599205,1480 TWD,in stock,new
647d99f1ca34fa0011acc5f8:647d99f03f33b142d4cab48d,NEUTRAL 撞色雙帶厚底休閒減壓拖鞋 黑灰(35-44),NEUTRAL 撞色雙帶厚底休閒減壓拖鞋 黑灰(35-44),https://www.fmshoes.com.tw/products/647d99f1ca34fa0011acc5f8?variation=647d99f03f33b142d4cab48d,https://img.shoplineapp.com/media/image_clips/66da8de58f244d0022dd082c/original.jpg?1725599205,1480 TWD,in stock,new
647d99f1ca34fa0011acc5f8:647d99f03f33b142d4cab48e,NEUTRAL 撞色雙帶厚底休閒減壓拖鞋 黑灰(35-44),NEUTRAL 撞色雙帶厚底休閒減壓拖鞋 黑灰(35-44),https://www.fmshoes.com.tw/products/647d99f1ca34fa0011acc5f8?variation=647d99f03f33b142d4cab48e,https://img.shoplineapp.com/media/image_clips/66da8de58f244d0022dd082c/original.jpg?1725599205,1480 TWD,in stock,new
647d99f1ca34fa0011acc5f8:673d85c8675d21000b05d4d5,NEUTRAL 撞色雙帶厚底休閒減壓拖鞋 黑灰(35-44),NEUTRAL 撞色雙帶厚底休閒減壓拖鞋 黑灰(35-44),https://www.fmshoes.com.tw/products/647d99f1ca34fa0011acc5f8?variation=673d85c8675d21000b05d4d5,https://img.shoplineapp.com/media/image_clips/66da8de58f244d0022dd082c/original.jpg?1725599205,1480 TWD,in stock,new
647d99f1ca34fa0011acc5f8:673d85c8675d21000b05d4d6,NEUTRAL 撞色雙帶厚底休閒減壓拖鞋 黑灰(35-44),NEUTRAL 撞色雙帶厚底休閒減壓拖鞋 黑灰(35-44),https://www.fmshoes.com.tw/products/647d99f1ca34fa0011acc5f8?variation=673d85c8675d21000b05d4d6,https://img.shoplineapp.com/media/image_clips/66da8de58f244d0022dd082c/original.jpg?1725599205,1480 TWD,in stock,new
647d99f1ca34fa0011acc5f8:673d85c8675d21000b05d4d7,NEUTRAL 撞色雙帶厚底休閒減壓拖鞋 黑灰(35-44),NEUTRAL 撞色雙帶厚底休閒減壓拖鞋 黑灰(35-44),https://www.fmshoes.com.tw/products/647d99f1ca34fa0011acc5f8?variation=673d85c8675d21000b05d4d7,https://img.shoplineapp.com/media/image_clips/66da8de58f244d0022dd082c/original.jpg?1725599205,1480 TWD,in stock,new
64ba7a467f6e58001a009ce9:64ba7a4606578e001e3f0197,33522 Mini Melissa 閃耀果凍漁夫嬰幼童鞋,33522 Mini Melissa 閃耀果凍漁夫嬰幼童鞋,https://www.fmshoes.com.tw/products/64ba7a467f6e58001a009ce9?variation=64ba7a4606578e001e3f0197,https://img.shoplineapp.com/media/image_clips/6854b2d5c65cea000b6e3d48/original.jpg?1750381269,2280 TWD,in stock,new
64ba7a467f6e58001a009ce9:64ba7a4606578e001e3f0198,33522 Mini Melissa 閃耀果凍漁夫嬰幼童鞋,33522 Mini Melissa 閃耀果凍漁夫嬰幼童鞋,https://www.fmshoes.com.tw/products/64ba7a467f6e58001a009ce9?variation=64ba7a4606578e001e3f0198,https://img.shoplineapp.com/media/image_clips/6854b2d5c65cea000b6e3d48/original.jpg?1750381269,2280 TWD,in stock,new
64ba7a467f6e58001a009ce9:64ba7a4606578e001e3f0199,33522 Mini Melissa 閃耀果凍漁夫嬰幼童鞋,33522 Mini Melissa 閃耀果凍漁夫嬰幼童鞋,https://www.fmshoes.com.tw/products/64ba7a467f6e58001a009ce9?variation=64ba7a4606578e001e3f0199,https://img.shoplineapp.com/media/image_clips/6854b2d5c65cea000b6e3d48/original.jpg?1750381269,2280 TWD,in stock,new
64ba7a467f6e58001a009ce9:64ba7a4606578e001e3f019a,33522 Mini Melissa 閃耀果凍漁夫嬰幼童鞋,33522 Mini Melissa 閃耀果凍漁夫嬰幼童鞋,https://www.fmshoes.com.tw/products/64ba7a467f6e58001a009ce9?variation=64ba7a4606578e001e3f019a,https://img.shoplineapp.com/media/image_clips/6854b2d5c65cea000b6e3d48/original.jpg?1750381269,2280 TWD,in stock,new
64ba7a467f6e58001a009ce9:64ba7a4606578e001e3f01a3,33522 Mini Melissa 閃耀果凍漁夫嬰幼童鞋,33522 Mini Melissa 閃耀果凍漁夫嬰幼童鞋,https://www.fmshoes.com.tw/products/64ba7a467f6e58001a009ce9?variation=64ba7a4606578e001e3f01a3,https://img.shoplineapp.com/media/image_clips/684b9a4fe4581d000deca743/original.jpg?1749785167,2280 TWD,in stock,new
64ba7a467f6e58001a009ce9:64ba7a4606578e001e3f01a4,33522 Mini Melissa 閃耀果凍漁夫嬰幼童鞋,33522 Mini Melissa 閃耀果凍漁夫嬰幼童鞋,https://www.fmshoes.com.tw/products/64ba7a467f6e58001a009ce9?variation=64ba7a4606578e001e3f01a4,https://img.shoplineapp.com/media/image_clips/684b9a4fe4581d000deca743/original.jpg?1749785167,2280 TWD,in stock,new
64ba7a467f6e58001a009ce9:64ba7a4606578e001e3f01a5,33522 Mini Melissa 閃耀果凍漁夫嬰幼童鞋,33522 Mini Melissa 閃耀果凍漁夫嬰幼童鞋,https://www.fmshoes.com.tw/products/64ba7a467f6e58001a009ce9?variation=64ba7a4606578e001e3f01a5,https://img.shoplineapp.com/media/image_clips/684b9a4fe4581d000deca743/original.jpg?1749785167,2280 TWD,in stock,new
64ba7a467f6e58001a009ce9:64ba7a4606578e001e3f01a6,33522 Mini Melissa 閃耀果凍漁夫嬰幼童鞋,33522 Mini Melissa 閃耀果凍漁夫嬰幼童鞋,https://www.fmshoes.com.tw/products/64ba7a467f6e58001a009ce9?variation=64ba7a4606578e001e3f01a6,https://img.shoplineapp.com/media/image_clips/684b9a4fe4581d000deca743/original.jpg?1749785167,2280 TWD,in stock,new
64ba7a467f6e58001a009ce9:64ba7b0aa70a590018fa2953,33522 Mini Melissa 閃耀果凍漁夫嬰幼童鞋,33522 Mini Melissa 閃耀果凍漁夫嬰幼童鞋,https://www.fmshoes.com.tw/products/64ba7a467f6e58001a009ce9?variation=64ba7b0aa70a590018fa2953,https://img.shoplineapp.com/media/image_clips/684b9a4f785846a43e32e585/original.jpg?1749785167,2280 TWD,in stock,new
64ba7a467f6e58001a009ce9:64ba7b0aa70a590018fa2954,33522 Mini Melissa 閃耀果凍漁夫嬰幼童鞋,33522 Mini Melissa 閃耀果凍漁夫嬰幼童鞋,https://www.fmshoes.com.tw/products/64ba7a467f6e58001a009ce9?variation=64ba7b0aa70a590018fa2954,https://img.shoplineapp.com/media/image_clips/684b9a4f785846a43e32e585/original.jpg?1749785167,2280 TWD,in stock,new
64ba7a467f6e58001a009ce9:64ba7b0aa70a590018fa2955,33522 Mini Melissa 閃耀果凍漁夫嬰幼童鞋,33522 Mini Melissa 閃耀果凍漁夫嬰幼童鞋,https://www.fmshoes.com.tw/products/64ba7a467f6e58001a009ce9?variation=64ba7b0aa70a590018fa2955,https://img.shoplineapp.com/media/image_clips/684b9a4f785846a43e32e585/original.jpg?1749785167,2280 TWD,in stock,new
64ba7d12688cd4001af15fef:64ba7d12bfe2a63773f6edae,33447 Mini Melissa 迪士尼公主幼童芭蕾舞鞋,33447 Mini Melissa 迪士尼公主幼童芭蕾舞鞋,https://www.fmshoes.com.tw/products/64ba7d12688cd4001af15fef?variation=64ba7d12bfe2a63773f6edae,https://img.shoplineapp.com/media/image_clips/683433286b34112fdf142460/original.jpg?1748251432,1380 TWD,in stock,new
64ba7d12688cd4001af15fef:64ba7d12bfe2a63773f6edaf,33447 Mini Melissa 迪士尼公主幼童芭蕾舞鞋,33447 Mini Melissa 迪士尼公主幼童芭蕾舞鞋,https://www.fmshoes.com.tw/products/64ba7d12688cd4001af15fef?variation=64ba7d12bfe2a63773f6edaf,https://img.shoplineapp.com/media/image_clips/683433286b34112fdf142460/original.jpg?1748251432,1380 TWD,in stock,new
64ba80a60ea00b000ef7f633:64ba80a6bf8dfb001505eb43,31510 Mini Melissa 鳥巢女童果凍涼鞋,31510 Mini Melissa 鳥巢女童果凍涼鞋,https://www.fmshoes.com.tw/products/64ba80a60ea00b000ef7f633?variation=64ba80a6bf8dfb001505eb43,https://img.shoplineapp.com/media/image_clips/682fe9fdb16a770010750973/original.jpg?1747970557,1380 TWD,in stock,new
64bf723974efd9002092917d:64bf7236366c19000fb434fd,正版米奇造型軟Q厚底紓壓拖鞋MIT製 藍,正版米奇造型軟Q厚底紓壓拖鞋MIT製 藍,https://www.fmshoes.com.tw/products/64bf723974efd9002092917d?variation=64bf7236366c19000fb434fd,https://img.shoplineapp.com/media/image_clips/66e15a0b4bd1e4001f9e6ecd/original.jpg?1726044683,780 TWD,in stock,new
64bf723974efd9002092917d:64bf7236366c19000fb434fe,正版米奇造型軟Q厚底紓壓拖鞋MIT製 藍,正版米奇造型軟Q厚底紓壓拖鞋MIT製 藍,https://www.fmshoes.com.tw/products/64bf723974efd9002092917d?variation=64bf7236366c19000fb434fe,https://img.shoplineapp.com/media/image_clips/66e15a0b4bd1e4001f9e6ecd/original.jpg?1726044683,780 TWD,in stock,new
64bf723974efd9002092917d:64bf7236366c19000fb434ff,正版米奇造型軟Q厚底紓壓拖鞋MIT製 藍,正版米奇造型軟Q厚底紓壓拖鞋MIT製 藍,https://www.fmshoes.com.tw/products/64bf723974efd9002092917d?variation=64bf7236366c19000fb434ff,https://img.shoplineapp.com/media/image_clips/66e15a0b4bd1e4001f9e6ecd/original.jpg?1726044683,780 TWD,in stock,new
64bf723974efd9002092917d:64bf7236366c19000fb43500,正版米奇造型軟Q厚底紓壓拖鞋MIT製 藍,正版米奇造型軟Q厚底紓壓拖鞋MIT製 藍,https://www.fmshoes.com.tw/products/64bf723974efd9002092917d?variation=64bf7236366c19000fb43500,https://img.shoplineapp.com/media/image_clips/66e15a0b4bd1e4001f9e6ecd/original.jpg?1726044683,780 TWD,in stock,new
64bf723974efd9002092917d:64bf7236366c19000fb43501,正版米奇造型軟Q厚底紓壓拖鞋MIT製 藍,正版米奇造型軟Q厚底紓壓拖鞋MIT製 藍,https://www.fmshoes.com.tw/products/64bf723974efd9002092917d?variation=64bf7236366c19000fb43501,https://img.shoplineapp.com/media/image_clips/66e15a0b4bd1e4001f9e6ecd/original.jpg?1726044683,780 TWD,in stock,new
6527952397b23f001afab145:65279520d26fa01f8f6e1345,NEUTRAL 防潑水皮革拼接氣墊鞋 米白(36-44),,https://www.fmshoes.com.tw/products/6527952397b23f001afab145?variation=65279520d26fa01f8f6e1345,https://img.shoplineapp.com/media/image_clips/652793bfdaff9f001adce227/original.jpg?1697092542,1680 TWD,in stock,new
6527952397b23f001afab145:65279520d26fa01f8f6e1346,NEUTRAL 防潑水皮革拼接氣墊鞋 米白(36-44),,https://www.fmshoes.com.tw/products/6527952397b23f001afab145?variation=65279520d26fa01f8f6e1346,https://img.shoplineapp.com/media/image_clips/652793bfdaff9f001adce227/original.jpg?1697092542,1680 TWD,in stock,new
65279624f62dcf0017965827:652796217bdc73001215a0f1,NEUTRAL 防潑水皮革拼接氣墊鞋 奶茶(36-44),,https://www.fmshoes.com.tw/products/65279624f62dcf0017965827?variation=652796217bdc73001215a0f1,https://img.shoplineapp.com/media/image_clips/653b1de5b71916000e8599db/original.jpg?1698373092,1680 TWD,in stock,new
65279624f62dcf0017965827:652796217bdc73001215a0f2,NEUTRAL 防潑水皮革拼接氣墊鞋 奶茶(36-44),,https://www.fmshoes.com.tw/products/65279624f62dcf0017965827?variation=652796217bdc73001215a0f2,https://img.shoplineapp.com/media/image_clips/653b1de5b71916000e8599db/original.jpg?1698373092,1680 TWD,in stock,new
65279624f62dcf0017965827:652796217bdc73001215a0f3,NEUTRAL 防潑水皮革拼接氣墊鞋 奶茶(36-44),,https://www.fmshoes.com.tw/products/65279624f62dcf0017965827?variation=652796217bdc73001215a0f3,https://img.shoplineapp.com/media/image_clips/653b1de5b71916000e8599db/original.jpg?1698373092,1680 TWD,in stock,new
65279624f62dcf0017965827:652796217bdc73001215a0f4,NEUTRAL 防潑水皮革拼接氣墊鞋 奶茶(36-44),,https://www.fmshoes.com.tw/products/65279624f62dcf0017965827?variation=652796217bdc73001215a0f4,https://img.shoplineapp.com/media/image_clips/653b1de5b71916000e8599db/original.jpg?1698373092,1680 TWD,in stock,new
65279624f62dcf0017965827:652796217bdc73001215a0f5,NEUTRAL 防潑水皮革拼接氣墊鞋 奶茶(36-44),,https://www.fmshoes.com.tw/products/65279624f62dcf0017965827?variation=652796217bdc73001215a0f5,https://img.shoplineapp.com/media/image_clips/653b1de5b71916000e8599db/original.jpg?1698373092,1680 TWD,in stock,new
65279624f62dcf0017965827:652796217bdc73001215a0f6,NEUTRAL 防潑水皮革拼接氣墊鞋 奶茶(36-44),,https://www.fmshoes.com.tw/products/65279624f62dcf0017965827?variation=652796217bdc73001215a0f6,https://img.shoplineapp.com/media/image_clips/653b1de5b71916000e8599db/original.jpg?1698373092,1680 TWD,in stock,new
65279624f62dcf0017965827:652796217bdc73001215a0f7,NEUTRAL 防潑水皮革拼接氣墊鞋 奶茶(36-44),,https://www.fmshoes.com.tw/products/65279624f62dcf0017965827?variation=652796217bdc73001215a0f7,https://img.shoplineapp.com/media/image_clips/653b1de5b71916000e8599db/original.jpg?1698373092,1680 TWD,in stock,new
652796ce76e46300245dee4d:66d6d1c7da81d30012655147,NEUTRAL 防潑水皮革拼接氣墊鞋 藍灰(36-44),,https://www.fmshoes.com.tw/products/652796ce76e46300245dee4d?variation=66d6d1c7da81d30012655147,https://img.shoplineapp.com/media/image_clips/6527963df62dcf00239657d9/original.jpg?1697093181,1680 TWD,in stock,new
652796ce76e46300245dee4d:652796cb1b25c5001e9f7ba2,NEUTRAL 防潑水皮革拼接氣墊鞋 藍灰(36-44),,https://www.fmshoes.com.tw/products/652796ce76e46300245dee4d?variation=652796cb1b25c5001e9f7ba2,https://img.shoplineapp.com/media/image_clips/6527963df62dcf00239657d9/original.jpg?1697093181,1680 TWD,in stock,new
652796ce76e46300245dee4d:652796cb1b25c5001e9f7ba4,NEUTRAL 防潑水皮革拼接氣墊鞋 藍灰(36-44),,https://www.fmshoes.com.tw/products/652796ce76e46300245dee4d?variation=652796cb1b25c5001e9f7ba4,https://img.shoplineapp.com/media/image_clips/6527963df62dcf00239657d9/original.jpg?1697093181,1680 TWD,in stock,new
652796ce76e46300245dee4d:652796cb1b25c5001e9f7ba5,NEUTRAL 防潑水皮革拼接氣墊鞋 藍灰(36-44),,https://www.fmshoes.com.tw/products/652796ce76e46300245dee4d?variation=652796cb1b25c5001e9f7ba5,https://img.shoplineapp.com/media/image_clips/6527963df62dcf00239657d9/original.jpg?1697093181,1680 TWD,in stock,new
652796ce76e46300245dee4d:652796cb1b25c5001e9f7ba6,NEUTRAL 防潑水皮革拼接氣墊鞋 藍灰(36-44),,https://www.fmshoes.com.tw/products/652796ce76e46300245dee4d?variation=652796cb1b25c5001e9f7ba6,https://img.shoplineapp.com/media/image_clips/6527963df62dcf00239657d9/original.jpg?1697093181,1680 TWD,in stock,new
652797999fc5fa50bd3c0ad6:65279797e0f703301cff1617,NEUTRAL 防潑水皮革拼接氣墊鞋 黑白(36-44),,https://www.fmshoes.com.tw/products/652797999fc5fa50bd3c0ad6?variation=65279797e0f703301cff1617,https://img.shoplineapp.com/media/image_clips/652796e9931191001a637f45/original.jpg?1697093353,1680 TWD,in stock,new
652797999fc5fa50bd3c0ad6:65279797e0f703301cff1618,NEUTRAL 防潑水皮革拼接氣墊鞋 黑白(36-44),,https://www.fmshoes.com.tw/products/652797999fc5fa50bd3c0ad6?variation=65279797e0f703301cff1618,https://img.shoplineapp.com/media/image_clips/652796e9931191001a637f45/original.jpg?1697093353,1680 TWD,in stock,new
6551d740e94e4c3407eb01d7:6551d73d8077e1000970c081,FM SHOES 真牛皮厚底+5°C保暖雪靴 黑,,https://www.fmshoes.com.tw/products/6551d740e94e4c3407eb01d7?variation=6551d73d8077e1000970c081,https://img.shoplineapp.com/media/image_clips/6551d66388bedc3a717b021a/original.jpg?1699862114,1680 TWD,in stock,new
6551d740e94e4c3407eb01d7:6551d73d8077e1000970c082,FM SHOES 真牛皮厚底+5°C保暖雪靴 黑,,https://www.fmshoes.com.tw/products/6551d740e94e4c3407eb01d7?variation=6551d73d8077e1000970c082,https://img.shoplineapp.com/media/image_clips/6551d66388bedc3a717b021a/original.jpg?1699862114,1680 TWD,in stock,new
6551d740e94e4c3407eb01d7:6551d73d8077e1000970c084,FM SHOES 真牛皮厚底+5°C保暖雪靴 黑,,https://www.fmshoes.com.tw/products/6551d740e94e4c3407eb01d7?variation=6551d73d8077e1000970c084,https://img.shoplineapp.com/media/image_clips/6551d66388bedc3a717b021a/original.jpg?1699862114,1680 TWD,in stock,new
6551d7c52666ba000ef854fc:6551d7c2347cf2000a485357,FM SHOES 真牛皮厚底+5°C保暖雪靴 栗(36-40),,https://www.fmshoes.com.tw/products/6551d7c52666ba000ef854fc?variation=6551d7c2347cf2000a485357,https://img.shoplineapp.com/media/image_clips/695733e04610104ee8db0c9d/original.jpg?1767322592=&owner_id=627e1d404e691000311b0a4f,1680 TWD,in stock,new
6551d7c52666ba000ef854fc:6551d7c2347cf2000a485358,FM SHOES 真牛皮厚底+5°C保暖雪靴 栗(36-40),,https://www.fmshoes.com.tw/products/6551d7c52666ba000ef854fc?variation=6551d7c2347cf2000a485358,https://img.shoplineapp.com/media/image_clips/695733e04610104ee8db0c9d/original.jpg?1767322592=&owner_id=627e1d404e691000311b0a4f,1680 TWD,in stock,new
6551d7c52666ba000ef854fc:6551d7c2347cf2000a485359,FM SHOES 真牛皮厚底+5°C保暖雪靴 栗(36-40),,https://www.fmshoes.com.tw/products/6551d7c52666ba000ef854fc?variation=6551d7c2347cf2000a485359,https://img.shoplineapp.com/media/image_clips/695733e04610104ee8db0c9d/original.jpg?1767322592=&owner_id=627e1d404e691000311b0a4f,1680 TWD,in stock,new
6551d7c52666ba000ef854fc:6551d7c2347cf2000a48535a,FM SHOES 真牛皮厚底+5°C保暖雪靴 栗(36-40),,https://www.fmshoes.com.tw/products/6551d7c52666ba000ef854fc?variation=6551d7c2347cf2000a48535a,https://img.shoplineapp.com/media/image_clips/695733e04610104ee8db0c9d/original.jpg?1767322592=&owner_id=627e1d404e691000311b0a4f,1680 TWD,in stock,new
6551d7c52666ba000ef854fc:6551d7c2347cf2000a48535b,FM SHOES 真牛皮厚底+5°C保暖雪靴 栗(36-40),,https://www.fmshoes.com.tw/products/6551d7c52666ba000ef854fc?variation=6551d7c2347cf2000a48535b,https://img.shoplineapp.com/media/image_clips/695733e04610104ee8db0c9d/original.jpg?1767322592=&owner_id=627e1d404e691000311b0a4f,1680 TWD,in stock,new
655c085be8a59924ef4974cd:655c0858d211ab001edc3306,FM SHOES 針織厚底工程襪靴 黑(36-42),,https://www.fmshoes.com.tw/products/655c085be8a59924ef4974cd?variation=655c0858d211ab001edc3306,https://img.shoplineapp.com/media/image_clips/655c073833f57e0011e153a0/original.jpg?1700529976,1680 TWD,in stock,new
655c085be8a59924ef4974cd:655c0858d211ab001edc330a,FM SHOES 針織厚底工程襪靴 黑(36-42),,https://www.fmshoes.com.tw/products/655c085be8a59924ef4974cd?variation=655c0858d211ab001edc330a,https://img.shoplineapp.com/media/image_clips/655c073833f57e0011e153a0/original.jpg?1700529976,1680 TWD,in stock,new
655c085be8a59924ef4974cd:655c0858d211ab001edc330b,FM SHOES 針織厚底工程襪靴 黑(36-42),,https://www.fmshoes.com.tw/products/655c085be8a59924ef4974cd?variation=655c0858d211ab001edc330b,https://img.shoplineapp.com/media/image_clips/655c073833f57e0011e153a0/original.jpg?1700529976,1680 TWD,in stock,new
655c085be8a59924ef4974cd:655c0858d211ab001edc330c,FM SHOES 針織厚底工程襪靴 黑(36-42),,https://www.fmshoes.com.tw/products/655c085be8a59924ef4974cd?variation=655c0858d211ab001edc330c,https://img.shoplineapp.com/media/image_clips/655c073833f57e0011e153a0/original.jpg?1700529976,1680 TWD,in stock,new
657bc6d6dfb93b00173eadd9:657bc6d312ca30001830edac,正版米奇造型軟Q厚底紓壓拖鞋MIT製 白,正版米奇造型軟Q厚底紓壓拖鞋MIT製 白,https://www.fmshoes.com.tw/products/657bc6d6dfb93b00173eadd9?variation=657bc6d312ca30001830edac,https://img.shoplineapp.com/media/image_clips/66e159f58d8dbb0013190a04/original.jpg?1726044660,780 TWD,in stock,new
657bc6d6dfb93b00173eadd9:657bc6d312ca30001830edad,正版米奇造型軟Q厚底紓壓拖鞋MIT製 白,正版米奇造型軟Q厚底紓壓拖鞋MIT製 白,https://www.fmshoes.com.tw/products/657bc6d6dfb93b00173eadd9?variation=657bc6d312ca30001830edad,https://img.shoplineapp.com/media/image_clips/66e159f58d8dbb0013190a04/original.jpg?1726044660,780 TWD,in stock,new
657bc6d6dfb93b00173eadd9:657bc6d312ca30001830edae,正版米奇造型軟Q厚底紓壓拖鞋MIT製 白,正版米奇造型軟Q厚底紓壓拖鞋MIT製 白,https://www.fmshoes.com.tw/products/657bc6d6dfb93b00173eadd9?variation=657bc6d312ca30001830edae,https://img.shoplineapp.com/media/image_clips/66e159f58d8dbb0013190a04/original.jpg?1726044660,780 TWD,in stock,new
657bc6d6dfb93b00173eadd9:657bc6d312ca30001830edaf,正版米奇造型軟Q厚底紓壓拖鞋MIT製 白,正版米奇造型軟Q厚底紓壓拖鞋MIT製 白,https://www.fmshoes.com.tw/products/657bc6d6dfb93b00173eadd9?variation=657bc6d312ca30001830edaf,https://img.shoplineapp.com/media/image_clips/66e159f58d8dbb0013190a04/original.jpg?1726044660,780 TWD,in stock,new
657bc6d6dfb93b00173eadd9:657bc6d312ca30001830edb0,正版米奇造型軟Q厚底紓壓拖鞋MIT製 白,正版米奇造型軟Q厚底紓壓拖鞋MIT製 白,https://www.fmshoes.com.tw/products/657bc6d6dfb93b00173eadd9?variation=657bc6d312ca30001830edb0,https://img.shoplineapp.com/media/image_clips/66e159f58d8dbb0013190a04/original.jpg?1726044660,780 TWD,in stock,new
657bc764ffcec000116bac78:657bc761c84abf000c1cd2bd,正版米奇造型軟Q厚底紓壓拖鞋MIT製 粉,正版米奇造型軟Q厚底紓壓拖鞋MIT製 粉,https://www.fmshoes.com.tw/products/657bc764ffcec000116bac78?variation=657bc761c84abf000c1cd2bd,https://img.shoplineapp.com/media/image_clips/66e159c6146afe0010d6a105/original.jpg?1726044614,780 TWD,in stock,new
657bc764ffcec000116bac78:657bc761c84abf000c1cd2be,正版米奇造型軟Q厚底紓壓拖鞋MIT製 粉,正版米奇造型軟Q厚底紓壓拖鞋MIT製 粉,https://www.fmshoes.com.tw/products/657bc764ffcec000116bac78?variation=657bc761c84abf000c1cd2be,https://img.shoplineapp.com/media/image_clips/66e159c6146afe0010d6a105/original.jpg?1726044614,780 TWD,in stock,new
657bc764ffcec000116bac78:657bc761c84abf000c1cd2bf,正版米奇造型軟Q厚底紓壓拖鞋MIT製 粉,正版米奇造型軟Q厚底紓壓拖鞋MIT製 粉,https://www.fmshoes.com.tw/products/657bc764ffcec000116bac78?variation=657bc761c84abf000c1cd2bf,https://img.shoplineapp.com/media/image_clips/66e159c6146afe0010d6a105/original.jpg?1726044614,780 TWD,in stock,new
657bc764ffcec000116bac78:657bc761c84abf000c1cd2c0,正版米奇造型軟Q厚底紓壓拖鞋MIT製 粉,正版米奇造型軟Q厚底紓壓拖鞋MIT製 粉,https://www.fmshoes.com.tw/products/657bc764ffcec000116bac78?variation=657bc761c84abf000c1cd2c0,https://img.shoplineapp.com/media/image_clips/66e159c6146afe0010d6a105/original.jpg?1726044614,780 TWD,in stock,new
657bc764ffcec000116bac78:657bc761c84abf000c1cd2c1,正版米奇造型軟Q厚底紓壓拖鞋MIT製 粉,正版米奇造型軟Q厚底紓壓拖鞋MIT製 粉,https://www.fmshoes.com.tw/products/657bc764ffcec000116bac78?variation=657bc761c84abf000c1cd2c1,https://img.shoplineapp.com/media/image_clips/66e159c6146afe0010d6a105/original.jpg?1726044614,780 TWD,in stock,new
657bc7e1200770000ef0b295:657bc7de6c8f81000ceb7f3c,正版米奇造型軟Q厚底紓壓拖鞋MIT製 黑,正版米奇造型軟Q厚底紓壓拖鞋MIT製 黑,https://www.fmshoes.com.tw/products/657bc7e1200770000ef0b295?variation=657bc7de6c8f81000ceb7f3c,https://img.shoplineapp.com/media/image_clips/66e159debc774b0019c18533/original.jpg?1726044638,780 TWD,in stock,new
657bc7e1200770000ef0b295:657bc7de6c8f81000ceb7f3d,正版米奇造型軟Q厚底紓壓拖鞋MIT製 黑,正版米奇造型軟Q厚底紓壓拖鞋MIT製 黑,https://www.fmshoes.com.tw/products/657bc7e1200770000ef0b295?variation=657bc7de6c8f81000ceb7f3d,https://img.shoplineapp.com/media/image_clips/66e159debc774b0019c18533/original.jpg?1726044638,780 TWD,in stock,new
657bc7e1200770000ef0b295:657bc7de6c8f81000ceb7f3e,正版米奇造型軟Q厚底紓壓拖鞋MIT製 黑,正版米奇造型軟Q厚底紓壓拖鞋MIT製 黑,https://www.fmshoes.com.tw/products/657bc7e1200770000ef0b295?variation=657bc7de6c8f81000ceb7f3e,https://img.shoplineapp.com/media/image_clips/66e159debc774b0019c18533/original.jpg?1726044638,780 TWD,in stock,new
657bc7e1200770000ef0b295:657bc7de6c8f81000ceb7f3f,正版米奇造型軟Q厚底紓壓拖鞋MIT製 黑,正版米奇造型軟Q厚底紓壓拖鞋MIT製 黑,https://www.fmshoes.com.tw/products/657bc7e1200770000ef0b295?variation=657bc7de6c8f81000ceb7f3f,https://img.shoplineapp.com/media/image_clips/66e159debc774b0019c18533/original.jpg?1726044638,780 TWD,in stock,new
657bc7e1200770000ef0b295:657bc7de6c8f81000ceb7f40,正版米奇造型軟Q厚底紓壓拖鞋MIT製 黑,正版米奇造型軟Q厚底紓壓拖鞋MIT製 黑,https://www.fmshoes.com.tw/products/657bc7e1200770000ef0b295?variation=657bc7de6c8f81000ceb7f40,https://img.shoplineapp.com/media/image_clips/66e159debc774b0019c18533/original.jpg?1726044638,780 TWD,in stock,new
657bcb62507e02001afea069:657bcb5f65bbc100189382b1,正版米奇造型軟Q厚底紓壓拖鞋MIT製 奶茶,正版米奇造型軟Q厚底紓壓拖鞋MIT製 奶茶,https://www.fmshoes.com.tw/products/657bcb62507e02001afea069?variation=657bcb5f65bbc100189382b1,https://img.shoplineapp.com/media/image_clips/66e15a21cc87b200229b1896/original.jpg?1726044704,780 TWD,in stock,new
657bcb62507e02001afea069:657bcb5f65bbc100189382b2,正版米奇造型軟Q厚底紓壓拖鞋MIT製 奶茶,正版米奇造型軟Q厚底紓壓拖鞋MIT製 奶茶,https://www.fmshoes.com.tw/products/657bcb62507e02001afea069?variation=657bcb5f65bbc100189382b2,https://img.shoplineapp.com/media/image_clips/66e15a21cc87b200229b1896/original.jpg?1726044704,780 TWD,in stock,new
657bcb62507e02001afea069:657bcb5f65bbc100189382b3,正版米奇造型軟Q厚底紓壓拖鞋MIT製 奶茶,正版米奇造型軟Q厚底紓壓拖鞋MIT製 奶茶,https://www.fmshoes.com.tw/products/657bcb62507e02001afea069?variation=657bcb5f65bbc100189382b3,https://img.shoplineapp.com/media/image_clips/66e15a21cc87b200229b1896/original.jpg?1726044704,780 TWD,in stock,new
657bcb62507e02001afea069:657bcb5f65bbc100189382b4,正版米奇造型軟Q厚底紓壓拖鞋MIT製 奶茶,正版米奇造型軟Q厚底紓壓拖鞋MIT製 奶茶,https://www.fmshoes.com.tw/products/657bcb62507e02001afea069?variation=657bcb5f65bbc100189382b4,https://img.shoplineapp.com/media/image_clips/66e15a21cc87b200229b1896/original.jpg?1726044704,780 TWD,in stock,new
657bcb62507e02001afea069:657bcb5f65bbc100189382b5,正版米奇造型軟Q厚底紓壓拖鞋MIT製 奶茶,正版米奇造型軟Q厚底紓壓拖鞋MIT製 奶茶,https://www.fmshoes.com.tw/products/657bcb62507e02001afea069?variation=657bcb5f65bbc100189382b5,https://img.shoplineapp.com/media/image_clips/66e15a21cc87b200229b1896/original.jpg?1726044704,780 TWD,in stock,new
657bcd1c590f830023018c36:657bcd1a65bbc100129382b2,D123483-A正版迪士尼飾片輕量防水洞洞鞋 奶茶,,https://www.fmshoes.com.tw/products/657bcd1c590f830023018c36?variation=657bcd1a65bbc100129382b2,https://img.shoplineapp.com/media/image_clips/66e157826b542300194d2588/original.jpg?1726044033,1080 TWD,in stock,new
657bcd1c590f830023018c36:657bcd1a65bbc100129382b3,D123483-A正版迪士尼飾片輕量防水洞洞鞋 奶茶,,https://www.fmshoes.com.tw/products/657bcd1c590f830023018c36?variation=657bcd1a65bbc100129382b3,https://img.shoplineapp.com/media/image_clips/66e157826b542300194d2588/original.jpg?1726044033,1080 TWD,in stock,new
657bcd1c590f830023018c36:657bcd1a65bbc100129382b4,D123483-A正版迪士尼飾片輕量防水洞洞鞋 奶茶,,https://www.fmshoes.com.tw/products/657bcd1c590f830023018c36?variation=657bcd1a65bbc100129382b4,https://img.shoplineapp.com/media/image_clips/66e157826b542300194d2588/original.jpg?1726044033,1080 TWD,in stock,new
657bcd1c590f830023018c36:657bcd1a65bbc100129382b5,D123483-A正版迪士尼飾片輕量防水洞洞鞋 奶茶,,https://www.fmshoes.com.tw/products/657bcd1c590f830023018c36?variation=657bcd1a65bbc100129382b5,https://img.shoplineapp.com/media/image_clips/66e157826b542300194d2588/original.jpg?1726044033,1080 TWD,in stock,new
657bcd1c590f830023018c36:657bcd1a65bbc100129382b6,D123483-A正版迪士尼飾片輕量防水洞洞鞋 奶茶,,https://www.fmshoes.com.tw/products/657bcd1c590f830023018c36?variation=657bcd1a65bbc100129382b6,https://img.shoplineapp.com/media/image_clips/66e157826b542300194d2588/original.jpg?1726044033,1080 TWD,in stock,new
657bcd1c590f830023018c36:657bcd1a65bbc100129382b7,D123483-A正版迪士尼飾片輕量防水洞洞鞋 奶茶,,https://www.fmshoes.com.tw/products/657bcd1c590f830023018c36?variation=657bcd1a65bbc100129382b7,https://img.shoplineapp.com/media/image_clips/66e157826b542300194d2588/original.jpg?1726044033,1080 TWD,in stock,new
657bcda74093270017912880:657bcda44c7db00009a2aaeb,D123483-B正版迪士尼飾片輕量防水洞洞鞋 黑,,https://www.fmshoes.com.tw/products/657bcda74093270017912880?variation=657bcda44c7db00009a2aaeb,https://img.shoplineapp.com/media/image_clips/66e15797e6fbe9002231796c/original.jpg?1726044054,1080 TWD,in stock,new
657bcda74093270017912880:657bcda44c7db00009a2aaec,D123483-B正版迪士尼飾片輕量防水洞洞鞋 黑,,https://www.fmshoes.com.tw/products/657bcda74093270017912880?variation=657bcda44c7db00009a2aaec,https://img.shoplineapp.com/media/image_clips/66e15797e6fbe9002231796c/original.jpg?1726044054,1080 TWD,in stock,new
657bcda74093270017912880:657bcda44c7db00009a2aaed,D123483-B正版迪士尼飾片輕量防水洞洞鞋 黑,,https://www.fmshoes.com.tw/products/657bcda74093270017912880?variation=657bcda44c7db00009a2aaed,https://img.shoplineapp.com/media/image_clips/66e15797e6fbe9002231796c/original.jpg?1726044054,1080 TWD,in stock,new
657bcda74093270017912880:657bcda44c7db00009a2aaee,D123483-B正版迪士尼飾片輕量防水洞洞鞋 黑,,https://www.fmshoes.com.tw/products/657bcda74093270017912880?variation=657bcda44c7db00009a2aaee,https://img.shoplineapp.com/media/image_clips/66e15797e6fbe9002231796c/original.jpg?1726044054,1080 TWD,in stock,new
657bcda74093270017912880:657bcda44c7db00009a2aaef,D123483-B正版迪士尼飾片輕量防水洞洞鞋 黑,,https://www.fmshoes.com.tw/products/657bcda74093270017912880?variation=657bcda44c7db00009a2aaef,https://img.shoplineapp.com/media/image_clips/66e15797e6fbe9002231796c/original.jpg?1726044054,1080 TWD,in stock,new
657bcda74093270017912880:657bcda44c7db00009a2aaf0,D123483-B正版迪士尼飾片輕量防水洞洞鞋 黑,,https://www.fmshoes.com.tw/products/657bcda74093270017912880?variation=657bcda44c7db00009a2aaf0,https://img.shoplineapp.com/media/image_clips/66e15797e6fbe9002231796c/original.jpg?1726044054,1080 TWD,in stock,new
6583ae8266d755001aa36323,NEUTRAL X MrsBanana 香蕉太太聯名牛仔帽,,https://www.fmshoes.com.tw/products/6583ae8266d755001aa36323,https://img.shoplineapp.com/media/image_clips/69ae702f1f5cb29d115c0998/original.jpg?1773039663=&owner_id=627e1d404e691000311b0a4f,780 TWD,in stock,new
65bc8d861832a4001bc9ebad:65bc8d841be5a0b0725bac22,FM SHOES 方頭貓跟高跟鞋 黑(36-41),,https://www.fmshoes.com.tw/products/65bc8d861832a4001bc9ebad?variation=65bc8d841be5a0b0725bac22,https://img.shoplineapp.com/media/image_clips/66e10931099a52001382ad8c/original.jpg?1726023985,1480 TWD,in stock,new
65bc8e9b76ad8100200dd491:65bc8e99c08171001e924cee,FM SHOES 方頭貓跟高跟鞋 灰(36-41),,https://www.fmshoes.com.tw/products/65bc8e9b76ad8100200dd491?variation=65bc8e99c08171001e924cee,https://img.shoplineapp.com/media/image_clips/69576045cfbe295b440e7864/original.jpg?1767333956=&owner_id=627e1d404e691000311b0a4f,1480 TWD,in stock,new
65bc8e9b76ad8100200dd491:65bc8e99c08171001e924cf0,FM SHOES 方頭貓跟高跟鞋 灰(36-41),,https://www.fmshoes.com.tw/products/65bc8e9b76ad8100200dd491?variation=65bc8e99c08171001e924cf0,https://img.shoplineapp.com/media/image_clips/69576045cfbe295b440e7864/original.jpg?1767333956=&owner_id=627e1d404e691000311b0a4f,1480 TWD,in stock,new
65bc8f1249a6fb00114571a8:65bc8f0f4f0eaf000a17ab62,FM SHOES 方頭貓跟高跟鞋 粉(36-41),,https://www.fmshoes.com.tw/products/65bc8f1249a6fb00114571a8?variation=65bc8f0f4f0eaf000a17ab62,https://img.shoplineapp.com/media/image_clips/66e1094ae88b8f0010541f7d/original.jpg?1726024010,1480 TWD,in stock,new
65bc8f1249a6fb00114571a8:65bc8f0f4f0eaf000a17ab64,FM SHOES 方頭貓跟高跟鞋 粉(36-41),,https://www.fmshoes.com.tw/products/65bc8f1249a6fb00114571a8?variation=65bc8f0f4f0eaf000a17ab64,https://img.shoplineapp.com/media/image_clips/66e1094ae88b8f0010541f7d/original.jpg?1726024010,1480 TWD,in stock,new
65bc8f1249a6fb00114571a8:65bc8f0f4f0eaf000a17ab65,FM SHOES 方頭貓跟高跟鞋 粉(36-41),,https://www.fmshoes.com.tw/products/65bc8f1249a6fb00114571a8?variation=65bc8f0f4f0eaf000a17ab65,https://img.shoplineapp.com/media/image_clips/66e1094ae88b8f0010541f7d/original.jpg?1726024010,1480 TWD,in stock,new
65c077558e717400114af88b:6604e7500041bb001f9ca891,好運發財四分襪(1雙入),好運發財四分襪(1雙入),https://www.fmshoes.com.tw/products/65c077558e717400114af88b?variation=6604e7500041bb001f9ca891,https://img.shoplineapp.com/media/image_clips/676a1f3c05db3b000d5e350d/original.jpg?1735008060,139 TWD,in stock,new
65c077558e717400114af88b:6604e7500041bb001f9ca893,好運發財四分襪(1雙入),好運發財四分襪(1雙入),https://www.fmshoes.com.tw/products/65c077558e717400114af88b?variation=6604e7500041bb001f9ca893,https://img.shoplineapp.com/media/image_clips/676a1f3c05db3b000d5e350d/original.jpg?1735008060,139 TWD,in stock,new
65c077558e717400114af88b:676a08efe3c106000d2bc0b8,好運發財四分襪(1雙入),好運發財四分襪(1雙入),https://www.fmshoes.com.tw/products/65c077558e717400114af88b?variation=676a08efe3c106000d2bc0b8,https://img.shoplineapp.com/media/image_clips/676a1f3c05db3b000d5e350d/original.jpg?1735008060,139 TWD,in stock,new
65d83f89f308f1000ea49f4c:65d83f879f9d120015c668e7,FM SHOES 素面尖頭低跟包鞋 米(36-43),,https://www.fmshoes.com.tw/products/65d83f89f308f1000ea49f4c?variation=65d83f879f9d120015c668e7,https://img.shoplineapp.com/media/image_clips/65d83e05bba406000e31d773/original.jpg?1708670469,780 TWD,in stock,new
65d83f89f308f1000ea49f4c:65d83f879f9d120015c668e8,FM SHOES 素面尖頭低跟包鞋 米(36-43),,https://www.fmshoes.com.tw/products/65d83f89f308f1000ea49f4c?variation=65d83f879f9d120015c668e8,https://img.shoplineapp.com/media/image_clips/65d83e05bba406000e31d773/original.jpg?1708670469,780 TWD,in stock,new
65d83f89f308f1000ea49f4c:65d83f879f9d120015c668e9,FM SHOES 素面尖頭低跟包鞋 米(36-43),,https://www.fmshoes.com.tw/products/65d83f89f308f1000ea49f4c?variation=65d83f879f9d120015c668e9,https://img.shoplineapp.com/media/image_clips/65d83e05bba406000e31d773/original.jpg?1708670469,780 TWD,in stock,new
65d83f89f308f1000ea49f4c:65d83f879f9d120015c668ea,FM SHOES 素面尖頭低跟包鞋 米(36-43),,https://www.fmshoes.com.tw/products/65d83f89f308f1000ea49f4c?variation=65d83f879f9d120015c668ea,https://img.shoplineapp.com/media/image_clips/65d83e05bba406000e31d773/original.jpg?1708670469,780 TWD,in stock,new
65d83f89f308f1000ea49f4c:65d83f879f9d120015c668eb,FM SHOES 素面尖頭低跟包鞋 米(36-43),,https://www.fmshoes.com.tw/products/65d83f89f308f1000ea49f4c?variation=65d83f879f9d120015c668eb,https://img.shoplineapp.com/media/image_clips/65d83e05bba406000e31d773/original.jpg?1708670469,780 TWD,in stock,new
65d83f89f308f1000ea49f4c:65d83f879f9d120015c668ec,FM SHOES 素面尖頭低跟包鞋 米(36-43),,https://www.fmshoes.com.tw/products/65d83f89f308f1000ea49f4c?variation=65d83f879f9d120015c668ec,https://img.shoplineapp.com/media/image_clips/65d83e05bba406000e31d773/original.jpg?1708670469,780 TWD,in stock,new
65d83f89f308f1000ea49f4c:6659756cfba1d17a360fbb42,FM SHOES 素面尖頭低跟包鞋 米(36-43),,https://www.fmshoes.com.tw/products/65d83f89f308f1000ea49f4c?variation=6659756cfba1d17a360fbb42,https://img.shoplineapp.com/media/image_clips/65d83e05bba406000e31d773/original.jpg?1708670469,780 TWD,in stock,new
65d83f89f308f1000ea49f4c:6659756cfba1d17a360fbb43,FM SHOES 素面尖頭低跟包鞋 米(36-43),,https://www.fmshoes.com.tw/products/65d83f89f308f1000ea49f4c?variation=6659756cfba1d17a360fbb43,https://img.shoplineapp.com/media/image_clips/65d83e05bba406000e31d773/original.jpg?1708670469,780 TWD,in stock,new
65d840482e4d89001744270b:65d84046d5f882001bb84a4a,FM SHOES 素面尖頭低跟包鞋 奶茶(36-43),,https://www.fmshoes.com.tw/products/65d840482e4d89001744270b?variation=65d84046d5f882001bb84a4a,https://img.shoplineapp.com/media/image_clips/65d83fc9c6a716001584ffa6/original.jpg?1708670921,780 TWD,in stock,new
65d840482e4d89001744270b:65d84046d5f882001bb84a4b,FM SHOES 素面尖頭低跟包鞋 奶茶(36-43),,https://www.fmshoes.com.tw/products/65d840482e4d89001744270b?variation=65d84046d5f882001bb84a4b,https://img.shoplineapp.com/media/image_clips/65d83fc9c6a716001584ffa6/original.jpg?1708670921,780 TWD,in stock,new
65d840482e4d89001744270b:65d84046d5f882001bb84a4c,FM SHOES 素面尖頭低跟包鞋 奶茶(36-43),,https://www.fmshoes.com.tw/products/65d840482e4d89001744270b?variation=65d84046d5f882001bb84a4c,https://img.shoplineapp.com/media/image_clips/65d83fc9c6a716001584ffa6/original.jpg?1708670921,780 TWD,in stock,new
65d840482e4d89001744270b:65d84046d5f882001bb84a4d,FM SHOES 素面尖頭低跟包鞋 奶茶(36-43),,https://www.fmshoes.com.tw/products/65d840482e4d89001744270b?variation=65d84046d5f882001bb84a4d,https://img.shoplineapp.com/media/image_clips/65d83fc9c6a716001584ffa6/original.jpg?1708670921,780 TWD,in stock,new
65d840482e4d89001744270b:65d84046d5f882001bb84a4e,FM SHOES 素面尖頭低跟包鞋 奶茶(36-43),,https://www.fmshoes.com.tw/products/65d840482e4d89001744270b?variation=65d84046d5f882001bb84a4e,https://img.shoplineapp.com/media/image_clips/65d83fc9c6a716001584ffa6/original.jpg?1708670921,780 TWD,in stock,new
65d840482e4d89001744270b:65d84046d5f882001bb84a4f,FM SHOES 素面尖頭低跟包鞋 奶茶(36-43),,https://www.fmshoes.com.tw/products/65d840482e4d89001744270b?variation=65d84046d5f882001bb84a4f,https://img.shoplineapp.com/media/image_clips/65d83fc9c6a716001584ffa6/original.jpg?1708670921,780 TWD,in stock,new
65d840482e4d89001744270b:665975b3b311f100097ccbbc,FM SHOES 素面尖頭低跟包鞋 奶茶(36-43),,https://www.fmshoes.com.tw/products/65d840482e4d89001744270b?variation=665975b3b311f100097ccbbc,https://img.shoplineapp.com/media/image_clips/65d83fc9c6a716001584ffa6/original.jpg?1708670921,780 TWD,in stock,new
65d840482e4d89001744270b:665975b3b311f100097ccbbd,FM SHOES 素面尖頭低跟包鞋 奶茶(36-43),,https://www.fmshoes.com.tw/products/65d840482e4d89001744270b?variation=665975b3b311f100097ccbbd,https://img.shoplineapp.com/media/image_clips/65d83fc9c6a716001584ffa6/original.jpg?1708670921,780 TWD,in stock,new
65d840c2d7ccd4d13ff00ef3:65d840c0b81603001bdeac7d,FM SHOES 素面尖頭低跟包鞋 黃(36-43),,https://www.fmshoes.com.tw/products/65d840c2d7ccd4d13ff00ef3?variation=65d840c0b81603001bdeac7d,https://img.shoplineapp.com/media/image_clips/65d862202869cd000ef756fb/original.jpg?1708679712,780 TWD,in stock,new
65d840c2d7ccd4d13ff00ef3:65d840c0b81603001bdeac7e,FM SHOES 素面尖頭低跟包鞋 黃(36-43),,https://www.fmshoes.com.tw/products/65d840c2d7ccd4d13ff00ef3?variation=65d840c0b81603001bdeac7e,https://img.shoplineapp.com/media/image_clips/65d862202869cd000ef756fb/original.jpg?1708679712,780 TWD,in stock,new
65d840c2d7ccd4d13ff00ef3:65d840c0b81603001bdeac7f,FM SHOES 素面尖頭低跟包鞋 黃(36-43),,https://www.fmshoes.com.tw/products/65d840c2d7ccd4d13ff00ef3?variation=65d840c0b81603001bdeac7f,https://img.shoplineapp.com/media/image_clips/65d862202869cd000ef756fb/original.jpg?1708679712,780 TWD,in stock,new
65d840c2d7ccd4d13ff00ef3:65d840c0b81603001bdeac80,FM SHOES 素面尖頭低跟包鞋 黃(36-43),,https://www.fmshoes.com.tw/products/65d840c2d7ccd4d13ff00ef3?variation=65d840c0b81603001bdeac80,https://img.shoplineapp.com/media/image_clips/65d862202869cd000ef756fb/original.jpg?1708679712,780 TWD,in stock,new
65d840c2d7ccd4d13ff00ef3:65d840c0b81603001bdeac81,FM SHOES 素面尖頭低跟包鞋 黃(36-43),,https://www.fmshoes.com.tw/products/65d840c2d7ccd4d13ff00ef3?variation=65d840c0b81603001bdeac81,https://img.shoplineapp.com/media/image_clips/65d862202869cd000ef756fb/original.jpg?1708679712,780 TWD,in stock,new
65d840c2d7ccd4d13ff00ef3:65d840c0b81603001bdeac82,FM SHOES 素面尖頭低跟包鞋 黃(36-43),,https://www.fmshoes.com.tw/products/65d840c2d7ccd4d13ff00ef3?variation=65d840c0b81603001bdeac82,https://img.shoplineapp.com/media/image_clips/65d862202869cd000ef756fb/original.jpg?1708679712,780 TWD,in stock,new
65d840c2d7ccd4d13ff00ef3:665975df68f27e5e9f0b1608,FM SHOES 素面尖頭低跟包鞋 黃(36-43),,https://www.fmshoes.com.tw/products/65d840c2d7ccd4d13ff00ef3?variation=665975df68f27e5e9f0b1608,https://img.shoplineapp.com/media/image_clips/65d862202869cd000ef756fb/original.jpg?1708679712,780 TWD,in stock,new
65d840c2d7ccd4d13ff00ef3:665975df68f27e5e9f0b1609,FM SHOES 素面尖頭低跟包鞋 黃(36-43),,https://www.fmshoes.com.tw/products/65d840c2d7ccd4d13ff00ef3?variation=665975df68f27e5e9f0b1609,https://img.shoplineapp.com/media/image_clips/65d862202869cd000ef756fb/original.jpg?1708679712,780 TWD,in stock,new
65d84131b42b15001d079512:65d8412fed553c001b59cc0d,FM SHOES 素面尖頭低跟包鞋 玫紅(36-43),,https://www.fmshoes.com.tw/products/65d84131b42b15001d079512?variation=65d8412fed553c001b59cc0d,https://img.shoplineapp.com/media/image_clips/65d861e07f0a33002011e15f/original.jpg?1708679648,780 TWD,in stock,new
65d84131b42b15001d079512:65d8412fed553c001b59cc0e,FM SHOES 素面尖頭低跟包鞋 玫紅(36-43),,https://www.fmshoes.com.tw/products/65d84131b42b15001d079512?variation=65d8412fed553c001b59cc0e,https://img.shoplineapp.com/media/image_clips/65d861e07f0a33002011e15f/original.jpg?1708679648,780 TWD,in stock,new
65d84131b42b15001d079512:65d8412fed553c001b59cc0f,FM SHOES 素面尖頭低跟包鞋 玫紅(36-43),,https://www.fmshoes.com.tw/products/65d84131b42b15001d079512?variation=65d8412fed553c001b59cc0f,https://img.shoplineapp.com/media/image_clips/65d861e07f0a33002011e15f/original.jpg?1708679648,780 TWD,in stock,new
65d84131b42b15001d079512:65d8412fed553c001b59cc10,FM SHOES 素面尖頭低跟包鞋 玫紅(36-43),,https://www.fmshoes.com.tw/products/65d84131b42b15001d079512?variation=65d8412fed553c001b59cc10,https://img.shoplineapp.com/media/image_clips/65d861e07f0a33002011e15f/original.jpg?1708679648,780 TWD,in stock,new
65d84131b42b15001d079512:65d8412fed553c001b59cc11,FM SHOES 素面尖頭低跟包鞋 玫紅(36-43),,https://www.fmshoes.com.tw/products/65d84131b42b15001d079512?variation=65d8412fed553c001b59cc11,https://img.shoplineapp.com/media/image_clips/65d861e07f0a33002011e15f/original.jpg?1708679648,780 TWD,in stock,new
65d84131b42b15001d079512:65d8412fed553c001b59cc12,FM SHOES 素面尖頭低跟包鞋 玫紅(36-43),,https://www.fmshoes.com.tw/products/65d84131b42b15001d079512?variation=65d8412fed553c001b59cc12,https://img.shoplineapp.com/media/image_clips/65d861e07f0a33002011e15f/original.jpg?1708679648,780 TWD,in stock,new
65d84131b42b15001d079512:6659760c545494fcb0a2e227,FM SHOES 素面尖頭低跟包鞋 玫紅(36-43),,https://www.fmshoes.com.tw/products/65d84131b42b15001d079512?variation=6659760c545494fcb0a2e227,https://img.shoplineapp.com/media/image_clips/65d861e07f0a33002011e15f/original.jpg?1708679648,780 TWD,in stock,new
65d84131b42b15001d079512:6659760c545494fcb0a2e228,FM SHOES 素面尖頭低跟包鞋 玫紅(36-43),,https://www.fmshoes.com.tw/products/65d84131b42b15001d079512?variation=6659760c545494fcb0a2e228,https://img.shoplineapp.com/media/image_clips/65d861e07f0a33002011e15f/original.jpg?1708679648,780 TWD,in stock,new
65d841c13a45cb631d2ed0ac:65d841bfd5f882001eb84a4f,FM SHOES 素面尖頭低跟包鞋 藍(36-43),,https://www.fmshoes.com.tw/products/65d841c13a45cb631d2ed0ac?variation=65d841bfd5f882001eb84a4f,https://img.shoplineapp.com/media/image_clips/69575ee851b22b7be21e1d00/original.jpg?1767333608=&owner_id=627e1d404e691000311b0a4f,780 TWD,in stock,new
65d841c13a45cb631d2ed0ac:65d841bfd5f882001eb84a50,FM SHOES 素面尖頭低跟包鞋 藍(36-43),,https://www.fmshoes.com.tw/products/65d841c13a45cb631d2ed0ac?variation=65d841bfd5f882001eb84a50,https://img.shoplineapp.com/media/image_clips/69575ee851b22b7be21e1d00/original.jpg?1767333608=&owner_id=627e1d404e691000311b0a4f,780 TWD,in stock,new
65d841c13a45cb631d2ed0ac:65d841bfd5f882001eb84a51,FM SHOES 素面尖頭低跟包鞋 藍(36-43),,https://www.fmshoes.com.tw/products/65d841c13a45cb631d2ed0ac?variation=65d841bfd5f882001eb84a51,https://img.shoplineapp.com/media/image_clips/69575ee851b22b7be21e1d00/original.jpg?1767333608=&owner_id=627e1d404e691000311b0a4f,780 TWD,in stock,new
65d841c13a45cb631d2ed0ac:65d841bfd5f882001eb84a52,FM SHOES 素面尖頭低跟包鞋 藍(36-43),,https://www.fmshoes.com.tw/products/65d841c13a45cb631d2ed0ac?variation=65d841bfd5f882001eb84a52,https://img.shoplineapp.com/media/image_clips/69575ee851b22b7be21e1d00/original.jpg?1767333608=&owner_id=627e1d404e691000311b0a4f,780 TWD,in stock,new
65d841c13a45cb631d2ed0ac:65d841bfd5f882001eb84a53,FM SHOES 素面尖頭低跟包鞋 藍(36-43),,https://www.fmshoes.com.tw/products/65d841c13a45cb631d2ed0ac?variation=65d841bfd5f882001eb84a53,https://img.shoplineapp.com/media/image_clips/69575ee851b22b7be21e1d00/original.jpg?1767333608=&owner_id=627e1d404e691000311b0a4f,780 TWD,in stock,new
65d841c13a45cb631d2ed0ac:65d841bfd5f882001eb84a54,FM SHOES 素面尖頭低跟包鞋 藍(36-43),,https://www.fmshoes.com.tw/products/65d841c13a45cb631d2ed0ac?variation=65d841bfd5f882001eb84a54,https://img.shoplineapp.com/media/image_clips/69575ee851b22b7be21e1d00/original.jpg?1767333608=&owner_id=627e1d404e691000311b0a4f,780 TWD,in stock,new
65d841c13a45cb631d2ed0ac:66597638be3708c20d6da017,FM SHOES 素面尖頭低跟包鞋 藍(36-43),,https://www.fmshoes.com.tw/products/65d841c13a45cb631d2ed0ac?variation=66597638be3708c20d6da017,https://img.shoplineapp.com/media/image_clips/69575ee851b22b7be21e1d00/original.jpg?1767333608=&owner_id=627e1d404e691000311b0a4f,780 TWD,in stock,new
65d841c13a45cb631d2ed0ac:66597638be3708c20d6da018,FM SHOES 素面尖頭低跟包鞋 藍(36-43),,https://www.fmshoes.com.tw/products/65d841c13a45cb631d2ed0ac?variation=66597638be3708c20d6da018,https://img.shoplineapp.com/media/image_clips/69575ee851b22b7be21e1d00/original.jpg?1767333608=&owner_id=627e1d404e691000311b0a4f,780 TWD,in stock,new
65d8421e3f02bf001af216be:65d8421c88018f001837090a,FM SHOES 素面尖頭低跟包鞋 黑(36-43),,https://www.fmshoes.com.tw/products/65d8421e3f02bf001af216be?variation=65d8421c88018f001837090a,https://img.shoplineapp.com/media/image_clips/69575f72461010e306db0ed6/original.jpg?1767333746=&owner_id=627e1d404e691000311b0a4f,780 TWD,in stock,new
65d8421e3f02bf001af216be:65d8421c88018f001837090b,FM SHOES 素面尖頭低跟包鞋 黑(36-43),,https://www.fmshoes.com.tw/products/65d8421e3f02bf001af216be?variation=65d8421c88018f001837090b,https://img.shoplineapp.com/media/image_clips/69575f72461010e306db0ed6/original.jpg?1767333746=&owner_id=627e1d404e691000311b0a4f,780 TWD,in stock,new
65d8421e3f02bf001af216be:65d8421c88018f001837090c,FM SHOES 素面尖頭低跟包鞋 黑(36-43),,https://www.fmshoes.com.tw/products/65d8421e3f02bf001af216be?variation=65d8421c88018f001837090c,https://img.shoplineapp.com/media/image_clips/69575f72461010e306db0ed6/original.jpg?1767333746=&owner_id=627e1d404e691000311b0a4f,780 TWD,in stock,new
65d8421e3f02bf001af216be:65d8421c88018f001837090d,FM SHOES 素面尖頭低跟包鞋 黑(36-43),,https://www.fmshoes.com.tw/products/65d8421e3f02bf001af216be?variation=65d8421c88018f001837090d,https://img.shoplineapp.com/media/image_clips/69575f72461010e306db0ed6/original.jpg?1767333746=&owner_id=627e1d404e691000311b0a4f,780 TWD,in stock,new
65d8421e3f02bf001af216be:65d8421c88018f001837090e,FM SHOES 素面尖頭低跟包鞋 黑(36-43),,https://www.fmshoes.com.tw/products/65d8421e3f02bf001af216be?variation=65d8421c88018f001837090e,https://img.shoplineapp.com/media/image_clips/69575f72461010e306db0ed6/original.jpg?1767333746=&owner_id=627e1d404e691000311b0a4f,780 TWD,in stock,new
65d8421e3f02bf001af216be:65d8421c88018f001837090f,FM SHOES 素面尖頭低跟包鞋 黑(36-43),,https://www.fmshoes.com.tw/products/65d8421e3f02bf001af216be?variation=65d8421c88018f001837090f,https://img.shoplineapp.com/media/image_clips/69575f72461010e306db0ed6/original.jpg?1767333746=&owner_id=627e1d404e691000311b0a4f,780 TWD,in stock,new
65d8421e3f02bf001af216be:6659766093852d58b764190b,FM SHOES 素面尖頭低跟包鞋 黑(36-43),,https://www.fmshoes.com.tw/products/65d8421e3f02bf001af216be?variation=6659766093852d58b764190b,https://img.shoplineapp.com/media/image_clips/69575f72461010e306db0ed6/original.jpg?1767333746=&owner_id=627e1d404e691000311b0a4f,780 TWD,in stock,new
65d8421e3f02bf001af216be:6659766093852d58b764190c,FM SHOES 素面尖頭低跟包鞋 黑(36-43),,https://www.fmshoes.com.tw/products/65d8421e3f02bf001af216be?variation=6659766093852d58b764190c,https://img.shoplineapp.com/media/image_clips/69575f72461010e306db0ed6/original.jpg?1767333746=&owner_id=627e1d404e691000311b0a4f,780 TWD,in stock,new
65ee9e781b050a7878fdcb8e:65ee9e76bd127a001b7ae495,NEUTRAL 雙帶防潑減壓休閒涼鞋 黑(35-44),,https://www.fmshoes.com.tw/products/65ee9e781b050a7878fdcb8e?variation=65ee9e76bd127a001b7ae495,https://img.shoplineapp.com/media/image_clips/66da70a7ca60a3001f1190a6/original.jpg?1725591719,1680 TWD,in stock,new
65ee9e781b050a7878fdcb8e:65ee9e76bd127a001b7ae496,NEUTRAL 雙帶防潑減壓休閒涼鞋 黑(35-44),,https://www.fmshoes.com.tw/products/65ee9e781b050a7878fdcb8e?variation=65ee9e76bd127a001b7ae496,https://img.shoplineapp.com/media/image_clips/66da70a7ca60a3001f1190a6/original.jpg?1725591719,1680 TWD,in stock,new
65ee9e781b050a7878fdcb8e:65ee9e76bd127a001b7ae497,NEUTRAL 雙帶防潑減壓休閒涼鞋 黑(35-44),,https://www.fmshoes.com.tw/products/65ee9e781b050a7878fdcb8e?variation=65ee9e76bd127a001b7ae497,https://img.shoplineapp.com/media/image_clips/66da70a7ca60a3001f1190a6/original.jpg?1725591719,1680 TWD,in stock,new
65ee9e781b050a7878fdcb8e:65ee9e76bd127a001b7ae498,NEUTRAL 雙帶防潑減壓休閒涼鞋 黑(35-44),,https://www.fmshoes.com.tw/products/65ee9e781b050a7878fdcb8e?variation=65ee9e76bd127a001b7ae498,https://img.shoplineapp.com/media/image_clips/66da70a7ca60a3001f1190a6/original.jpg?1725591719,1680 TWD,in stock,new
65ee9e781b050a7878fdcb8e:65ee9e76bd127a001b7ae499,NEUTRAL 雙帶防潑減壓休閒涼鞋 黑(35-44),,https://www.fmshoes.com.tw/products/65ee9e781b050a7878fdcb8e?variation=65ee9e76bd127a001b7ae499,https://img.shoplineapp.com/media/image_clips/66da70a7ca60a3001f1190a6/original.jpg?1725591719,1680 TWD,in stock,new
65ee9e781b050a7878fdcb8e:65ee9e76bd127a001b7ae49a,NEUTRAL 雙帶防潑減壓休閒涼鞋 黑(35-44),,https://www.fmshoes.com.tw/products/65ee9e781b050a7878fdcb8e?variation=65ee9e76bd127a001b7ae49a,https://img.shoplineapp.com/media/image_clips/66da70a7ca60a3001f1190a6/original.jpg?1725591719,1680 TWD,in stock,new
65ee9e781b050a7878fdcb8e:65ee9e76bd127a001b7ae49b,NEUTRAL 雙帶防潑減壓休閒涼鞋 黑(35-44),,https://www.fmshoes.com.tw/products/65ee9e781b050a7878fdcb8e?variation=65ee9e76bd127a001b7ae49b,https://img.shoplineapp.com/media/image_clips/66da70a7ca60a3001f1190a6/original.jpg?1725591719,1680 TWD,in stock,new
65ee9e781b050a7878fdcb8e:68196d2e115461000b80d746,NEUTRAL 雙帶防潑減壓休閒涼鞋 黑(35-44),,https://www.fmshoes.com.tw/products/65ee9e781b050a7878fdcb8e?variation=68196d2e115461000b80d746,https://img.shoplineapp.com/media/image_clips/66da70a7ca60a3001f1190a6/original.jpg?1725591719,1680 TWD,in stock,new
65ee9e781b050a7878fdcb8e:68196d2e115461000b80d747,NEUTRAL 雙帶防潑減壓休閒涼鞋 黑(35-44),,https://www.fmshoes.com.tw/products/65ee9e781b050a7878fdcb8e?variation=68196d2e115461000b80d747,https://img.shoplineapp.com/media/image_clips/66da70a7ca60a3001f1190a6/original.jpg?1725591719,1680 TWD,in stock,new
65ee9e781b050a7878fdcb8e:68196d2e115461000b80d748,NEUTRAL 雙帶防潑減壓休閒涼鞋 黑(35-44),,https://www.fmshoes.com.tw/products/65ee9e781b050a7878fdcb8e?variation=68196d2e115461000b80d748,https://img.shoplineapp.com/media/image_clips/66da70a7ca60a3001f1190a6/original.jpg?1725591719,1680 TWD,in stock,new
65ee9f4d396a11001ae0be92:65ee9f4b40c14d000cc41d36,NEUTRAL 雙帶防潑減壓休閒涼鞋 米(35-41),,https://www.fmshoes.com.tw/products/65ee9f4d396a11001ae0be92?variation=65ee9f4b40c14d000cc41d36,https://img.shoplineapp.com/media/image_clips/66da70d38f05880019c0cd32/original.jpg?1725591762,1680 TWD,in stock,new
65ee9f4d396a11001ae0be92:65ee9f4b40c14d000cc41d37,NEUTRAL 雙帶防潑減壓休閒涼鞋 米(35-41),,https://www.fmshoes.com.tw/products/65ee9f4d396a11001ae0be92?variation=65ee9f4b40c14d000cc41d37,https://img.shoplineapp.com/media/image_clips/66da70d38f05880019c0cd32/original.jpg?1725591762,1680 TWD,in stock,new
65ee9f4d396a11001ae0be92:65ee9f4b40c14d000cc41d38,NEUTRAL 雙帶防潑減壓休閒涼鞋 米(35-41),,https://www.fmshoes.com.tw/products/65ee9f4d396a11001ae0be92?variation=65ee9f4b40c14d000cc41d38,https://img.shoplineapp.com/media/image_clips/66da70d38f05880019c0cd32/original.jpg?1725591762,1680 TWD,in stock,new
65ee9f4d396a11001ae0be92:65ee9f4b40c14d000cc41d39,NEUTRAL 雙帶防潑減壓休閒涼鞋 米(35-41),,https://www.fmshoes.com.tw/products/65ee9f4d396a11001ae0be92?variation=65ee9f4b40c14d000cc41d39,https://img.shoplineapp.com/media/image_clips/66da70d38f05880019c0cd32/original.jpg?1725591762,1680 TWD,in stock,new
65ee9f4d396a11001ae0be92:65ee9f4b40c14d000cc41d3a,NEUTRAL 雙帶防潑減壓休閒涼鞋 米(35-41),,https://www.fmshoes.com.tw/products/65ee9f4d396a11001ae0be92?variation=65ee9f4b40c14d000cc41d3a,https://img.shoplineapp.com/media/image_clips/66da70d38f05880019c0cd32/original.jpg?1725591762,1680 TWD,in stock,new
65ee9f4d396a11001ae0be92:65ee9f4b40c14d000cc41d3b,NEUTRAL 雙帶防潑減壓休閒涼鞋 米(35-41),,https://www.fmshoes.com.tw/products/65ee9f4d396a11001ae0be92?variation=65ee9f4b40c14d000cc41d3b,https://img.shoplineapp.com/media/image_clips/66da70d38f05880019c0cd32/original.jpg?1725591762,1680 TWD,in stock,new
65eea01479590600201b6138:65eea01254a466001d170a15,NEUTRAL 雙帶防潑減壓休閒涼鞋 灰(35-41),,https://www.fmshoes.com.tw/products/65eea01479590600201b6138?variation=65eea01254a466001d170a15,https://img.shoplineapp.com/media/image_clips/66da712dd80a250023fe7a9b/original.jpg?1725591853,1680 TWD,in stock,new
65eea01479590600201b6138:65eea01254a466001d170a16,NEUTRAL 雙帶防潑減壓休閒涼鞋 灰(35-41),,https://www.fmshoes.com.tw/products/65eea01479590600201b6138?variation=65eea01254a466001d170a16,https://img.shoplineapp.com/media/image_clips/66da712dd80a250023fe7a9b/original.jpg?1725591853,1680 TWD,in stock,new
65eea01479590600201b6138:65eea01254a466001d170a17,NEUTRAL 雙帶防潑減壓休閒涼鞋 灰(35-41),,https://www.fmshoes.com.tw/products/65eea01479590600201b6138?variation=65eea01254a466001d170a17,https://img.shoplineapp.com/media/image_clips/66da712dd80a250023fe7a9b/original.jpg?1725591853,1680 TWD,in stock,new
65eea01479590600201b6138:65eea01254a466001d170a18,NEUTRAL 雙帶防潑減壓休閒涼鞋 灰(35-41),,https://www.fmshoes.com.tw/products/65eea01479590600201b6138?variation=65eea01254a466001d170a18,https://img.shoplineapp.com/media/image_clips/66da712dd80a250023fe7a9b/original.jpg?1725591853,1680 TWD,in stock,new
65eea01479590600201b6138:65eea01254a466001d170a19,NEUTRAL 雙帶防潑減壓休閒涼鞋 灰(35-41),,https://www.fmshoes.com.tw/products/65eea01479590600201b6138?variation=65eea01254a466001d170a19,https://img.shoplineapp.com/media/image_clips/66da712dd80a250023fe7a9b/original.jpg?1725591853,1680 TWD,in stock,new
65eea01479590600201b6138:65eea01254a466001d170a1a,NEUTRAL 雙帶防潑減壓休閒涼鞋 灰(35-41),,https://www.fmshoes.com.tw/products/65eea01479590600201b6138?variation=65eea01254a466001d170a1a,https://img.shoplineapp.com/media/image_clips/66da712dd80a250023fe7a9b/original.jpg?1725591853,1680 TWD,in stock,new
65eea01479590600201b6138:65eea01254a466001d170a1b,NEUTRAL 雙帶防潑減壓休閒涼鞋 灰(35-41),,https://www.fmshoes.com.tw/products/65eea01479590600201b6138?variation=65eea01254a466001d170a1b,https://img.shoplineapp.com/media/image_clips/66da712dd80a250023fe7a9b/original.jpg?1725591853,1680 TWD,in stock,new
65eea14c2f1db9001a310584:65eea14a40c14daee0c41d0c,NEUTRAL 雙帶防潑減壓休閒涼鞋 玫紅(35-41),,https://www.fmshoes.com.tw/products/65eea14c2f1db9001a310584?variation=65eea14a40c14daee0c41d0c,https://img.shoplineapp.com/media/image_clips/66da71b54aba460010637f8a/original.jpg?1725591989,1680 TWD,in stock,new
65eea14c2f1db9001a310584:65eea14a40c14daee0c41d0d,NEUTRAL 雙帶防潑減壓休閒涼鞋 玫紅(35-41),,https://www.fmshoes.com.tw/products/65eea14c2f1db9001a310584?variation=65eea14a40c14daee0c41d0d,https://img.shoplineapp.com/media/image_clips/66da71b54aba460010637f8a/original.jpg?1725591989,1680 TWD,in stock,new
65eea14c2f1db9001a310584:65eea14a40c14daee0c41d0e,NEUTRAL 雙帶防潑減壓休閒涼鞋 玫紅(35-41),,https://www.fmshoes.com.tw/products/65eea14c2f1db9001a310584?variation=65eea14a40c14daee0c41d0e,https://img.shoplineapp.com/media/image_clips/66da71b54aba460010637f8a/original.jpg?1725591989,1680 TWD,in stock,new
65eea14c2f1db9001a310584:65eea14a40c14daee0c41d0f,NEUTRAL 雙帶防潑減壓休閒涼鞋 玫紅(35-41),,https://www.fmshoes.com.tw/products/65eea14c2f1db9001a310584?variation=65eea14a40c14daee0c41d0f,https://img.shoplineapp.com/media/image_clips/66da71b54aba460010637f8a/original.jpg?1725591989,1680 TWD,in stock,new
65eea14c2f1db9001a310584:65eea14a40c14daee0c41d10,NEUTRAL 雙帶防潑減壓休閒涼鞋 玫紅(35-41),,https://www.fmshoes.com.tw/products/65eea14c2f1db9001a310584?variation=65eea14a40c14daee0c41d10,https://img.shoplineapp.com/media/image_clips/66da71b54aba460010637f8a/original.jpg?1725591989,1680 TWD,in stock,new
65eea14c2f1db9001a310584:65eea14a40c14daee0c41d11,NEUTRAL 雙帶防潑減壓休閒涼鞋 玫紅(35-41),,https://www.fmshoes.com.tw/products/65eea14c2f1db9001a310584?variation=65eea14a40c14daee0c41d11,https://img.shoplineapp.com/media/image_clips/66da71b54aba460010637f8a/original.jpg?1725591989,1680 TWD,in stock,new
65eea14c2f1db9001a310584:65eea14a40c14daee0c41d12,NEUTRAL 雙帶防潑減壓休閒涼鞋 玫紅(35-41),,https://www.fmshoes.com.tw/products/65eea14c2f1db9001a310584?variation=65eea14a40c14daee0c41d12,https://img.shoplineapp.com/media/image_clips/66da71b54aba460010637f8a/original.jpg?1725591989,1680 TWD,in stock,new
65eea24d572261001a572bc4:65eea24ad02a5f001ea965ed,NEUTRAL 雙帶防潑減壓休閒涼鞋 黃(35-41),,https://www.fmshoes.com.tw/products/65eea24d572261001a572bc4?variation=65eea24ad02a5f001ea965ed,https://img.shoplineapp.com/media/image_clips/66da71f959d64d00196eb6df/original.jpg?1725592057,1680 TWD,in stock,new
65eea24d572261001a572bc4:65eea24ad02a5f001ea965ee,NEUTRAL 雙帶防潑減壓休閒涼鞋 黃(35-41),,https://www.fmshoes.com.tw/products/65eea24d572261001a572bc4?variation=65eea24ad02a5f001ea965ee,https://img.shoplineapp.com/media/image_clips/66da71f959d64d00196eb6df/original.jpg?1725592057,1680 TWD,in stock,new
65eea24d572261001a572bc4:65eea24ad02a5f001ea965ef,NEUTRAL 雙帶防潑減壓休閒涼鞋 黃(35-41),,https://www.fmshoes.com.tw/products/65eea24d572261001a572bc4?variation=65eea24ad02a5f001ea965ef,https://img.shoplineapp.com/media/image_clips/66da71f959d64d00196eb6df/original.jpg?1725592057,1680 TWD,in stock,new
65eea24d572261001a572bc4:65eea24ad02a5f001ea965f0,NEUTRAL 雙帶防潑減壓休閒涼鞋 黃(35-41),,https://www.fmshoes.com.tw/products/65eea24d572261001a572bc4?variation=65eea24ad02a5f001ea965f0,https://img.shoplineapp.com/media/image_clips/66da71f959d64d00196eb6df/original.jpg?1725592057,1680 TWD,in stock,new
65eea24d572261001a572bc4:65eea24ad02a5f001ea965f1,NEUTRAL 雙帶防潑減壓休閒涼鞋 黃(35-41),,https://www.fmshoes.com.tw/products/65eea24d572261001a572bc4?variation=65eea24ad02a5f001ea965f1,https://img.shoplineapp.com/media/image_clips/66da71f959d64d00196eb6df/original.jpg?1725592057,1680 TWD,in stock,new
65eea24d572261001a572bc4:65eea24ad02a5f001ea965f2,NEUTRAL 雙帶防潑減壓休閒涼鞋 黃(35-41),,https://www.fmshoes.com.tw/products/65eea24d572261001a572bc4?variation=65eea24ad02a5f001ea965f2,https://img.shoplineapp.com/media/image_clips/66da71f959d64d00196eb6df/original.jpg?1725592057,1680 TWD,in stock,new
65f13b41bd23ef001b017ad3:69bba5aa817e0f0016d203f2,NEUTRAL 防潑水阿甘休閒鞋 白(36-45),,https://www.fmshoes.com.tw/products/65f13b41bd23ef001b017ad3?variation=69bba5aa817e0f0016d203f2,https://img.shoplineapp.com/media/image_clips/69575d490336cd6ff8248813/original.jpg?1767333193=&owner_id=627e1d404e691000311b0a4f,1680 TWD,in stock,new
65f13b41bd23ef001b017ad3:69bba5aa817e0f0016d203f3,NEUTRAL 防潑水阿甘休閒鞋 白(36-45),,https://www.fmshoes.com.tw/products/65f13b41bd23ef001b017ad3?variation=69bba5aa817e0f0016d203f3,https://img.shoplineapp.com/media/image_clips/69575d490336cd6ff8248813/original.jpg?1767333193=&owner_id=627e1d404e691000311b0a4f,1680 TWD,in stock,new
65f13b41bd23ef001b017ad3:69bba5aa817e0f0016d203f4,NEUTRAL 防潑水阿甘休閒鞋 白(36-45),,https://www.fmshoes.com.tw/products/65f13b41bd23ef001b017ad3?variation=69bba5aa817e0f0016d203f4,https://img.shoplineapp.com/media/image_clips/69575d490336cd6ff8248813/original.jpg?1767333193=&owner_id=627e1d404e691000311b0a4f,1680 TWD,in stock,new
65f13b41bd23ef001b017ad3:69bba5aa817e0f0016d203f5,NEUTRAL 防潑水阿甘休閒鞋 白(36-45),,https://www.fmshoes.com.tw/products/65f13b41bd23ef001b017ad3?variation=69bba5aa817e0f0016d203f5,https://img.shoplineapp.com/media/image_clips/69575d490336cd6ff8248813/original.jpg?1767333193=&owner_id=627e1d404e691000311b0a4f,1680 TWD,in stock,new
65f13b41bd23ef001b017ad3:69bba5aa817e0f0016d203f6,NEUTRAL 防潑水阿甘休閒鞋 白(36-45),,https://www.fmshoes.com.tw/products/65f13b41bd23ef001b017ad3?variation=69bba5aa817e0f0016d203f6,https://img.shoplineapp.com/media/image_clips/69575d490336cd6ff8248813/original.jpg?1767333193=&owner_id=627e1d404e691000311b0a4f,1680 TWD,in stock,new
65f13bacc87b83001aa7bbe7:65f13ba9a82609000cf8f1fa,NEUTRAL 防潑水阿甘休閒鞋 奶茶(36-45),,https://www.fmshoes.com.tw/products/65f13bacc87b83001aa7bbe7?variation=65f13ba9a82609000cf8f1fa,https://img.shoplineapp.com/media/image_clips/66da6f1d29fb460010ad986c/original.jpg?1725591324,1680 TWD,in stock,new
65f13bacc87b83001aa7bbe7:65f13ba9a82609000cf8f1fc,NEUTRAL 防潑水阿甘休閒鞋 奶茶(36-45),,https://www.fmshoes.com.tw/products/65f13bacc87b83001aa7bbe7?variation=65f13ba9a82609000cf8f1fc,https://img.shoplineapp.com/media/image_clips/66da6f1d29fb460010ad986c/original.jpg?1725591324,1680 TWD,in stock,new
65f13bacc87b83001aa7bbe7:65f13ba9a82609000cf8f1fd,NEUTRAL 防潑水阿甘休閒鞋 奶茶(36-45),,https://www.fmshoes.com.tw/products/65f13bacc87b83001aa7bbe7?variation=65f13ba9a82609000cf8f1fd,https://img.shoplineapp.com/media/image_clips/66da6f1d29fb460010ad986c/original.jpg?1725591324,1680 TWD,in stock,new
65f13bacc87b83001aa7bbe7:65f13ba9a82609000cf8f1fe,NEUTRAL 防潑水阿甘休閒鞋 奶茶(36-45),,https://www.fmshoes.com.tw/products/65f13bacc87b83001aa7bbe7?variation=65f13ba9a82609000cf8f1fe,https://img.shoplineapp.com/media/image_clips/66da6f1d29fb460010ad986c/original.jpg?1725591324,1680 TWD,in stock,new
65f13bacc87b83001aa7bbe7:69bba60f21f22b1ed8caaa2e,NEUTRAL 防潑水阿甘休閒鞋 奶茶(36-45),,https://www.fmshoes.com.tw/products/65f13bacc87b83001aa7bbe7?variation=69bba60f21f22b1ed8caaa2e,https://img.shoplineapp.com/media/image_clips/66da6f1d29fb460010ad986c/original.jpg?1725591324,1680 TWD,in stock,new
65f13bacc87b83001aa7bbe7:69bba60f21f22b1ed8caaa2f,NEUTRAL 防潑水阿甘休閒鞋 奶茶(36-45),,https://www.fmshoes.com.tw/products/65f13bacc87b83001aa7bbe7?variation=69bba60f21f22b1ed8caaa2f,https://img.shoplineapp.com/media/image_clips/66da6f1d29fb460010ad986c/original.jpg?1725591324,1680 TWD,in stock,new
65f13bacc87b83001aa7bbe7:69bba60f21f22b1ed8caaa30,NEUTRAL 防潑水阿甘休閒鞋 奶茶(36-45),,https://www.fmshoes.com.tw/products/65f13bacc87b83001aa7bbe7?variation=69bba60f21f22b1ed8caaa30,https://img.shoplineapp.com/media/image_clips/66da6f1d29fb460010ad986c/original.jpg?1725591324,1680 TWD,in stock,new
65f13bacc87b83001aa7bbe7:69bba60f21f22b1ed8caaa31,NEUTRAL 防潑水阿甘休閒鞋 奶茶(36-45),,https://www.fmshoes.com.tw/products/65f13bacc87b83001aa7bbe7?variation=69bba60f21f22b1ed8caaa31,https://img.shoplineapp.com/media/image_clips/66da6f1d29fb460010ad986c/original.jpg?1725591324,1680 TWD,in stock,new
65f13bacc87b83001aa7bbe7:69bba60f21f22b1ed8caaa32,NEUTRAL 防潑水阿甘休閒鞋 奶茶(36-45),,https://www.fmshoes.com.tw/products/65f13bacc87b83001aa7bbe7?variation=69bba60f21f22b1ed8caaa32,https://img.shoplineapp.com/media/image_clips/66da6f1d29fb460010ad986c/original.jpg?1725591324,1680 TWD,in stock,new
65f930ec2dd406001d2f4934:65f930ea71be2a001b362451,NEUTRAL 防潑水免綁帶秒穿氣墊鞋 白(36-44),,https://www.fmshoes.com.tw/products/65f930ec2dd406001d2f4934?variation=65f930ea71be2a001b362451,https://img.shoplineapp.com/media/image_clips/66da6db965a1901bf7abbdfc/original.jpg?1725590969,1680 TWD,in stock,new
65f930ec2dd406001d2f4934:65f930ea71be2a001b362452,NEUTRAL 防潑水免綁帶秒穿氣墊鞋 白(36-44),,https://www.fmshoes.com.tw/products/65f930ec2dd406001d2f4934?variation=65f930ea71be2a001b362452,https://img.shoplineapp.com/media/image_clips/66da6db965a1901bf7abbdfc/original.jpg?1725590969,1680 TWD,in stock,new
65f930ec2dd406001d2f4934:65f930ea71be2a001b362453,NEUTRAL 防潑水免綁帶秒穿氣墊鞋 白(36-44),,https://www.fmshoes.com.tw/products/65f930ec2dd406001d2f4934?variation=65f930ea71be2a001b362453,https://img.shoplineapp.com/media/image_clips/66da6db965a1901bf7abbdfc/original.jpg?1725590969,1680 TWD,in stock,new
65f930ec2dd406001d2f4934:65f930ea71be2a001b362454,NEUTRAL 防潑水免綁帶秒穿氣墊鞋 白(36-44),,https://www.fmshoes.com.tw/products/65f930ec2dd406001d2f4934?variation=65f930ea71be2a001b362454,https://img.shoplineapp.com/media/image_clips/66da6db965a1901bf7abbdfc/original.jpg?1725590969,1680 TWD,in stock,new
65f930ec2dd406001d2f4934:65f930ea71be2a001b362455,NEUTRAL 防潑水免綁帶秒穿氣墊鞋 白(36-44),,https://www.fmshoes.com.tw/products/65f930ec2dd406001d2f4934?variation=65f930ea71be2a001b362455,https://img.shoplineapp.com/media/image_clips/66da6db965a1901bf7abbdfc/original.jpg?1725590969,1680 TWD,in stock,new
65f930ec2dd406001d2f4934:6695d79452334c0009f0f7a6,NEUTRAL 防潑水免綁帶秒穿氣墊鞋 白(36-44),,https://www.fmshoes.com.tw/products/65f930ec2dd406001d2f4934?variation=6695d79452334c0009f0f7a6,https://img.shoplineapp.com/media/image_clips/66da6db965a1901bf7abbdfc/original.jpg?1725590969,1680 TWD,in stock,new
65f930ec2dd406001d2f4934:6695d79452334c0009f0f7a7,NEUTRAL 防潑水免綁帶秒穿氣墊鞋 白(36-44),,https://www.fmshoes.com.tw/products/65f930ec2dd406001d2f4934?variation=6695d79452334c0009f0f7a7,https://img.shoplineapp.com/media/image_clips/66da6db965a1901bf7abbdfc/original.jpg?1725590969,1680 TWD,in stock,new
65f930ec2dd406001d2f4934:6695d79452334c0009f0f7a8,NEUTRAL 防潑水免綁帶秒穿氣墊鞋 白(36-44),,https://www.fmshoes.com.tw/products/65f930ec2dd406001d2f4934?variation=6695d79452334c0009f0f7a8,https://img.shoplineapp.com/media/image_clips/66da6db965a1901bf7abbdfc/original.jpg?1725590969,1680 TWD,in stock,new
65f930ec2dd406001d2f4934:6695d79452334c0009f0f7a9,NEUTRAL 防潑水免綁帶秒穿氣墊鞋 白(36-44),,https://www.fmshoes.com.tw/products/65f930ec2dd406001d2f4934?variation=6695d79452334c0009f0f7a9,https://img.shoplineapp.com/media/image_clips/66da6db965a1901bf7abbdfc/original.jpg?1725590969,1680 TWD,in stock,new
65f93166c96fb0000e171db3:65f931646302f400156745e1,NEUTRAL 防潑水免綁帶秒穿氣墊鞋 灰紫(36-43),,https://www.fmshoes.com.tw/products/65f93166c96fb0000e171db3?variation=65f931646302f400156745e1,https://img.shoplineapp.com/media/image_clips/66da6de862076c001391d7f3/original.jpg?1725591015,1680 TWD,in stock,new
65f93166c96fb0000e171db3:65f931646302f400156745e2,NEUTRAL 防潑水免綁帶秒穿氣墊鞋 灰紫(36-43),,https://www.fmshoes.com.tw/products/65f93166c96fb0000e171db3?variation=65f931646302f400156745e2,https://img.shoplineapp.com/media/image_clips/66da6de862076c001391d7f3/original.jpg?1725591015,1680 TWD,in stock,new
65f93166c96fb0000e171db3:65f931646302f400156745e3,NEUTRAL 防潑水免綁帶秒穿氣墊鞋 灰紫(36-43),,https://www.fmshoes.com.tw/products/65f93166c96fb0000e171db3?variation=65f931646302f400156745e3,https://img.shoplineapp.com/media/image_clips/66da6de862076c001391d7f3/original.jpg?1725591015,1680 TWD,in stock,new
65f93166c96fb0000e171db3:65f931646302f400156745e4,NEUTRAL 防潑水免綁帶秒穿氣墊鞋 灰紫(36-43),,https://www.fmshoes.com.tw/products/65f93166c96fb0000e171db3?variation=65f931646302f400156745e4,https://img.shoplineapp.com/media/image_clips/66da6de862076c001391d7f3/original.jpg?1725591015,1680 TWD,in stock,new
65f93166c96fb0000e171db3:65f931646302f400156745e5,NEUTRAL 防潑水免綁帶秒穿氣墊鞋 灰紫(36-43),,https://www.fmshoes.com.tw/products/65f93166c96fb0000e171db3?variation=65f931646302f400156745e5,https://img.shoplineapp.com/media/image_clips/66da6de862076c001391d7f3/original.jpg?1725591015,1680 TWD,in stock,new
65f93166c96fb0000e171db3:6695f23a912c082fa6f4f644,NEUTRAL 防潑水免綁帶秒穿氣墊鞋 灰紫(36-43),,https://www.fmshoes.com.tw/products/65f93166c96fb0000e171db3?variation=6695f23a912c082fa6f4f644,https://img.shoplineapp.com/media/image_clips/66da6de862076c001391d7f3/original.jpg?1725591015,1680 TWD,in stock,new
65f93166c96fb0000e171db3:6695f23a912c082fa6f4f645,NEUTRAL 防潑水免綁帶秒穿氣墊鞋 灰紫(36-43),,https://www.fmshoes.com.tw/products/65f93166c96fb0000e171db3?variation=6695f23a912c082fa6f4f645,https://img.shoplineapp.com/media/image_clips/66da6de862076c001391d7f3/original.jpg?1725591015,1680 TWD,in stock,new
65f93166c96fb0000e171db3:672091abcaf05c000dc88069,NEUTRAL 防潑水免綁帶秒穿氣墊鞋 灰紫(36-43),,https://www.fmshoes.com.tw/products/65f93166c96fb0000e171db3?variation=672091abcaf05c000dc88069,https://img.shoplineapp.com/media/image_clips/66da6de862076c001391d7f3/original.jpg?1725591015,1680 TWD,in stock,new
65f931e32610270011f8edce:65f931e1dcfdd4001b89fd8e,NEUTRAL 防潑水免綁帶秒穿氣墊鞋 黑(36-44),,https://www.fmshoes.com.tw/products/65f931e32610270011f8edce?variation=65f931e1dcfdd4001b89fd8e,https://img.shoplineapp.com/media/image_clips/66da6e4856ca5583aaa1dd0e/original.jpg?1725591112,1680 TWD,in stock,new
65f931e32610270011f8edce:65f931e1dcfdd4001b89fd8f,NEUTRAL 防潑水免綁帶秒穿氣墊鞋 黑(36-44),,https://www.fmshoes.com.tw/products/65f931e32610270011f8edce?variation=65f931e1dcfdd4001b89fd8f,https://img.shoplineapp.com/media/image_clips/66da6e4856ca5583aaa1dd0e/original.jpg?1725591112,1680 TWD,in stock,new
65f931e32610270011f8edce:65f931e1dcfdd4001b89fd90,NEUTRAL 防潑水免綁帶秒穿氣墊鞋 黑(36-44),,https://www.fmshoes.com.tw/products/65f931e32610270011f8edce?variation=65f931e1dcfdd4001b89fd90,https://img.shoplineapp.com/media/image_clips/66da6e4856ca5583aaa1dd0e/original.jpg?1725591112,1680 TWD,in stock,new
65f931e32610270011f8edce:65f931e1dcfdd4001b89fd91,NEUTRAL 防潑水免綁帶秒穿氣墊鞋 黑(36-44),,https://www.fmshoes.com.tw/products/65f931e32610270011f8edce?variation=65f931e1dcfdd4001b89fd91,https://img.shoplineapp.com/media/image_clips/66da6e4856ca5583aaa1dd0e/original.jpg?1725591112,1680 TWD,in stock,new
65f931e32610270011f8edce:65f931e1dcfdd4001b89fd92,NEUTRAL 防潑水免綁帶秒穿氣墊鞋 黑(36-44),,https://www.fmshoes.com.tw/products/65f931e32610270011f8edce?variation=65f931e1dcfdd4001b89fd92,https://img.shoplineapp.com/media/image_clips/66da6e4856ca5583aaa1dd0e/original.jpg?1725591112,1680 TWD,in stock,new
65f931e32610270011f8edce:6695d734b0ce280009f6294e,NEUTRAL 防潑水免綁帶秒穿氣墊鞋 黑(36-44),,https://www.fmshoes.com.tw/products/65f931e32610270011f8edce?variation=6695d734b0ce280009f6294e,https://img.shoplineapp.com/media/image_clips/66da6e4856ca5583aaa1dd0e/original.jpg?1725591112,1680 TWD,in stock,new
65f931e32610270011f8edce:6695d734b0ce280009f6294f,NEUTRAL 防潑水免綁帶秒穿氣墊鞋 黑(36-44),,https://www.fmshoes.com.tw/products/65f931e32610270011f8edce?variation=6695d734b0ce280009f6294f,https://img.shoplineapp.com/media/image_clips/66da6e4856ca5583aaa1dd0e/original.jpg?1725591112,1680 TWD,in stock,new
65f931e32610270011f8edce:6695d734b0ce280009f62950,NEUTRAL 防潑水免綁帶秒穿氣墊鞋 黑(36-44),,https://www.fmshoes.com.tw/products/65f931e32610270011f8edce?variation=6695d734b0ce280009f62950,https://img.shoplineapp.com/media/image_clips/66da6e4856ca5583aaa1dd0e/original.jpg?1725591112,1680 TWD,in stock,new
65f931e32610270011f8edce:6695d734b0ce280009f62951,NEUTRAL 防潑水免綁帶秒穿氣墊鞋 黑(36-44),,https://www.fmshoes.com.tw/products/65f931e32610270011f8edce?variation=6695d734b0ce280009f62951,https://img.shoplineapp.com/media/image_clips/66da6e4856ca5583aaa1dd0e/original.jpg?1725591112,1680 TWD,in stock,new
65f934d7fab17e00200c1813:65f934d5dd41e800097bba65,FM SHOES 側挖空高跟鞋 紫(35-42),,https://www.fmshoes.com.tw/products/65f934d7fab17e00200c1813?variation=65f934d5dd41e800097bba65,https://img.shoplineapp.com/media/image_clips/66e102c836d888001cd88cfc/original.jpg?1726022344,1280 TWD,in stock,new
65f934d7fab17e00200c1813:65f934d5dd41e800097bba5e,FM SHOES 側挖空高跟鞋 紫(35-42),,https://www.fmshoes.com.tw/products/65f934d7fab17e00200c1813?variation=65f934d5dd41e800097bba5e,https://img.shoplineapp.com/media/image_clips/66e102c836d888001cd88cfc/original.jpg?1726022344,1280 TWD,in stock,new
65f934d7fab17e00200c1813:65f934d5dd41e800097bba5f,FM SHOES 側挖空高跟鞋 紫(35-42),,https://www.fmshoes.com.tw/products/65f934d7fab17e00200c1813?variation=65f934d5dd41e800097bba5f,https://img.shoplineapp.com/media/image_clips/66e102c836d888001cd88cfc/original.jpg?1726022344,1280 TWD,in stock,new
65f934d7fab17e00200c1813:65f934d5dd41e800097bba60,FM SHOES 側挖空高跟鞋 紫(35-42),,https://www.fmshoes.com.tw/products/65f934d7fab17e00200c1813?variation=65f934d5dd41e800097bba60,https://img.shoplineapp.com/media/image_clips/66e102c836d888001cd88cfc/original.jpg?1726022344,1280 TWD,in stock,new
65f934d7fab17e00200c1813:65f934d5dd41e800097bba61,FM SHOES 側挖空高跟鞋 紫(35-42),,https://www.fmshoes.com.tw/products/65f934d7fab17e00200c1813?variation=65f934d5dd41e800097bba61,https://img.shoplineapp.com/media/image_clips/66e102c836d888001cd88cfc/original.jpg?1726022344,1280 TWD,in stock,new
65f934d7fab17e00200c1813:65f934d5dd41e800097bba62,FM SHOES 側挖空高跟鞋 紫(35-42),,https://www.fmshoes.com.tw/products/65f934d7fab17e00200c1813?variation=65f934d5dd41e800097bba62,https://img.shoplineapp.com/media/image_clips/66e102c836d888001cd88cfc/original.jpg?1726022344,1280 TWD,in stock,new
65f934d7fab17e00200c1813:65f934d5dd41e800097bba63,FM SHOES 側挖空高跟鞋 紫(35-42),,https://www.fmshoes.com.tw/products/65f934d7fab17e00200c1813?variation=65f934d5dd41e800097bba63,https://img.shoplineapp.com/media/image_clips/66e102c836d888001cd88cfc/original.jpg?1726022344,1280 TWD,in stock,new
65f934d7fab17e00200c1813:65f934d5dd41e800097bba64,FM SHOES 側挖空高跟鞋 紫(35-42),,https://www.fmshoes.com.tw/products/65f934d7fab17e00200c1813?variation=65f934d5dd41e800097bba64,https://img.shoplineapp.com/media/image_clips/66e102c836d888001cd88cfc/original.jpg?1726022344,1280 TWD,in stock,new
65f9365fa2c17a001a10f6da:65f9365edd41e800157bba29,FM SHOES 側挖空高跟鞋 黃(35-42),,https://www.fmshoes.com.tw/products/65f9365fa2c17a001a10f6da?variation=65f9365edd41e800157bba29,https://img.shoplineapp.com/media/image_clips/69575c4110ae8b23f54b4876/original.jpg?1767332929=&owner_id=627e1d404e691000311b0a4f,1280 TWD,in stock,new
65f9365fa2c17a001a10f6da:65f9365edd41e800157bba22,FM SHOES 側挖空高跟鞋 黃(35-42),,https://www.fmshoes.com.tw/products/65f9365fa2c17a001a10f6da?variation=65f9365edd41e800157bba22,https://img.shoplineapp.com/media/image_clips/69575c4110ae8b23f54b4876/original.jpg?1767332929=&owner_id=627e1d404e691000311b0a4f,1280 TWD,in stock,new
65f9365fa2c17a001a10f6da:65f9365edd41e800157bba23,FM SHOES 側挖空高跟鞋 黃(35-42),,https://www.fmshoes.com.tw/products/65f9365fa2c17a001a10f6da?variation=65f9365edd41e800157bba23,https://img.shoplineapp.com/media/image_clips/69575c4110ae8b23f54b4876/original.jpg?1767332929=&owner_id=627e1d404e691000311b0a4f,1280 TWD,in stock,new
65f9365fa2c17a001a10f6da:65f9365edd41e800157bba24,FM SHOES 側挖空高跟鞋 黃(35-42),,https://www.fmshoes.com.tw/products/65f9365fa2c17a001a10f6da?variation=65f9365edd41e800157bba24,https://img.shoplineapp.com/media/image_clips/69575c4110ae8b23f54b4876/original.jpg?1767332929=&owner_id=627e1d404e691000311b0a4f,1280 TWD,in stock,new
65f9365fa2c17a001a10f6da:65f9365edd41e800157bba25,FM SHOES 側挖空高跟鞋 黃(35-42),,https://www.fmshoes.com.tw/products/65f9365fa2c17a001a10f6da?variation=65f9365edd41e800157bba25,https://img.shoplineapp.com/media/image_clips/69575c4110ae8b23f54b4876/original.jpg?1767332929=&owner_id=627e1d404e691000311b0a4f,1280 TWD,in stock,new
65f9365fa2c17a001a10f6da:65f9365edd41e800157bba26,FM SHOES 側挖空高跟鞋 黃(35-42),,https://www.fmshoes.com.tw/products/65f9365fa2c17a001a10f6da?variation=65f9365edd41e800157bba26,https://img.shoplineapp.com/media/image_clips/69575c4110ae8b23f54b4876/original.jpg?1767332929=&owner_id=627e1d404e691000311b0a4f,1280 TWD,in stock,new
65f9365fa2c17a001a10f6da:65f9365edd41e800157bba27,FM SHOES 側挖空高跟鞋 黃(35-42),,https://www.fmshoes.com.tw/products/65f9365fa2c17a001a10f6da?variation=65f9365edd41e800157bba27,https://img.shoplineapp.com/media/image_clips/69575c4110ae8b23f54b4876/original.jpg?1767332929=&owner_id=627e1d404e691000311b0a4f,1280 TWD,in stock,new
65f9365fa2c17a001a10f6da:65f9365edd41e800157bba28,FM SHOES 側挖空高跟鞋 黃(35-42),,https://www.fmshoes.com.tw/products/65f9365fa2c17a001a10f6da?variation=65f9365edd41e800157bba28,https://img.shoplineapp.com/media/image_clips/69575c4110ae8b23f54b4876/original.jpg?1767332929=&owner_id=627e1d404e691000311b0a4f,1280 TWD,in stock,new
65f936f5489e3800205fb9e3:65f936f3d9a86d001e281d0c,FM SHOES 側挖空高跟鞋 黑(35-42),,https://www.fmshoes.com.tw/products/65f936f5489e3800205fb9e3?variation=65f936f3d9a86d001e281d0c,https://img.shoplineapp.com/media/image_clips/66e102a82524dd0010c3309e/original.jpg?1726022312,1280 TWD,in stock,new
65f936f5489e3800205fb9e3:65f936f3d9a86d001e281d0e,FM SHOES 側挖空高跟鞋 黑(35-42),,https://www.fmshoes.com.tw/products/65f936f5489e3800205fb9e3?variation=65f936f3d9a86d001e281d0e,https://img.shoplineapp.com/media/image_clips/66e102a82524dd0010c3309e/original.jpg?1726022312,1280 TWD,in stock,new
65f936f5489e3800205fb9e3:65f936f3d9a86d001e281d0f,FM SHOES 側挖空高跟鞋 黑(35-42),,https://www.fmshoes.com.tw/products/65f936f5489e3800205fb9e3?variation=65f936f3d9a86d001e281d0f,https://img.shoplineapp.com/media/image_clips/66e102a82524dd0010c3309e/original.jpg?1726022312,1280 TWD,in stock,new
65f936f5489e3800205fb9e3:65f936f3d9a86d001e281d12,FM SHOES 側挖空高跟鞋 黑(35-42),,https://www.fmshoes.com.tw/products/65f936f5489e3800205fb9e3?variation=65f936f3d9a86d001e281d12,https://img.shoplineapp.com/media/image_clips/66e102a82524dd0010c3309e/original.jpg?1726022312,1280 TWD,in stock,new
65f937f9bda59000173b9e32:65f937f6319811000e0441b8,FM SHOES 側挖空高跟鞋 灰(35-42),,https://www.fmshoes.com.tw/products/65f937f9bda59000173b9e32?variation=65f937f6319811000e0441b8,https://img.shoplineapp.com/media/image_clips/69575bd23c986c641af5dfb3/original.jpg?1767332817=&owner_id=627e1d404e691000311b0a4f,1280 TWD,in stock,new
65f937f9bda59000173b9e32:65f937f6319811000e0441be,FM SHOES 側挖空高跟鞋 灰(35-42),,https://www.fmshoes.com.tw/products/65f937f9bda59000173b9e32?variation=65f937f6319811000e0441be,https://img.shoplineapp.com/media/image_clips/69575bd23c986c641af5dfb3/original.jpg?1767332817=&owner_id=627e1d404e691000311b0a4f,1280 TWD,in stock,new
6618e7547f5b7a0011c61380:6618e7524b8c950012303dd2,NEUTRAL 織帶減壓休閒涼鞋 淺灰,,https://www.fmshoes.com.tw/products/6618e7547f5b7a0011c61380?variation=6618e7524b8c950012303dd2,https://img.shoplineapp.com/media/image_clips/662b36e57ab53d001a6db331/original.jpg?1714108132,1680 TWD,in stock,new
6618e7547f5b7a0011c61380:6618e7524b8c950012303dd3,NEUTRAL 織帶減壓休閒涼鞋 淺灰,,https://www.fmshoes.com.tw/products/6618e7547f5b7a0011c61380?variation=6618e7524b8c950012303dd3,https://img.shoplineapp.com/media/image_clips/662b36e57ab53d001a6db331/original.jpg?1714108132,1680 TWD,in stock,new
6618e7547f5b7a0011c61380:6618e7524b8c950012303dd4,NEUTRAL 織帶減壓休閒涼鞋 淺灰,,https://www.fmshoes.com.tw/products/6618e7547f5b7a0011c61380?variation=6618e7524b8c950012303dd4,https://img.shoplineapp.com/media/image_clips/662b36e57ab53d001a6db331/original.jpg?1714108132,1680 TWD,in stock,new
6618e7547f5b7a0011c61380:6618e7524b8c950012303dd5,NEUTRAL 織帶減壓休閒涼鞋 淺灰,,https://www.fmshoes.com.tw/products/6618e7547f5b7a0011c61380?variation=6618e7524b8c950012303dd5,https://img.shoplineapp.com/media/image_clips/662b36e57ab53d001a6db331/original.jpg?1714108132,1680 TWD,in stock,new
6618e7547f5b7a0011c61380:6618e7524b8c950012303dd6,NEUTRAL 織帶減壓休閒涼鞋 淺灰,,https://www.fmshoes.com.tw/products/6618e7547f5b7a0011c61380?variation=6618e7524b8c950012303dd6,https://img.shoplineapp.com/media/image_clips/662b36e57ab53d001a6db331/original.jpg?1714108132,1680 TWD,in stock,new
6618e7547f5b7a0011c61380:6618e7524b8c950012303dd7,NEUTRAL 織帶減壓休閒涼鞋 淺灰,,https://www.fmshoes.com.tw/products/6618e7547f5b7a0011c61380?variation=6618e7524b8c950012303dd7,https://img.shoplineapp.com/media/image_clips/662b36e57ab53d001a6db331/original.jpg?1714108132,1680 TWD,in stock,new
66334d2e80ba4900144e71ca:66334d2ded9887000c4644b6,NEUTRAL 雙帶減壓厚底休閒拖鞋 紫(35-41),版 型 偏大版(小一號購買)   產 地 台灣   鞋 面 超纖速乾面料   內 裏 腳床造型EVA發泡內墊   鞋 底 橡膠EVA防滑膠底   重 量 850公克 跟 型     筒 高  筒 圍  踝 圍,https://www.fmshoes.com.tw/products/66334d2e80ba4900144e71ca?variation=66334d2ded9887000c4644b6,https://img.shoplineapp.com/media/image_clips/69573d1f721149001248ed35/original.jpg?1767324958=&owner_id=627e1d404e691000311b0a4f,1480 TWD,in stock,new
66334d2e80ba4900144e71ca:66334d2ded9887000c4644b7,NEUTRAL 雙帶減壓厚底休閒拖鞋 紫(35-41),版 型 偏大版(小一號購買)   產 地 台灣   鞋 面 超纖速乾面料   內 裏 腳床造型EVA發泡內墊   鞋 底 橡膠EVA防滑膠底   重 量 850公克 跟 型     筒 高  筒 圍  踝 圍,https://www.fmshoes.com.tw/products/66334d2e80ba4900144e71ca?variation=66334d2ded9887000c4644b7,https://img.shoplineapp.com/media/image_clips/69573d1f721149001248ed35/original.jpg?1767324958=&owner_id=627e1d404e691000311b0a4f,1480 TWD,in stock,new
66334d2e80ba4900144e71ca:66334d2ded9887000c4644b8,NEUTRAL 雙帶減壓厚底休閒拖鞋 紫(35-41),版 型 偏大版(小一號購買)   產 地 台灣   鞋 面 超纖速乾面料   內 裏 腳床造型EVA發泡內墊   鞋 底 橡膠EVA防滑膠底   重 量 850公克 跟 型     筒 高  筒 圍  踝 圍,https://www.fmshoes.com.tw/products/66334d2e80ba4900144e71ca?variation=66334d2ded9887000c4644b8,https://img.shoplineapp.com/media/image_clips/69573d1f721149001248ed35/original.jpg?1767324958=&owner_id=627e1d404e691000311b0a4f,1480 TWD,in stock,new
66334d2e80ba4900144e71ca:66334d2ded9887000c4644b9,NEUTRAL 雙帶減壓厚底休閒拖鞋 紫(35-41),版 型 偏大版(小一號購買)   產 地 台灣   鞋 面 超纖速乾面料   內 裏 腳床造型EVA發泡內墊   鞋 底 橡膠EVA防滑膠底   重 量 850公克 跟 型     筒 高  筒 圍  踝 圍,https://www.fmshoes.com.tw/products/66334d2e80ba4900144e71ca?variation=66334d2ded9887000c4644b9,https://img.shoplineapp.com/media/image_clips/69573d1f721149001248ed35/original.jpg?1767324958=&owner_id=627e1d404e691000311b0a4f,1480 TWD,in stock,new
66334d2e80ba4900144e71ca:66334d2ded9887000c4644ba,NEUTRAL 雙帶減壓厚底休閒拖鞋 紫(35-41),版 型 偏大版(小一號購買)   產 地 台灣   鞋 面 超纖速乾面料   內 裏 腳床造型EVA發泡內墊   鞋 底 橡膠EVA防滑膠底   重 量 850公克 跟 型     筒 高  筒 圍  踝 圍,https://www.fmshoes.com.tw/products/66334d2e80ba4900144e71ca?variation=66334d2ded9887000c4644ba,https://img.shoplineapp.com/media/image_clips/69573d1f721149001248ed35/original.jpg?1767324958=&owner_id=627e1d404e691000311b0a4f,1480 TWD,in stock,new
66334d2e80ba4900144e71ca:66334d2ded9887000c4644bb,NEUTRAL 雙帶減壓厚底休閒拖鞋 紫(35-41),版 型 偏大版(小一號購買)   產 地 台灣   鞋 面 超纖速乾面料   內 裏 腳床造型EVA發泡內墊   鞋 底 橡膠EVA防滑膠底   重 量 850公克 跟 型     筒 高  筒 圍  踝 圍,https://www.fmshoes.com.tw/products/66334d2e80ba4900144e71ca?variation=66334d2ded9887000c4644bb,https://img.shoplineapp.com/media/image_clips/69573d1f721149001248ed35/original.jpg?1767324958=&owner_id=627e1d404e691000311b0a4f,1480 TWD,in stock,new
6639799ba51dab0014ff5f0e:6639799a3f5fb80015bd7f9e,FM SHOES 撞色減壓楔型拖鞋 黃(36-42),,https://www.fmshoes.com.tw/products/6639799ba51dab0014ff5f0e?variation=6639799a3f5fb80015bd7f9e,https://img.shoplineapp.com/media/image_clips/6957569c4f7086abb79507c6/original.jpg?1767331484=&owner_id=627e1d404e691000311b0a4f,1280 TWD,in stock,new
6639799ba51dab0014ff5f0e:6639799a3f5fb80015bd7f9f,FM SHOES 撞色減壓楔型拖鞋 黃(36-42),,https://www.fmshoes.com.tw/products/6639799ba51dab0014ff5f0e?variation=6639799a3f5fb80015bd7f9f,https://img.shoplineapp.com/media/image_clips/6957569c4f7086abb79507c6/original.jpg?1767331484=&owner_id=627e1d404e691000311b0a4f,1280 TWD,in stock,new
6639799ba51dab0014ff5f0e:6639799a3f5fb80015bd7fa0,FM SHOES 撞色減壓楔型拖鞋 黃(36-42),,https://www.fmshoes.com.tw/products/6639799ba51dab0014ff5f0e?variation=6639799a3f5fb80015bd7fa0,https://img.shoplineapp.com/media/image_clips/6957569c4f7086abb79507c6/original.jpg?1767331484=&owner_id=627e1d404e691000311b0a4f,1280 TWD,in stock,new
6639799ba51dab0014ff5f0e:6639799a3f5fb80015bd7fa1,FM SHOES 撞色減壓楔型拖鞋 黃(36-42),,https://www.fmshoes.com.tw/products/6639799ba51dab0014ff5f0e?variation=6639799a3f5fb80015bd7fa1,https://img.shoplineapp.com/media/image_clips/6957569c4f7086abb79507c6/original.jpg?1767331484=&owner_id=627e1d404e691000311b0a4f,1280 TWD,in stock,new
6639799ba51dab0014ff5f0e:6639799a3f5fb80015bd7fa2,FM SHOES 撞色減壓楔型拖鞋 黃(36-42),,https://www.fmshoes.com.tw/products/6639799ba51dab0014ff5f0e?variation=6639799a3f5fb80015bd7fa2,https://img.shoplineapp.com/media/image_clips/6957569c4f7086abb79507c6/original.jpg?1767331484=&owner_id=627e1d404e691000311b0a4f,1280 TWD,in stock,new
6639799ba51dab0014ff5f0e:6639799a3f5fb80015bd7fa3,FM SHOES 撞色減壓楔型拖鞋 黃(36-42),,https://www.fmshoes.com.tw/products/6639799ba51dab0014ff5f0e?variation=6639799a3f5fb80015bd7fa3,https://img.shoplineapp.com/media/image_clips/6957569c4f7086abb79507c6/original.jpg?1767331484=&owner_id=627e1d404e691000311b0a4f,1280 TWD,in stock,new
66397a41570bff0011c4a5e1:66397a3fb244cd0018190b97,FM SHOES 撞色減壓楔型拖鞋 卡其(36-42),,https://www.fmshoes.com.tw/products/66397a41570bff0011c4a5e1?variation=66397a3fb244cd0018190b97,https://img.shoplineapp.com/media/image_clips/69575601f978d302ae962bec/original.jpg?1767331329=&owner_id=627e1d404e691000311b0a4f,1280 TWD,in stock,new
66397a41570bff0011c4a5e1:66397a3fb244cd0018190b98,FM SHOES 撞色減壓楔型拖鞋 卡其(36-42),,https://www.fmshoes.com.tw/products/66397a41570bff0011c4a5e1?variation=66397a3fb244cd0018190b98,https://img.shoplineapp.com/media/image_clips/69575601f978d302ae962bec/original.jpg?1767331329=&owner_id=627e1d404e691000311b0a4f,1280 TWD,in stock,new
66397a41570bff0011c4a5e1:66397a3fb244cd0018190b99,FM SHOES 撞色減壓楔型拖鞋 卡其(36-42),,https://www.fmshoes.com.tw/products/66397a41570bff0011c4a5e1?variation=66397a3fb244cd0018190b99,https://img.shoplineapp.com/media/image_clips/69575601f978d302ae962bec/original.jpg?1767331329=&owner_id=627e1d404e691000311b0a4f,1280 TWD,in stock,new
66397a41570bff0011c4a5e1:66397a3fb244cd0018190b9a,FM SHOES 撞色減壓楔型拖鞋 卡其(36-42),,https://www.fmshoes.com.tw/products/66397a41570bff0011c4a5e1?variation=66397a3fb244cd0018190b9a,https://img.shoplineapp.com/media/image_clips/69575601f978d302ae962bec/original.jpg?1767331329=&owner_id=627e1d404e691000311b0a4f,1280 TWD,in stock,new
66397ae688f90900175fe078:66397ae5bc7ab1000fe45df7,FM SHOES 撞色減壓楔型拖鞋 藍(36-42),,https://www.fmshoes.com.tw/products/66397ae688f90900175fe078?variation=66397ae5bc7ab1000fe45df7,https://img.shoplineapp.com/media/image_clips/6957554f6e16946d939194fa/original.jpg?1767331151=&owner_id=627e1d404e691000311b0a4f,1280 TWD,in stock,new
66397ae688f90900175fe078:66397ae5bc7ab1000fe45df8,FM SHOES 撞色減壓楔型拖鞋 藍(36-42),,https://www.fmshoes.com.tw/products/66397ae688f90900175fe078?variation=66397ae5bc7ab1000fe45df8,https://img.shoplineapp.com/media/image_clips/6957554f6e16946d939194fa/original.jpg?1767331151=&owner_id=627e1d404e691000311b0a4f,1280 TWD,in stock,new
66397ae688f90900175fe078:66397ae5bc7ab1000fe45df9,FM SHOES 撞色減壓楔型拖鞋 藍(36-42),,https://www.fmshoes.com.tw/products/66397ae688f90900175fe078?variation=66397ae5bc7ab1000fe45df9,https://img.shoplineapp.com/media/image_clips/6957554f6e16946d939194fa/original.jpg?1767331151=&owner_id=627e1d404e691000311b0a4f,1280 TWD,in stock,new
66397ae688f90900175fe078:66397ae5bc7ab1000fe45dfa,FM SHOES 撞色減壓楔型拖鞋 藍(36-42),,https://www.fmshoes.com.tw/products/66397ae688f90900175fe078?variation=66397ae5bc7ab1000fe45dfa,https://img.shoplineapp.com/media/image_clips/6957554f6e16946d939194fa/original.jpg?1767331151=&owner_id=627e1d404e691000311b0a4f,1280 TWD,in stock,new
66397ae688f90900175fe078:66397ae5bc7ab1000fe45dfb,FM SHOES 撞色減壓楔型拖鞋 藍(36-42),,https://www.fmshoes.com.tw/products/66397ae688f90900175fe078?variation=66397ae5bc7ab1000fe45dfb,https://img.shoplineapp.com/media/image_clips/6957554f6e16946d939194fa/original.jpg?1767331151=&owner_id=627e1d404e691000311b0a4f,1280 TWD,in stock,new
66397ae688f90900175fe078:66397ae5bc7ab1000fe45dfc,FM SHOES 撞色減壓楔型拖鞋 藍(36-42),,https://www.fmshoes.com.tw/products/66397ae688f90900175fe078?variation=66397ae5bc7ab1000fe45dfc,https://img.shoplineapp.com/media/image_clips/6957554f6e16946d939194fa/original.jpg?1767331151=&owner_id=627e1d404e691000311b0a4f,1280 TWD,in stock,new
66397b910cf18d0020068dee:66397b8fbc7ab10015e460ab,FM SHOES 撞色減壓楔型拖鞋 紫(36-42),,https://www.fmshoes.com.tw/products/66397b910cf18d0020068dee?variation=66397b8fbc7ab10015e460ab,https://img.shoplineapp.com/media/image_clips/695754b2eefa9c684f4c45e4/original.jpg?1767330994=&owner_id=627e1d404e691000311b0a4f,1280 TWD,in stock,new
66397b910cf18d0020068dee:66397b8fbc7ab10015e460ac,FM SHOES 撞色減壓楔型拖鞋 紫(36-42),,https://www.fmshoes.com.tw/products/66397b910cf18d0020068dee?variation=66397b8fbc7ab10015e460ac,https://img.shoplineapp.com/media/image_clips/695754b2eefa9c684f4c45e4/original.jpg?1767330994=&owner_id=627e1d404e691000311b0a4f,1280 TWD,in stock,new
66397b910cf18d0020068dee:66397b8fbc7ab10015e460ad,FM SHOES 撞色減壓楔型拖鞋 紫(36-42),,https://www.fmshoes.com.tw/products/66397b910cf18d0020068dee?variation=66397b8fbc7ab10015e460ad,https://img.shoplineapp.com/media/image_clips/695754b2eefa9c684f4c45e4/original.jpg?1767330994=&owner_id=627e1d404e691000311b0a4f,1280 TWD,in stock,new
66397b910cf18d0020068dee:66397b8fbc7ab10015e460ae,FM SHOES 撞色減壓楔型拖鞋 紫(36-42),,https://www.fmshoes.com.tw/products/66397b910cf18d0020068dee?variation=66397b8fbc7ab10015e460ae,https://img.shoplineapp.com/media/image_clips/695754b2eefa9c684f4c45e4/original.jpg?1767330994=&owner_id=627e1d404e691000311b0a4f,1280 TWD,in stock,new
66397b910cf18d0020068dee:66397b8fbc7ab10015e460af,FM SHOES 撞色減壓楔型拖鞋 紫(36-42),,https://www.fmshoes.com.tw/products/66397b910cf18d0020068dee?variation=66397b8fbc7ab10015e460af,https://img.shoplineapp.com/media/image_clips/695754b2eefa9c684f4c45e4/original.jpg?1767330994=&owner_id=627e1d404e691000311b0a4f,1280 TWD,in stock,new
66397c1200f5d70020182748:66397c116e83c00012f24f0d,FM SHOES 撞色減壓楔型拖鞋 黑(36-42),,https://www.fmshoes.com.tw/products/66397c1200f5d70020182748?variation=66397c116e83c00012f24f0d,https://img.shoplineapp.com/media/image_clips/69575411e4025fe1aee572a7/original.jpg?1767330833=&owner_id=627e1d404e691000311b0a4f,1280 TWD,in stock,new
66397c1200f5d70020182748:66397c116e83c00012f24f0e,FM SHOES 撞色減壓楔型拖鞋 黑(36-42),,https://www.fmshoes.com.tw/products/66397c1200f5d70020182748?variation=66397c116e83c00012f24f0e,https://img.shoplineapp.com/media/image_clips/69575411e4025fe1aee572a7/original.jpg?1767330833=&owner_id=627e1d404e691000311b0a4f,1280 TWD,in stock,new
66397c1200f5d70020182748:66397c116e83c00012f24f0f,FM SHOES 撞色減壓楔型拖鞋 黑(36-42),,https://www.fmshoes.com.tw/products/66397c1200f5d70020182748?variation=66397c116e83c00012f24f0f,https://img.shoplineapp.com/media/image_clips/69575411e4025fe1aee572a7/original.jpg?1767330833=&owner_id=627e1d404e691000311b0a4f,1280 TWD,in stock,new
66397c1200f5d70020182748:66397c116e83c00012f24f10,FM SHOES 撞色減壓楔型拖鞋 黑(36-42),,https://www.fmshoes.com.tw/products/66397c1200f5d70020182748?variation=66397c116e83c00012f24f10,https://img.shoplineapp.com/media/image_clips/69575411e4025fe1aee572a7/original.jpg?1767330833=&owner_id=627e1d404e691000311b0a4f,1280 TWD,in stock,new
66397c1200f5d70020182748:66397c116e83c00012f24f11,FM SHOES 撞色減壓楔型拖鞋 黑(36-42),,https://www.fmshoes.com.tw/products/66397c1200f5d70020182748?variation=66397c116e83c00012f24f11,https://img.shoplineapp.com/media/image_clips/69575411e4025fe1aee572a7/original.jpg?1767330833=&owner_id=627e1d404e691000311b0a4f,1280 TWD,in stock,new
6639d3e9da44760015594679:6639d3e7162c4b0018913dbb,FM SHOES 升級版2.0可後踩馬銜扣樂福鞋 粉(36-43),FM SHOES 升級版2.0可後踩馬銜扣樂福鞋 粉(36-43),https://www.fmshoes.com.tw/products/6639d3e9da44760015594679?variation=6639d3e7162c4b0018913dbb,https://img.shoplineapp.com/media/image_clips/66dac4d3c6c38c001ca945bd/original.jpg?1725613267,1280 TWD,in stock,new
6639d3e9da44760015594679:6639d3e7162c4b0018913dbc,FM SHOES 升級版2.0可後踩馬銜扣樂福鞋 粉(36-43),FM SHOES 升級版2.0可後踩馬銜扣樂福鞋 粉(36-43),https://www.fmshoes.com.tw/products/6639d3e9da44760015594679?variation=6639d3e7162c4b0018913dbc,https://img.shoplineapp.com/media/image_clips/66dac4d3c6c38c001ca945bd/original.jpg?1725613267,1280 TWD,in stock,new
6639d3e9da44760015594679:6639d3e7162c4b0018913dbe,FM SHOES 升級版2.0可後踩馬銜扣樂福鞋 粉(36-43),FM SHOES 升級版2.0可後踩馬銜扣樂福鞋 粉(36-43),https://www.fmshoes.com.tw/products/6639d3e9da44760015594679?variation=6639d3e7162c4b0018913dbe,https://img.shoplineapp.com/media/image_clips/66dac4d3c6c38c001ca945bd/original.jpg?1725613267,1280 TWD,in stock,new
6639d3e9da44760015594679:6639d3e7162c4b0018913dc0,FM SHOES 升級版2.0可後踩馬銜扣樂福鞋 粉(36-43),FM SHOES 升級版2.0可後踩馬銜扣樂福鞋 粉(36-43),https://www.fmshoes.com.tw/products/6639d3e9da44760015594679?variation=6639d3e7162c4b0018913dc0,https://img.shoplineapp.com/media/image_clips/66dac4d3c6c38c001ca945bd/original.jpg?1725613267,1280 TWD,in stock,new
6639f9b132ea9a000e1d5ce8:6639f9b03dc0998b6b4d5f32,FM SHOES 一字細帶兩穿高跟拖鞋 黑(36-42),FM SHOES 一字細帶兩穿高跟拖鞋 黑(36-42),https://www.fmshoes.com.tw/products/6639f9b132ea9a000e1d5ce8?variation=6639f9b03dc0998b6b4d5f32,https://img.shoplineapp.com/media/image_clips/664abea0cb96730022155764/original.jpg?1716174496,1380 TWD,in stock,new
6639ffc288f909001d601d4e:6639ffc0a0be810013668a89,FM SHOES 一字細帶兩穿高跟拖鞋 粉(36-42),FM SHOES 一字細帶兩穿高跟拖鞋 粉(36-42),https://www.fmshoes.com.tw/products/6639ffc288f909001d601d4e?variation=6639ffc0a0be810013668a89,https://img.shoplineapp.com/media/image_clips/6957532f58a06b69430c5c45/original.jpg?1767330607=&owner_id=627e1d404e691000311b0a4f,1380 TWD,in stock,new
663d8c72233889001683f1d2:663d8c6fd132f2001105a635,FM SHOES 升級版2.0可後踩馬銜扣樂福鞋 灰(36-43),FM SHOES 升級版2.0可後踩馬銜扣樂福鞋 灰(36-43),https://www.fmshoes.com.tw/products/663d8c72233889001683f1d2?variation=663d8c6fd132f2001105a635,https://img.shoplineapp.com/media/image_clips/66dac4b71bf47c0019a63beb/original.jpg?1725613238,1280 TWD,in stock,new
663d8c72233889001683f1d2:663d8c6fd132f2001105a636,FM SHOES 升級版2.0可後踩馬銜扣樂福鞋 灰(36-43),FM SHOES 升級版2.0可後踩馬銜扣樂福鞋 灰(36-43),https://www.fmshoes.com.tw/products/663d8c72233889001683f1d2?variation=663d8c6fd132f2001105a636,https://img.shoplineapp.com/media/image_clips/66dac4b71bf47c0019a63beb/original.jpg?1725613238,1280 TWD,in stock,new
663d8c72233889001683f1d2:663d8c6fd132f2001105a63a,FM SHOES 升級版2.0可後踩馬銜扣樂福鞋 灰(36-43),FM SHOES 升級版2.0可後踩馬銜扣樂福鞋 灰(36-43),https://www.fmshoes.com.tw/products/663d8c72233889001683f1d2?variation=663d8c6fd132f2001105a63a,https://img.shoplineapp.com/media/image_clips/66dac4b71bf47c0019a63beb/original.jpg?1725613238,1280 TWD,in stock,new
663d8c72233889001683f1d2:663d8c6fd132f2001105a63b,FM SHOES 升級版2.0可後踩馬銜扣樂福鞋 灰(36-43),FM SHOES 升級版2.0可後踩馬銜扣樂福鞋 灰(36-43),https://www.fmshoes.com.tw/products/663d8c72233889001683f1d2?variation=663d8c6fd132f2001105a63b,https://img.shoplineapp.com/media/image_clips/66dac4b71bf47c0019a63beb/original.jpg?1725613238,1280 TWD,in stock,new
66456ccf294f50001ffa42e4:6645b469369d6000128ab5a2,FM SHOES 輕量防水洞洞鞋 米白(S-3XL),FM SHOES 輕量防水洞洞鞋 米白(S-3XL),https://www.fmshoes.com.tw/products/66456ccf294f50001ffa42e4?variation=6645b469369d6000128ab5a2,https://img.shoplineapp.com/media/image_clips/66ac3e1fd1802d0013ce6c8d/original.jpg?1722564127,780 TWD,in stock,new
66456ccf294f50001ffa42e4:6645b469369d6000128ab5a3,FM SHOES 輕量防水洞洞鞋 米白(S-3XL),FM SHOES 輕量防水洞洞鞋 米白(S-3XL),https://www.fmshoes.com.tw/products/66456ccf294f50001ffa42e4?variation=6645b469369d6000128ab5a3,https://img.shoplineapp.com/media/image_clips/66ac3e1fd1802d0013ce6c8d/original.jpg?1722564127,780 TWD,in stock,new
66456ccf294f50001ffa42e4:6645b469369d6000128ab5a5,FM SHOES 輕量防水洞洞鞋 米白(S-3XL),FM SHOES 輕量防水洞洞鞋 米白(S-3XL),https://www.fmshoes.com.tw/products/66456ccf294f50001ffa42e4?variation=6645b469369d6000128ab5a5,https://img.shoplineapp.com/media/image_clips/66ac3e1fd1802d0013ce6c8d/original.jpg?1722564127,780 TWD,in stock,new
6645a241738aea000dd15791:6645a23ef10e2f001b1e6c3b,FM SHOES 輕量防水洞洞鞋 淺灰(S-3XL),FM SHOES 輕量防水洞洞鞋 淺灰(S-3XL),https://www.fmshoes.com.tw/products/6645a241738aea000dd15791?variation=6645a23ef10e2f001b1e6c3b,https://img.shoplineapp.com/media/image_clips/66ac3e8d745c18001cb18be7/original.jpg?1722564236,780 TWD,in stock,new
6645a241738aea000dd15791:6645a23ef10e2f001b1e6c3c,FM SHOES 輕量防水洞洞鞋 淺灰(S-3XL),FM SHOES 輕量防水洞洞鞋 淺灰(S-3XL),https://www.fmshoes.com.tw/products/6645a241738aea000dd15791?variation=6645a23ef10e2f001b1e6c3c,https://img.shoplineapp.com/media/image_clips/66ac3e8d745c18001cb18be7/original.jpg?1722564236,780 TWD,in stock,new
66470b98f212eb001f5bcd5d:66470b9675ce890013bba959,NEUTRAL 超輕刷破漂浮懶人鞋 桃(36-42),版 型 偏小版(大一號購買)   產 地 台灣   鞋 面 厚織帆布面料   內 裏 透氣棉布內裡+透氣泡棉內墊   鞋 底 超輕橡膠防滑刻紋底   重 量 400公克 跟 型     筒 高  筒 圍  踝,https://www.fmshoes.com.tw/products/66470b98f212eb001f5bcd5d?variation=66470b9675ce890013bba959,https://img.shoplineapp.com/media/image_clips/69572fedcfbe2995ac0e7d98/original.jpg?1767321581=&owner_id=627e1d404e691000311b0a4f,880 TWD,in stock,new
66470b98f212eb001f5bcd5d:66470b9675ce890013bba95a,NEUTRAL 超輕刷破漂浮懶人鞋 桃(36-42),版 型 偏小版(大一號購買)   產 地 台灣   鞋 面 厚織帆布面料   內 裏 透氣棉布內裡+透氣泡棉內墊   鞋 底 超輕橡膠防滑刻紋底   重 量 400公克 跟 型     筒 高  筒 圍  踝,https://www.fmshoes.com.tw/products/66470b98f212eb001f5bcd5d?variation=66470b9675ce890013bba95a,https://img.shoplineapp.com/media/image_clips/69572fedcfbe2995ac0e7d98/original.jpg?1767321581=&owner_id=627e1d404e691000311b0a4f,880 TWD,in stock,new
66470b98f212eb001f5bcd5d:66470b9675ce890013bba95b,NEUTRAL 超輕刷破漂浮懶人鞋 桃(36-42),版 型 偏小版(大一號購買)   產 地 台灣   鞋 面 厚織帆布面料   內 裏 透氣棉布內裡+透氣泡棉內墊   鞋 底 超輕橡膠防滑刻紋底   重 量 400公克 跟 型     筒 高  筒 圍  踝,https://www.fmshoes.com.tw/products/66470b98f212eb001f5bcd5d?variation=66470b9675ce890013bba95b,https://img.shoplineapp.com/media/image_clips/69572fedcfbe2995ac0e7d98/original.jpg?1767321581=&owner_id=627e1d404e691000311b0a4f,880 TWD,in stock,new
66470b98f212eb001f5bcd5d:66470b9675ce890013bba95c,NEUTRAL 超輕刷破漂浮懶人鞋 桃(36-42),版 型 偏小版(大一號購買)   產 地 台灣   鞋 面 厚織帆布面料   內 裏 透氣棉布內裡+透氣泡棉內墊   鞋 底 超輕橡膠防滑刻紋底   重 量 400公克 跟 型     筒 高  筒 圍  踝,https://www.fmshoes.com.tw/products/66470b98f212eb001f5bcd5d?variation=66470b9675ce890013bba95c,https://img.shoplineapp.com/media/image_clips/69572fedcfbe2995ac0e7d98/original.jpg?1767321581=&owner_id=627e1d404e691000311b0a4f,880 TWD,in stock,new
66470c734dd1a6001639cc64:66470c717da45ed36b0db9f1,NEUTRAL 超輕刷破漂浮懶人鞋 灰(36-43),版 型 偏小版(大一號購買)   產 地 台灣   鞋 面 厚織帆布面料   內 裏 透氣棉布內裡+透氣泡棉內墊   鞋 底 超輕橡膠防滑刻紋底   重 量 400公克 跟 型     筒 高  筒 圍  踝,https://www.fmshoes.com.tw/products/66470c734dd1a6001639cc64?variation=66470c717da45ed36b0db9f1,https://img.shoplineapp.com/media/image_clips/69572f946d3e079e557459a1/original.jpg?1767321492=&owner_id=627e1d404e691000311b0a4f,880 TWD,in stock,new
66470c734dd1a6001639cc64:66470c717da45ed36b0db9f2,NEUTRAL 超輕刷破漂浮懶人鞋 灰(36-43),版 型 偏小版(大一號購買)   產 地 台灣   鞋 面 厚織帆布面料   內 裏 透氣棉布內裡+透氣泡棉內墊   鞋 底 超輕橡膠防滑刻紋底   重 量 400公克 跟 型     筒 高  筒 圍  踝,https://www.fmshoes.com.tw/products/66470c734dd1a6001639cc64?variation=66470c717da45ed36b0db9f2,https://img.shoplineapp.com/media/image_clips/69572f946d3e079e557459a1/original.jpg?1767321492=&owner_id=627e1d404e691000311b0a4f,880 TWD,in stock,new
66470c734dd1a6001639cc64:66470c717da45ed36b0db9f3,NEUTRAL 超輕刷破漂浮懶人鞋 灰(36-43),版 型 偏小版(大一號購買)   產 地 台灣   鞋 面 厚織帆布面料   內 裏 透氣棉布內裡+透氣泡棉內墊   鞋 底 超輕橡膠防滑刻紋底   重 量 400公克 跟 型     筒 高  筒 圍  踝,https://www.fmshoes.com.tw/products/66470c734dd1a6001639cc64?variation=66470c717da45ed36b0db9f3,https://img.shoplineapp.com/media/image_clips/69572f946d3e079e557459a1/original.jpg?1767321492=&owner_id=627e1d404e691000311b0a4f,880 TWD,in stock,new
66470c734dd1a6001639cc64:66470c717da45ed36b0db9f4,NEUTRAL 超輕刷破漂浮懶人鞋 灰(36-43),版 型 偏小版(大一號購買)   產 地 台灣   鞋 面 厚織帆布面料   內 裏 透氣棉布內裡+透氣泡棉內墊   鞋 底 超輕橡膠防滑刻紋底   重 量 400公克 跟 型     筒 高  筒 圍  踝,https://www.fmshoes.com.tw/products/66470c734dd1a6001639cc64?variation=66470c717da45ed36b0db9f4,https://img.shoplineapp.com/media/image_clips/69572f946d3e079e557459a1/original.jpg?1767321492=&owner_id=627e1d404e691000311b0a4f,880 TWD,in stock,new
66470c734dd1a6001639cc64:66470c717da45ed36b0db9f5,NEUTRAL 超輕刷破漂浮懶人鞋 灰(36-43),版 型 偏小版(大一號購買)   產 地 台灣   鞋 面 厚織帆布面料   內 裏 透氣棉布內裡+透氣泡棉內墊   鞋 底 超輕橡膠防滑刻紋底   重 量 400公克 跟 型     筒 高  筒 圍  踝,https://www.fmshoes.com.tw/products/66470c734dd1a6001639cc64?variation=66470c717da45ed36b0db9f5,https://img.shoplineapp.com/media/image_clips/69572f946d3e079e557459a1/original.jpg?1767321492=&owner_id=627e1d404e691000311b0a4f,880 TWD,in stock,new
66470c734dd1a6001639cc64:66470c717da45ed36b0db9f6,NEUTRAL 超輕刷破漂浮懶人鞋 灰(36-43),版 型 偏小版(大一號購買)   產 地 台灣   鞋 面 厚織帆布面料   內 裏 透氣棉布內裡+透氣泡棉內墊   鞋 底 超輕橡膠防滑刻紋底   重 量 400公克 跟 型     筒 高  筒 圍  踝,https://www.fmshoes.com.tw/products/66470c734dd1a6001639cc64?variation=66470c717da45ed36b0db9f6,https://img.shoplineapp.com/media/image_clips/69572f946d3e079e557459a1/original.jpg?1767321492=&owner_id=627e1d404e691000311b0a4f,880 TWD,in stock,new
66470c734dd1a6001639cc64:66470c717da45ed36b0db9f7,NEUTRAL 超輕刷破漂浮懶人鞋 灰(36-43),版 型 偏小版(大一號購買)   產 地 台灣   鞋 面 厚織帆布面料   內 裏 透氣棉布內裡+透氣泡棉內墊   鞋 底 超輕橡膠防滑刻紋底   重 量 400公克 跟 型     筒 高  筒 圍  踝,https://www.fmshoes.com.tw/products/66470c734dd1a6001639cc64?variation=66470c717da45ed36b0db9f7,https://img.shoplineapp.com/media/image_clips/69572f946d3e079e557459a1/original.jpg?1767321492=&owner_id=627e1d404e691000311b0a4f,880 TWD,in stock,new
66470c734dd1a6001639cc64:67a95519e9f2cc000ccbe3af,NEUTRAL 超輕刷破漂浮懶人鞋 灰(36-43),版 型 偏小版(大一號購買)   產 地 台灣   鞋 面 厚織帆布面料   內 裏 透氣棉布內裡+透氣泡棉內墊   鞋 底 超輕橡膠防滑刻紋底   重 量 400公克 跟 型     筒 高  筒 圍  踝,https://www.fmshoes.com.tw/products/66470c734dd1a6001639cc64?variation=67a95519e9f2cc000ccbe3af,https://img.shoplineapp.com/media/image_clips/69572f946d3e079e557459a1/original.jpg?1767321492=&owner_id=627e1d404e691000311b0a4f,880 TWD,in stock,new
66470e790377d8001057a584:66470e76ed4799000e003a96,NEUTRAL 超輕刷破漂浮懶人鞋 淺綠(36-42),版 型 偏小版(大一號購買)   產 地 台灣   鞋 面 厚織帆布面料   內 裏 透氣棉布內裡+透氣泡棉內墊   鞋 底 超輕橡膠防滑刻紋底   重 量 400公克 跟 型     筒 高  筒 圍  踝,https://www.fmshoes.com.tw/products/66470e790377d8001057a584?variation=66470e76ed4799000e003a96,https://img.shoplineapp.com/media/image_clips/66470dd36e8be6001f0f01f1/original.jpg?1715932627,880 TWD,in stock,new
66470e790377d8001057a584:66470e76ed4799000e003a97,NEUTRAL 超輕刷破漂浮懶人鞋 淺綠(36-42),版 型 偏小版(大一號購買)   產 地 台灣   鞋 面 厚織帆布面料   內 裏 透氣棉布內裡+透氣泡棉內墊   鞋 底 超輕橡膠防滑刻紋底   重 量 400公克 跟 型     筒 高  筒 圍  踝,https://www.fmshoes.com.tw/products/66470e790377d8001057a584?variation=66470e76ed4799000e003a97,https://img.shoplineapp.com/media/image_clips/66470dd36e8be6001f0f01f1/original.jpg?1715932627,880 TWD,in stock,new
66470e790377d8001057a584:66470e76ed4799000e003a98,NEUTRAL 超輕刷破漂浮懶人鞋 淺綠(36-42),版 型 偏小版(大一號購買)   產 地 台灣   鞋 面 厚織帆布面料   內 裏 透氣棉布內裡+透氣泡棉內墊   鞋 底 超輕橡膠防滑刻紋底   重 量 400公克 跟 型     筒 高  筒 圍  踝,https://www.fmshoes.com.tw/products/66470e790377d8001057a584?variation=66470e76ed4799000e003a98,https://img.shoplineapp.com/media/image_clips/66470dd36e8be6001f0f01f1/original.jpg?1715932627,880 TWD,in stock,new
66470e790377d8001057a584:66470e76ed4799000e003a99,NEUTRAL 超輕刷破漂浮懶人鞋 淺綠(36-42),版 型 偏小版(大一號購買)   產 地 台灣   鞋 面 厚織帆布面料   內 裏 透氣棉布內裡+透氣泡棉內墊   鞋 底 超輕橡膠防滑刻紋底   重 量 400公克 跟 型     筒 高  筒 圍  踝,https://www.fmshoes.com.tw/products/66470e790377d8001057a584?variation=66470e76ed4799000e003a99,https://img.shoplineapp.com/media/image_clips/66470dd36e8be6001f0f01f1/original.jpg?1715932627,880 TWD,in stock,new
66470e790377d8001057a584:66470e76ed4799000e003a9a,NEUTRAL 超輕刷破漂浮懶人鞋 淺綠(36-42),版 型 偏小版(大一號購買)   產 地 台灣   鞋 面 厚織帆布面料   內 裏 透氣棉布內裡+透氣泡棉內墊   鞋 底 超輕橡膠防滑刻紋底   重 量 400公克 跟 型     筒 高  筒 圍  踝,https://www.fmshoes.com.tw/products/66470e790377d8001057a584?variation=66470e76ed4799000e003a9a,https://img.shoplineapp.com/media/image_clips/66470dd36e8be6001f0f01f1/original.jpg?1715932627,880 TWD,in stock,new
66470e790377d8001057a584:66470e76ed4799000e003a9b,NEUTRAL 超輕刷破漂浮懶人鞋 淺綠(36-42),版 型 偏小版(大一號購買)   產 地 台灣   鞋 面 厚織帆布面料   內 裏 透氣棉布內裡+透氣泡棉內墊   鞋 底 超輕橡膠防滑刻紋底   重 量 400公克 跟 型     筒 高  筒 圍  踝,https://www.fmshoes.com.tw/products/66470e790377d8001057a584?variation=66470e76ed4799000e003a9b,https://img.shoplineapp.com/media/image_clips/66470dd36e8be6001f0f01f1/original.jpg?1715932627,880 TWD,in stock,new
66470e790377d8001057a584:66470e76ed4799000e003a9c,NEUTRAL 超輕刷破漂浮懶人鞋 淺綠(36-42),版 型 偏小版(大一號購買)   產 地 台灣   鞋 面 厚織帆布面料   內 裏 透氣棉布內裡+透氣泡棉內墊   鞋 底 超輕橡膠防滑刻紋底   重 量 400公克 跟 型     筒 高  筒 圍  踝,https://www.fmshoes.com.tw/products/66470e790377d8001057a584?variation=66470e76ed4799000e003a9c,https://img.shoplineapp.com/media/image_clips/66470dd36e8be6001f0f01f1/original.jpg?1715932627,880 TWD,in stock,new
66470f376c0ca90019215f33:66470f359ec601001532b747,NEUTRAL 超輕刷破漂浮懶人鞋 米(36-42),版 型 偏小版(大一號購買)   產 地 台灣   鞋 面 厚織帆布面料   內 裏 透氣棉布內裡+透氣泡棉內墊   鞋 底 超輕橡膠防滑刻紋底   重 量 400公克 跟 型     筒 高  筒 圍  踝,https://www.fmshoes.com.tw/products/66470f376c0ca90019215f33?variation=66470f359ec601001532b747,https://img.shoplineapp.com/media/image_clips/6957420d877b2f87625d42d5/original.jpg?1767326220=&owner_id=627e1d404e691000311b0a4f,880 TWD,in stock,new
66470f376c0ca90019215f33:66470f359ec601001532b74b,NEUTRAL 超輕刷破漂浮懶人鞋 米(36-42),版 型 偏小版(大一號購買)   產 地 台灣   鞋 面 厚織帆布面料   內 裏 透氣棉布內裡+透氣泡棉內墊   鞋 底 超輕橡膠防滑刻紋底   重 量 400公克 跟 型     筒 高  筒 圍  踝,https://www.fmshoes.com.tw/products/66470f376c0ca90019215f33?variation=66470f359ec601001532b74b,https://img.shoplineapp.com/media/image_clips/6957420d877b2f87625d42d5/original.jpg?1767326220=&owner_id=627e1d404e691000311b0a4f,880 TWD,in stock,new
664ac6336486e40019b70c2d:664ac6318a48d48b59bfa44d,NEUTRAL 雙帶反車線減壓涼鞋 杏(35-41),,https://www.fmshoes.com.tw/products/664ac6336486e40019b70c2d?variation=664ac6318a48d48b59bfa44d,https://img.shoplineapp.com/media/image_clips/6957404cc250cbaf881d28c8/original.jpg?1767325772=&owner_id=627e1d404e691000311b0a4f,1680 TWD,in stock,new
664ac6336486e40019b70c2d:664ac6318a48d48b59bfa44e,NEUTRAL 雙帶反車線減壓涼鞋 杏(35-41),,https://www.fmshoes.com.tw/products/664ac6336486e40019b70c2d?variation=664ac6318a48d48b59bfa44e,https://img.shoplineapp.com/media/image_clips/6957404cc250cbaf881d28c8/original.jpg?1767325772=&owner_id=627e1d404e691000311b0a4f,1680 TWD,in stock,new
664ac6336486e40019b70c2d:664ac6318a48d48b59bfa44f,NEUTRAL 雙帶反車線減壓涼鞋 杏(35-41),,https://www.fmshoes.com.tw/products/664ac6336486e40019b70c2d?variation=664ac6318a48d48b59bfa44f,https://img.shoplineapp.com/media/image_clips/6957404cc250cbaf881d28c8/original.jpg?1767325772=&owner_id=627e1d404e691000311b0a4f,1680 TWD,in stock,new
664ac6336486e40019b70c2d:664ac6318a48d48b59bfa450,NEUTRAL 雙帶反車線減壓涼鞋 杏(35-41),,https://www.fmshoes.com.tw/products/664ac6336486e40019b70c2d?variation=664ac6318a48d48b59bfa450,https://img.shoplineapp.com/media/image_clips/6957404cc250cbaf881d28c8/original.jpg?1767325772=&owner_id=627e1d404e691000311b0a4f,1680 TWD,in stock,new
664ac6336486e40019b70c2d:664ac6318a48d48b59bfa451,NEUTRAL 雙帶反車線減壓涼鞋 杏(35-41),,https://www.fmshoes.com.tw/products/664ac6336486e40019b70c2d?variation=664ac6318a48d48b59bfa451,https://img.shoplineapp.com/media/image_clips/6957404cc250cbaf881d28c8/original.jpg?1767325772=&owner_id=627e1d404e691000311b0a4f,1680 TWD,in stock,new
664ac6336486e40019b70c2d:664ac6318a48d48b59bfa452,NEUTRAL 雙帶反車線減壓涼鞋 杏(35-41),,https://www.fmshoes.com.tw/products/664ac6336486e40019b70c2d?variation=664ac6318a48d48b59bfa452,https://img.shoplineapp.com/media/image_clips/6957404cc250cbaf881d28c8/original.jpg?1767325772=&owner_id=627e1d404e691000311b0a4f,1680 TWD,in stock,new
664ac6efdaa2720019ab7d26:664ac6ec2616b20009bd7595,NEUTRAL 雙帶反車線減壓涼鞋 黑(35-41),,https://www.fmshoes.com.tw/products/664ac6efdaa2720019ab7d26?variation=664ac6ec2616b20009bd7595,https://img.shoplineapp.com/media/image_clips/664ac67b8d7a0f001c19ab09/original.jpg?1716176507,1680 TWD,in stock,new
664ac6efdaa2720019ab7d26:664ac6ec2616b20009bd7596,NEUTRAL 雙帶反車線減壓涼鞋 黑(35-41),,https://www.fmshoes.com.tw/products/664ac6efdaa2720019ab7d26?variation=664ac6ec2616b20009bd7596,https://img.shoplineapp.com/media/image_clips/664ac67b8d7a0f001c19ab09/original.jpg?1716176507,1680 TWD,in stock,new
664ac6efdaa2720019ab7d26:664ac6ec2616b20009bd7597,NEUTRAL 雙帶反車線減壓涼鞋 黑(35-41),,https://www.fmshoes.com.tw/products/664ac6efdaa2720019ab7d26?variation=664ac6ec2616b20009bd7597,https://img.shoplineapp.com/media/image_clips/664ac67b8d7a0f001c19ab09/original.jpg?1716176507,1680 TWD,in stock,new
664ac6efdaa2720019ab7d26:664ac6ec2616b20009bd7598,NEUTRAL 雙帶反車線減壓涼鞋 黑(35-41),,https://www.fmshoes.com.tw/products/664ac6efdaa2720019ab7d26?variation=664ac6ec2616b20009bd7598,https://img.shoplineapp.com/media/image_clips/664ac67b8d7a0f001c19ab09/original.jpg?1716176507,1680 TWD,in stock,new
664ac6efdaa2720019ab7d26:664ac6ec2616b20009bd7599,NEUTRAL 雙帶反車線減壓涼鞋 黑(35-41),,https://www.fmshoes.com.tw/products/664ac6efdaa2720019ab7d26?variation=664ac6ec2616b20009bd7599,https://img.shoplineapp.com/media/image_clips/664ac67b8d7a0f001c19ab09/original.jpg?1716176507,1680 TWD,in stock,new
664eba3b88e4f7000d175bdf:664eba390e73cd000f87ce24,NEUTRAL 厚底兩穿防水麻糬拖 拿鐵(S-XL),,https://www.fmshoes.com.tw/products/664eba3b88e4f7000d175bdf?variation=664eba390e73cd000f87ce24,https://img.shoplineapp.com/media/image_clips/66e162d92e356c00101c5024/original.jpg?1726046936,880 TWD,in stock,new
664eba3b88e4f7000d175bdf:664eba390e73cd000f87ce25,NEUTRAL 厚底兩穿防水麻糬拖 拿鐵(S-XL),,https://www.fmshoes.com.tw/products/664eba3b88e4f7000d175bdf?variation=664eba390e73cd000f87ce25,https://img.shoplineapp.com/media/image_clips/66e162d92e356c00101c5024/original.jpg?1726046936,880 TWD,in stock,new
664eba3b88e4f7000d175bdf:664eba390e73cd000f87ce26,NEUTRAL 厚底兩穿防水麻糬拖 拿鐵(S-XL),,https://www.fmshoes.com.tw/products/664eba3b88e4f7000d175bdf?variation=664eba390e73cd000f87ce26,https://img.shoplineapp.com/media/image_clips/66e162d92e356c00101c5024/original.jpg?1726046936,880 TWD,in stock,new
664eba3b88e4f7000d175bdf:664eba390e73cd000f87ce27,NEUTRAL 厚底兩穿防水麻糬拖 拿鐵(S-XL),,https://www.fmshoes.com.tw/products/664eba3b88e4f7000d175bdf?variation=664eba390e73cd000f87ce27,https://img.shoplineapp.com/media/image_clips/66e162d92e356c00101c5024/original.jpg?1726046936,880 TWD,in stock,new
665428ed0e256e00229fa0ab:665428ebf3e405e8faf39e71,FM SHOES 一字美腿高跟涼鞋 杏(36-42),FM SHOES 一字美腿高跟涼鞋 杏(36-42),https://www.fmshoes.com.tw/products/665428ed0e256e00229fa0ab?variation=665428ebf3e405e8faf39e71,https://img.shoplineapp.com/media/image_clips/6678fe903f8d8d001fe77525/original.jpg?1719205519,1380 TWD,in stock,new
665428ed0e256e00229fa0ab:665428ebf3e405e8faf39e74,FM SHOES 一字美腿高跟涼鞋 杏(36-42),FM SHOES 一字美腿高跟涼鞋 杏(36-42),https://www.fmshoes.com.tw/products/665428ed0e256e00229fa0ab?variation=665428ebf3e405e8faf39e74,https://img.shoplineapp.com/media/image_clips/6678fe903f8d8d001fe77525/original.jpg?1719205519,1380 TWD,in stock,new
665428ed0e256e00229fa0ab:665428ebf3e405e8faf39e76,FM SHOES 一字美腿高跟涼鞋 杏(36-42),FM SHOES 一字美腿高跟涼鞋 杏(36-42),https://www.fmshoes.com.tw/products/665428ed0e256e00229fa0ab?variation=665428ebf3e405e8faf39e76,https://img.shoplineapp.com/media/image_clips/6678fe903f8d8d001fe77525/original.jpg?1719205519,1380 TWD,in stock,new
66542921492294001f1158c4:6654291f8a36f60012b5486b,FM SHOES 一字美腿高跟涼鞋 黑(36-42),FM SHOES 一字美腿高跟涼鞋 黑(36-42),https://www.fmshoes.com.tw/products/66542921492294001f1158c4?variation=6654291f8a36f60012b5486b,https://img.shoplineapp.com/media/image_clips/6656a4dae361210019964650/original.jpg?1716954330,1380 TWD,in stock,new
66542921492294001f1158c4:6654291f8a36f60012b54870,FM SHOES 一字美腿高跟涼鞋 黑(36-42),FM SHOES 一字美腿高跟涼鞋 黑(36-42),https://www.fmshoes.com.tw/products/66542921492294001f1158c4?variation=6654291f8a36f60012b54870,https://img.shoplineapp.com/media/image_clips/6656a4dae361210019964650/original.jpg?1716954330,1380 TWD,in stock,new
6654295890588e001febd386:665429563322039960e50152,FM SHOES 一字美腿高跟涼鞋 粉(36-42),FM SHOES 一字美腿高跟涼鞋 粉(36-42),https://www.fmshoes.com.tw/products/6654295890588e001febd386?variation=665429563322039960e50152,https://img.shoplineapp.com/media/image_clips/6679003a73d56b001324c3b9/original.jpg?1719205946,1380 TWD,in stock,new
6654295890588e001febd386:665429563322039960e50153,FM SHOES 一字美腿高跟涼鞋 粉(36-42),FM SHOES 一字美腿高跟涼鞋 粉(36-42),https://www.fmshoes.com.tw/products/6654295890588e001febd386?variation=665429563322039960e50153,https://img.shoplineapp.com/media/image_clips/6679003a73d56b001324c3b9/original.jpg?1719205946,1380 TWD,in stock,new
6654295890588e001febd386:665429563322039960e50155,FM SHOES 一字美腿高跟涼鞋 粉(36-42),FM SHOES 一字美腿高跟涼鞋 粉(36-42),https://www.fmshoes.com.tw/products/6654295890588e001febd386?variation=665429563322039960e50155,https://img.shoplineapp.com/media/image_clips/6679003a73d56b001324c3b9/original.jpg?1719205946,1380 TWD,in stock,new
6654295890588e001febd386:665429563322039960e50156,FM SHOES 一字美腿高跟涼鞋 粉(36-42),FM SHOES 一字美腿高跟涼鞋 粉(36-42),https://www.fmshoes.com.tw/products/6654295890588e001febd386?variation=665429563322039960e50156,https://img.shoplineapp.com/media/image_clips/6679003a73d56b001324c3b9/original.jpg?1719205946,1380 TWD,in stock,new
6654295890588e001febd386:665429563322039960e50157,FM SHOES 一字美腿高跟涼鞋 粉(36-42),FM SHOES 一字美腿高跟涼鞋 粉(36-42),https://www.fmshoes.com.tw/products/6654295890588e001febd386?variation=665429563322039960e50157,https://img.shoplineapp.com/media/image_clips/6679003a73d56b001324c3b9/original.jpg?1719205946,1380 TWD,in stock,new
6654295890588e001febd386:665429563322039960e50158,FM SHOES 一字美腿高跟涼鞋 粉(36-42),FM SHOES 一字美腿高跟涼鞋 粉(36-42),https://www.fmshoes.com.tw/products/6654295890588e001febd386?variation=665429563322039960e50158,https://img.shoplineapp.com/media/image_clips/6679003a73d56b001324c3b9/original.jpg?1719205946,1380 TWD,in stock,new
66542990c8e0ec001c26a1b3:6654298e3c60f6001e0dc0b8,FM SHOES 一字美腿高跟涼鞋 灰(36-42),FM SHOES 一字美腿高跟涼鞋 灰(36-42),https://www.fmshoes.com.tw/products/66542990c8e0ec001c26a1b3?variation=6654298e3c60f6001e0dc0b8,https://img.shoplineapp.com/media/image_clips/6679012d1bed5589ed5fb023/original.jpg?1719206189,1380 TWD,in stock,new
66542990c8e0ec001c26a1b3:6654298e3c60f6001e0dc0ba,FM SHOES 一字美腿高跟涼鞋 灰(36-42),FM SHOES 一字美腿高跟涼鞋 灰(36-42),https://www.fmshoes.com.tw/products/66542990c8e0ec001c26a1b3?variation=6654298e3c60f6001e0dc0ba,https://img.shoplineapp.com/media/image_clips/6679012d1bed5589ed5fb023/original.jpg?1719206189,1380 TWD,in stock,new
66542990c8e0ec001c26a1b3:6654298e3c60f6001e0dc0bb,FM SHOES 一字美腿高跟涼鞋 灰(36-42),FM SHOES 一字美腿高跟涼鞋 灰(36-42),https://www.fmshoes.com.tw/products/66542990c8e0ec001c26a1b3?variation=6654298e3c60f6001e0dc0bb,https://img.shoplineapp.com/media/image_clips/6679012d1bed5589ed5fb023/original.jpg?1719206189,1380 TWD,in stock,new
66542990c8e0ec001c26a1b3:6654298e3c60f6001e0dc0bc,FM SHOES 一字美腿高跟涼鞋 灰(36-42),FM SHOES 一字美腿高跟涼鞋 灰(36-42),https://www.fmshoes.com.tw/products/66542990c8e0ec001c26a1b3?variation=6654298e3c60f6001e0dc0bc,https://img.shoplineapp.com/media/image_clips/6679012d1bed5589ed5fb023/original.jpg?1719206189,1380 TWD,in stock,new
66542990c8e0ec001c26a1b3:6654298e3c60f6001e0dc0bd,FM SHOES 一字美腿高跟涼鞋 灰(36-42),FM SHOES 一字美腿高跟涼鞋 灰(36-42),https://www.fmshoes.com.tw/products/66542990c8e0ec001c26a1b3?variation=6654298e3c60f6001e0dc0bd,https://img.shoplineapp.com/media/image_clips/6679012d1bed5589ed5fb023/original.jpg?1719206189,1380 TWD,in stock,new
667244ba6393d30022716d0e:667244b8b63b79001f90361b,NEUTRAL 刷破漂浮懶人鞋 杏(36-43),版　型標準版(照原本尺寸購買) 產　地台灣鞋　面雪花帆布面料 內　裏透氣棉布內裡+透氣泡棉內墊 鞋　底超輕橡膠防滑刻紋底 重　量600公克跟　型 筒　高筒　圍踝　圍 前跟高1cm後跟高1.2cm內增高,https://www.fmshoes.com.tw/products/667244ba6393d30022716d0e?variation=667244b8b63b79001f90361b,https://img.shoplineapp.com/media/image_clips/69574287a6268d30695523de/original.jpg?1767326343=&owner_id=627e1d404e691000311b0a4f,880 TWD,in stock,new
667244ba6393d30022716d0e:667244b8b63b79001f90361c,NEUTRAL 刷破漂浮懶人鞋 杏(36-43),版　型標準版(照原本尺寸購買) 產　地台灣鞋　面雪花帆布面料 內　裏透氣棉布內裡+透氣泡棉內墊 鞋　底超輕橡膠防滑刻紋底 重　量600公克跟　型 筒　高筒　圍踝　圍 前跟高1cm後跟高1.2cm內增高,https://www.fmshoes.com.tw/products/667244ba6393d30022716d0e?variation=667244b8b63b79001f90361c,https://img.shoplineapp.com/media/image_clips/69574287a6268d30695523de/original.jpg?1767326343=&owner_id=627e1d404e691000311b0a4f,880 TWD,in stock,new
667244ba6393d30022716d0e:667244b8b63b79001f90361d,NEUTRAL 刷破漂浮懶人鞋 杏(36-43),版　型標準版(照原本尺寸購買) 產　地台灣鞋　面雪花帆布面料 內　裏透氣棉布內裡+透氣泡棉內墊 鞋　底超輕橡膠防滑刻紋底 重　量600公克跟　型 筒　高筒　圍踝　圍 前跟高1cm後跟高1.2cm內增高,https://www.fmshoes.com.tw/products/667244ba6393d30022716d0e?variation=667244b8b63b79001f90361d,https://img.shoplineapp.com/media/image_clips/69574287a6268d30695523de/original.jpg?1767326343=&owner_id=627e1d404e691000311b0a4f,880 TWD,in stock,new
667244ba6393d30022716d0e:667244b8b63b79001f90361e,NEUTRAL 刷破漂浮懶人鞋 杏(36-43),版　型標準版(照原本尺寸購買) 產　地台灣鞋　面雪花帆布面料 內　裏透氣棉布內裡+透氣泡棉內墊 鞋　底超輕橡膠防滑刻紋底 重　量600公克跟　型 筒　高筒　圍踝　圍 前跟高1cm後跟高1.2cm內增高,https://www.fmshoes.com.tw/products/667244ba6393d30022716d0e?variation=667244b8b63b79001f90361e,https://img.shoplineapp.com/media/image_clips/69574287a6268d30695523de/original.jpg?1767326343=&owner_id=627e1d404e691000311b0a4f,880 TWD,in stock,new
667244ba6393d30022716d0e:667244b8b63b79001f90361f,NEUTRAL 刷破漂浮懶人鞋 杏(36-43),版　型標準版(照原本尺寸購買) 產　地台灣鞋　面雪花帆布面料 內　裏透氣棉布內裡+透氣泡棉內墊 鞋　底超輕橡膠防滑刻紋底 重　量600公克跟　型 筒　高筒　圍踝　圍 前跟高1cm後跟高1.2cm內增高,https://www.fmshoes.com.tw/products/667244ba6393d30022716d0e?variation=667244b8b63b79001f90361f,https://img.shoplineapp.com/media/image_clips/69574287a6268d30695523de/original.jpg?1767326343=&owner_id=627e1d404e691000311b0a4f,880 TWD,in stock,new
667244ba6393d30022716d0e:667244b8b63b79001f903620,NEUTRAL 刷破漂浮懶人鞋 杏(36-43),版　型標準版(照原本尺寸購買) 產　地台灣鞋　面雪花帆布面料 內　裏透氣棉布內裡+透氣泡棉內墊 鞋　底超輕橡膠防滑刻紋底 重　量600公克跟　型 筒　高筒　圍踝　圍 前跟高1cm後跟高1.2cm內增高,https://www.fmshoes.com.tw/products/667244ba6393d30022716d0e?variation=667244b8b63b79001f903620,https://img.shoplineapp.com/media/image_clips/69574287a6268d30695523de/original.jpg?1767326343=&owner_id=627e1d404e691000311b0a4f,880 TWD,in stock,new
667244ba6393d30022716d0e:667244b8b63b79001f903621,NEUTRAL 刷破漂浮懶人鞋 杏(36-43),版　型標準版(照原本尺寸購買) 產　地台灣鞋　面雪花帆布面料 內　裏透氣棉布內裡+透氣泡棉內墊 鞋　底超輕橡膠防滑刻紋底 重　量600公克跟　型 筒　高筒　圍踝　圍 前跟高1cm後跟高1.2cm內增高,https://www.fmshoes.com.tw/products/667244ba6393d30022716d0e?variation=667244b8b63b79001f903621,https://img.shoplineapp.com/media/image_clips/69574287a6268d30695523de/original.jpg?1767326343=&owner_id=627e1d404e691000311b0a4f,880 TWD,in stock,new
667244ba6393d30022716d0e:6864a6b6178fb4000c3e6b78,NEUTRAL 刷破漂浮懶人鞋 杏(36-43),版　型標準版(照原本尺寸購買) 產　地台灣鞋　面雪花帆布面料 內　裏透氣棉布內裡+透氣泡棉內墊 鞋　底超輕橡膠防滑刻紋底 重　量600公克跟　型 筒　高筒　圍踝　圍 前跟高1cm後跟高1.2cm內增高,https://www.fmshoes.com.tw/products/667244ba6393d30022716d0e?variation=6864a6b6178fb4000c3e6b78,https://img.shoplineapp.com/media/image_clips/69574287a6268d30695523de/original.jpg?1767326343=&owner_id=627e1d404e691000311b0a4f,880 TWD,in stock,new
66768ea9c1f95e00164ca90a:667cd201b4b758000c583852,FM SHOES 滾邊草編拼接拖鞋 黑(36-43),FM SHOES 滾邊草編拼接拖鞋 黑(36-43),https://www.fmshoes.com.tw/products/66768ea9c1f95e00164ca90a?variation=667cd201b4b758000c583852,https://img.shoplineapp.com/media/image_clips/66dabcd74074ff001f7f995e/original.jpg?1725611223,1280 TWD,in stock,new
66768ea9c1f95e00164ca90a:667cd201b4b758000c583854,FM SHOES 滾邊草編拼接拖鞋 黑(36-43),FM SHOES 滾邊草編拼接拖鞋 黑(36-43),https://www.fmshoes.com.tw/products/66768ea9c1f95e00164ca90a?variation=667cd201b4b758000c583854,https://img.shoplineapp.com/media/image_clips/66dabcd74074ff001f7f995e/original.jpg?1725611223,1280 TWD,in stock,new
66768ea9c1f95e00164ca90a:667cd201b4b758000c583856,FM SHOES 滾邊草編拼接拖鞋 黑(36-43),FM SHOES 滾邊草編拼接拖鞋 黑(36-43),https://www.fmshoes.com.tw/products/66768ea9c1f95e00164ca90a?variation=667cd201b4b758000c583856,https://img.shoplineapp.com/media/image_clips/66dabcd74074ff001f7f995e/original.jpg?1725611223,1280 TWD,in stock,new
66768ea9c1f95e00164ca90a:667cd201b4b758000c583857,FM SHOES 滾邊草編拼接拖鞋 黑(36-43),FM SHOES 滾邊草編拼接拖鞋 黑(36-43),https://www.fmshoes.com.tw/products/66768ea9c1f95e00164ca90a?variation=667cd201b4b758000c583857,https://img.shoplineapp.com/media/image_clips/66dabcd74074ff001f7f995e/original.jpg?1725611223,1280 TWD,in stock,new
66768f7bd5549b0013f884d1:66768f797070d70012aef111,FM SHOES 滾邊草編拼接拖鞋 杏(36-43),FM SHOES 滾邊草編拼接拖鞋 杏(36-43),https://www.fmshoes.com.tw/products/66768f7bd5549b0013f884d1?variation=66768f797070d70012aef111,https://img.shoplineapp.com/media/image_clips/66dabcbade7b6d001fe648ac/original.jpg?1725611194,1280 TWD,in stock,new
66768f7bd5549b0013f884d1:66768f797070d70012aef112,FM SHOES 滾邊草編拼接拖鞋 杏(36-43),FM SHOES 滾邊草編拼接拖鞋 杏(36-43),https://www.fmshoes.com.tw/products/66768f7bd5549b0013f884d1?variation=66768f797070d70012aef112,https://img.shoplineapp.com/media/image_clips/66dabcbade7b6d001fe648ac/original.jpg?1725611194,1280 TWD,in stock,new
66768f7bd5549b0013f884d1:667690a0cd23330012e08676,FM SHOES 滾邊草編拼接拖鞋 杏(36-43),FM SHOES 滾邊草編拼接拖鞋 杏(36-43),https://www.fmshoes.com.tw/products/66768f7bd5549b0013f884d1?variation=667690a0cd23330012e08676,https://img.shoplineapp.com/media/image_clips/66dabcbade7b6d001fe648ac/original.jpg?1725611194,1280 TWD,in stock,new
66768f7bd5549b0013f884d1:667690a0cd23330012e08677,FM SHOES 滾邊草編拼接拖鞋 杏(36-43),FM SHOES 滾邊草編拼接拖鞋 杏(36-43),https://www.fmshoes.com.tw/products/66768f7bd5549b0013f884d1?variation=667690a0cd23330012e08677,https://img.shoplineapp.com/media/image_clips/66dabcbade7b6d001fe648ac/original.jpg?1725611194,1280 TWD,in stock,new
667690076dc42c0022b6b698:66769005ed3b26d68dbe5b02,FM SHOES 滾邊草編拼接拖鞋 棕(36-43),FM SHOES 滾邊草編拼接拖鞋 棕(36-43),https://www.fmshoes.com.tw/products/667690076dc42c0022b6b698?variation=66769005ed3b26d68dbe5b02,https://img.shoplineapp.com/media/image_clips/66dabc9c8fa7ed001931422b/original.jpg?1725611164,1280 TWD,in stock,new
667690076dc42c0022b6b698:66769005ed3b26d68dbe5b03,FM SHOES 滾邊草編拼接拖鞋 棕(36-43),FM SHOES 滾邊草編拼接拖鞋 棕(36-43),https://www.fmshoes.com.tw/products/667690076dc42c0022b6b698?variation=66769005ed3b26d68dbe5b03,https://img.shoplineapp.com/media/image_clips/66dabc9c8fa7ed001931422b/original.jpg?1725611164,1280 TWD,in stock,new
667e1e845b0f54128ddba9ea:667e1e8167575fe25328765f,NEUTRAL 金釦防潑雙帶減壓拖鞋 杏(35-44),,https://www.fmshoes.com.tw/products/667e1e845b0f54128ddba9ea?variation=667e1e8167575fe25328765f,https://img.shoplineapp.com/media/image_clips/667e1d679227bd001f9c337e/original.jpg?1719541095,1480 TWD,in stock,new
667e1e845b0f54128ddba9ea:667e1e8167575fe253287660,NEUTRAL 金釦防潑雙帶減壓拖鞋 杏(35-44),,https://www.fmshoes.com.tw/products/667e1e845b0f54128ddba9ea?variation=667e1e8167575fe253287660,https://img.shoplineapp.com/media/image_clips/667e1d679227bd001f9c337e/original.jpg?1719541095,1480 TWD,in stock,new
667e1e845b0f54128ddba9ea:667e1e8167575fe253287661,NEUTRAL 金釦防潑雙帶減壓拖鞋 杏(35-44),,https://www.fmshoes.com.tw/products/667e1e845b0f54128ddba9ea?variation=667e1e8167575fe253287661,https://img.shoplineapp.com/media/image_clips/667e1d679227bd001f9c337e/original.jpg?1719541095,1480 TWD,in stock,new
667e1e845b0f54128ddba9ea:667e1e8167575fe253287662,NEUTRAL 金釦防潑雙帶減壓拖鞋 杏(35-44),,https://www.fmshoes.com.tw/products/667e1e845b0f54128ddba9ea?variation=667e1e8167575fe253287662,https://img.shoplineapp.com/media/image_clips/667e1d679227bd001f9c337e/original.jpg?1719541095,1480 TWD,in stock,new
667e1e845b0f54128ddba9ea:667e1e8167575fe253287663,NEUTRAL 金釦防潑雙帶減壓拖鞋 杏(35-44),,https://www.fmshoes.com.tw/products/667e1e845b0f54128ddba9ea?variation=667e1e8167575fe253287663,https://img.shoplineapp.com/media/image_clips/667e1d679227bd001f9c337e/original.jpg?1719541095,1480 TWD,in stock,new
667e1e845b0f54128ddba9ea:667e1e8167575fe253287664,NEUTRAL 金釦防潑雙帶減壓拖鞋 杏(35-44),,https://www.fmshoes.com.tw/products/667e1e845b0f54128ddba9ea?variation=667e1e8167575fe253287664,https://img.shoplineapp.com/media/image_clips/667e1d679227bd001f9c337e/original.jpg?1719541095,1480 TWD,in stock,new
667e1e845b0f54128ddba9ea:673a9d1031c45500090eb4bc,NEUTRAL 金釦防潑雙帶減壓拖鞋 杏(35-44),,https://www.fmshoes.com.tw/products/667e1e845b0f54128ddba9ea?variation=673a9d1031c45500090eb4bc,https://img.shoplineapp.com/media/image_clips/667e1d679227bd001f9c337e/original.jpg?1719541095,1480 TWD,in stock,new
667e1e845b0f54128ddba9ea:674fe5a1698ce6000e02dbf2,NEUTRAL 金釦防潑雙帶減壓拖鞋 杏(35-44),,https://www.fmshoes.com.tw/products/667e1e845b0f54128ddba9ea?variation=674fe5a1698ce6000e02dbf2,https://img.shoplineapp.com/media/image_clips/667e1d679227bd001f9c337e/original.jpg?1719541095,1480 TWD,in stock,new
667e1f1ea0d10600131b1c32:667e1f1c1ecab6001e5fee79,NEUTRAL 金釦防潑雙帶減壓拖鞋 粉(35-41),,https://www.fmshoes.com.tw/products/667e1f1ea0d10600131b1c32?variation=667e1f1c1ecab6001e5fee79,https://img.shoplineapp.com/media/image_clips/667e1ea379e03c0022c06232/original.jpg?1719541411,1480 TWD,in stock,new
667e1f1ea0d10600131b1c32:667e1f1c1ecab6001e5fee7a,NEUTRAL 金釦防潑雙帶減壓拖鞋 粉(35-41),,https://www.fmshoes.com.tw/products/667e1f1ea0d10600131b1c32?variation=667e1f1c1ecab6001e5fee7a,https://img.shoplineapp.com/media/image_clips/667e1ea379e03c0022c06232/original.jpg?1719541411,1480 TWD,in stock,new
667e1f1ea0d10600131b1c32:667e1f1c1ecab6001e5fee7b,NEUTRAL 金釦防潑雙帶減壓拖鞋 粉(35-41),,https://www.fmshoes.com.tw/products/667e1f1ea0d10600131b1c32?variation=667e1f1c1ecab6001e5fee7b,https://img.shoplineapp.com/media/image_clips/667e1ea379e03c0022c06232/original.jpg?1719541411,1480 TWD,in stock,new
667e1f1ea0d10600131b1c32:667e1f1c1ecab6001e5fee7c,NEUTRAL 金釦防潑雙帶減壓拖鞋 粉(35-41),,https://www.fmshoes.com.tw/products/667e1f1ea0d10600131b1c32?variation=667e1f1c1ecab6001e5fee7c,https://img.shoplineapp.com/media/image_clips/667e1ea379e03c0022c06232/original.jpg?1719541411,1480 TWD,in stock,new
667e1f1ea0d10600131b1c32:667e1f1c1ecab6001e5fee7d,NEUTRAL 金釦防潑雙帶減壓拖鞋 粉(35-41),,https://www.fmshoes.com.tw/products/667e1f1ea0d10600131b1c32?variation=667e1f1c1ecab6001e5fee7d,https://img.shoplineapp.com/media/image_clips/667e1ea379e03c0022c06232/original.jpg?1719541411,1480 TWD,in stock,new
667e1f1ea0d10600131b1c32:667e1f1c1ecab6001e5fee7e,NEUTRAL 金釦防潑雙帶減壓拖鞋 粉(35-41),,https://www.fmshoes.com.tw/products/667e1f1ea0d10600131b1c32?variation=667e1f1c1ecab6001e5fee7e,https://img.shoplineapp.com/media/image_clips/667e1ea379e03c0022c06232/original.jpg?1719541411,1480 TWD,in stock,new
667e2042412bcb00134c0ff9:667e20407db8e9d3ac40454e,NEUTRAL 金釦防潑雙帶減壓拖鞋 藍(35-44),,https://www.fmshoes.com.tw/products/667e2042412bcb00134c0ff9?variation=667e20407db8e9d3ac40454e,https://img.shoplineapp.com/media/image_clips/667e1fce3e20e5002252bc69/original.jpg?1719541710,1480 TWD,in stock,new
667e2042412bcb00134c0ff9:667e20407db8e9d3ac40454f,NEUTRAL 金釦防潑雙帶減壓拖鞋 藍(35-44),,https://www.fmshoes.com.tw/products/667e2042412bcb00134c0ff9?variation=667e20407db8e9d3ac40454f,https://img.shoplineapp.com/media/image_clips/667e1fce3e20e5002252bc69/original.jpg?1719541710,1480 TWD,in stock,new
667e2042412bcb00134c0ff9:667e20407db8e9d3ac404551,NEUTRAL 金釦防潑雙帶減壓拖鞋 藍(35-44),,https://www.fmshoes.com.tw/products/667e2042412bcb00134c0ff9?variation=667e20407db8e9d3ac404551,https://img.shoplineapp.com/media/image_clips/667e1fce3e20e5002252bc69/original.jpg?1719541710,1480 TWD,in stock,new
667e2042412bcb00134c0ff9:667e20407db8e9d3ac404552,NEUTRAL 金釦防潑雙帶減壓拖鞋 藍(35-44),,https://www.fmshoes.com.tw/products/667e2042412bcb00134c0ff9?variation=667e20407db8e9d3ac404552,https://img.shoplineapp.com/media/image_clips/667e1fce3e20e5002252bc69/original.jpg?1719541710,1480 TWD,in stock,new
667e2042412bcb00134c0ff9:667e20407db8e9d3ac404553,NEUTRAL 金釦防潑雙帶減壓拖鞋 藍(35-44),,https://www.fmshoes.com.tw/products/667e2042412bcb00134c0ff9?variation=667e20407db8e9d3ac404553,https://img.shoplineapp.com/media/image_clips/667e1fce3e20e5002252bc69/original.jpg?1719541710,1480 TWD,in stock,new
667e2042412bcb00134c0ff9:674fe55865ff7a000a8985ef,NEUTRAL 金釦防潑雙帶減壓拖鞋 藍(35-44),,https://www.fmshoes.com.tw/products/667e2042412bcb00134c0ff9?variation=674fe55865ff7a000a8985ef,https://img.shoplineapp.com/media/image_clips/667e1fce3e20e5002252bc69/original.jpg?1719541710,1480 TWD,in stock,new
667e2042412bcb00134c0ff9:67a955d56af963000a0e4062,NEUTRAL 金釦防潑雙帶減壓拖鞋 藍(35-44),,https://www.fmshoes.com.tw/products/667e2042412bcb00134c0ff9?variation=67a955d56af963000a0e4062,https://img.shoplineapp.com/media/image_clips/667e1fce3e20e5002252bc69/original.jpg?1719541710,1480 TWD,in stock,new
667e20c7d4a45a00194c95ae:667e20c51f17d4001ec0a26b,NEUTRAL 金釦防潑雙帶減壓拖鞋 灰(35-43),,https://www.fmshoes.com.tw/products/667e20c7d4a45a00194c95ae?variation=667e20c51f17d4001ec0a26b,https://img.shoplineapp.com/media/image_clips/667e205c3e20e5001052bfac/original.jpg?1719541852,1480 TWD,in stock,new
667e20c7d4a45a00194c95ae:667e20c51f17d4001ec0a26c,NEUTRAL 金釦防潑雙帶減壓拖鞋 灰(35-43),,https://www.fmshoes.com.tw/products/667e20c7d4a45a00194c95ae?variation=667e20c51f17d4001ec0a26c,https://img.shoplineapp.com/media/image_clips/667e205c3e20e5001052bfac/original.jpg?1719541852,1480 TWD,in stock,new
667e20c7d4a45a00194c95ae:667e20c51f17d4001ec0a26e,NEUTRAL 金釦防潑雙帶減壓拖鞋 灰(35-43),,https://www.fmshoes.com.tw/products/667e20c7d4a45a00194c95ae?variation=667e20c51f17d4001ec0a26e,https://img.shoplineapp.com/media/image_clips/667e205c3e20e5001052bfac/original.jpg?1719541852,1480 TWD,in stock,new
667e20c7d4a45a00194c95ae:667e20c51f17d4001ec0a26f,NEUTRAL 金釦防潑雙帶減壓拖鞋 灰(35-43),,https://www.fmshoes.com.tw/products/667e20c7d4a45a00194c95ae?variation=667e20c51f17d4001ec0a26f,https://img.shoplineapp.com/media/image_clips/667e205c3e20e5001052bfac/original.jpg?1719541852,1480 TWD,in stock,new
667e20c7d4a45a00194c95ae:667e20c51f17d4001ec0a270,NEUTRAL 金釦防潑雙帶減壓拖鞋 灰(35-43),,https://www.fmshoes.com.tw/products/667e20c7d4a45a00194c95ae?variation=667e20c51f17d4001ec0a270,https://img.shoplineapp.com/media/image_clips/667e205c3e20e5001052bfac/original.jpg?1719541852,1480 TWD,in stock,new
667e20c7d4a45a00194c95ae:673d860021acb6000d5e3c09,NEUTRAL 金釦防潑雙帶減壓拖鞋 灰(35-43),,https://www.fmshoes.com.tw/products/667e20c7d4a45a00194c95ae?variation=673d860021acb6000d5e3c09,https://img.shoplineapp.com/media/image_clips/667e205c3e20e5001052bfac/original.jpg?1719541852,1480 TWD,in stock,new
667e20c7d4a45a00194c95ae:673d860021acb6000d5e3c0a,NEUTRAL 金釦防潑雙帶減壓拖鞋 灰(35-43),,https://www.fmshoes.com.tw/products/667e20c7d4a45a00194c95ae?variation=673d860021acb6000d5e3c0a,https://img.shoplineapp.com/media/image_clips/667e205c3e20e5001052bfac/original.jpg?1719541852,1480 TWD,in stock,new
667e216466884b000dbee04b:667e216267575f0015287933,NEUTRAL 金釦防潑雙帶減壓拖鞋 深灰(35-44),,https://www.fmshoes.com.tw/products/667e216466884b000dbee04b?variation=667e216267575f0015287933,https://img.shoplineapp.com/media/image_clips/667e20fc4d9bc400139c674e/original.jpg?1719542012,1480 TWD,in stock,new
667e216466884b000dbee04b:667e216267575f0015287935,NEUTRAL 金釦防潑雙帶減壓拖鞋 深灰(35-44),,https://www.fmshoes.com.tw/products/667e216466884b000dbee04b?variation=667e216267575f0015287935,https://img.shoplineapp.com/media/image_clips/667e20fc4d9bc400139c674e/original.jpg?1719542012,1480 TWD,in stock,new
667e216466884b000dbee04b:667e216267575f0015287936,NEUTRAL 金釦防潑雙帶減壓拖鞋 深灰(35-44),,https://www.fmshoes.com.tw/products/667e216466884b000dbee04b?variation=667e216267575f0015287936,https://img.shoplineapp.com/media/image_clips/667e20fc4d9bc400139c674e/original.jpg?1719542012,1480 TWD,in stock,new
667e216466884b000dbee04b:667e216267575f0015287937,NEUTRAL 金釦防潑雙帶減壓拖鞋 深灰(35-44),,https://www.fmshoes.com.tw/products/667e216466884b000dbee04b?variation=667e216267575f0015287937,https://img.shoplineapp.com/media/image_clips/667e20fc4d9bc400139c674e/original.jpg?1719542012,1480 TWD,in stock,new
667e216466884b000dbee04b:667e216267575f0015287938,NEUTRAL 金釦防潑雙帶減壓拖鞋 深灰(35-44),,https://www.fmshoes.com.tw/products/667e216466884b000dbee04b?variation=667e216267575f0015287938,https://img.shoplineapp.com/media/image_clips/667e20fc4d9bc400139c674e/original.jpg?1719542012,1480 TWD,in stock,new
667e216466884b000dbee04b:667e216267575f0015287939,NEUTRAL 金釦防潑雙帶減壓拖鞋 深灰(35-44),,https://www.fmshoes.com.tw/products/667e216466884b000dbee04b?variation=667e216267575f0015287939,https://img.shoplineapp.com/media/image_clips/667e20fc4d9bc400139c674e/original.jpg?1719542012,1480 TWD,in stock,new
667e216466884b000dbee04b:67db8c58848dc9000c8fed5e,NEUTRAL 金釦防潑雙帶減壓拖鞋 深灰(35-44),,https://www.fmshoes.com.tw/products/667e216466884b000dbee04b?variation=67db8c58848dc9000c8fed5e,https://img.shoplineapp.com/media/image_clips/667e20fc4d9bc400139c674e/original.jpg?1719542012,1480 TWD,in stock,new
667e216466884b000dbee04b:67db8c58848dc9000c8fed5f,NEUTRAL 金釦防潑雙帶減壓拖鞋 深灰(35-44),,https://www.fmshoes.com.tw/products/667e216466884b000dbee04b?variation=67db8c58848dc9000c8fed5f,https://img.shoplineapp.com/media/image_clips/667e20fc4d9bc400139c674e/original.jpg?1719542012,1480 TWD,in stock,new
669a09ef27951b001f463a64:669a09ed700be800096bfb8f,NEUTRAL 雙帶減壓厚底休閒拖鞋 卡其(35-41),版 型 偏大版(小一號購買)   產 地 台灣   鞋 面 超纖速乾面料   內 裏 腳床造型EVA發泡內墊   鞋 底 橡膠EVA防滑膠底   重 量 850公克 跟 型     筒 高  筒 圍  踝 圍,https://www.fmshoes.com.tw/products/669a09ef27951b001f463a64?variation=669a09ed700be800096bfb8f,https://img.shoplineapp.com/media/image_clips/695739d42072db5f75edcf20/original.jpg?1767324116=&owner_id=627e1d404e691000311b0a4f,1480 TWD,in stock,new
669a09ef27951b001f463a64:669a09ed700be800096bfb90,NEUTRAL 雙帶減壓厚底休閒拖鞋 卡其(35-41),版 型 偏大版(小一號購買)   產 地 台灣   鞋 面 超纖速乾面料   內 裏 腳床造型EVA發泡內墊   鞋 底 橡膠EVA防滑膠底   重 量 850公克 跟 型     筒 高  筒 圍  踝 圍,https://www.fmshoes.com.tw/products/669a09ef27951b001f463a64?variation=669a09ed700be800096bfb90,https://img.shoplineapp.com/media/image_clips/695739d42072db5f75edcf20/original.jpg?1767324116=&owner_id=627e1d404e691000311b0a4f,1480 TWD,in stock,new
669a09ef27951b001f463a64:669a09ed700be800096bfb91,NEUTRAL 雙帶減壓厚底休閒拖鞋 卡其(35-41),版 型 偏大版(小一號購買)   產 地 台灣   鞋 面 超纖速乾面料   內 裏 腳床造型EVA發泡內墊   鞋 底 橡膠EVA防滑膠底   重 量 850公克 跟 型     筒 高  筒 圍  踝 圍,https://www.fmshoes.com.tw/products/669a09ef27951b001f463a64?variation=669a09ed700be800096bfb91,https://img.shoplineapp.com/media/image_clips/695739d42072db5f75edcf20/original.jpg?1767324116=&owner_id=627e1d404e691000311b0a4f,1480 TWD,in stock,new
669a09ef27951b001f463a64:669a09ed700be800096bfb92,NEUTRAL 雙帶減壓厚底休閒拖鞋 卡其(35-41),版 型 偏大版(小一號購買)   產 地 台灣   鞋 面 超纖速乾面料   內 裏 腳床造型EVA發泡內墊   鞋 底 橡膠EVA防滑膠底   重 量 850公克 跟 型     筒 高  筒 圍  踝 圍,https://www.fmshoes.com.tw/products/669a09ef27951b001f463a64?variation=669a09ed700be800096bfb92,https://img.shoplineapp.com/media/image_clips/695739d42072db5f75edcf20/original.jpg?1767324116=&owner_id=627e1d404e691000311b0a4f,1480 TWD,in stock,new
669a09ef27951b001f463a64:669a09ed700be800096bfb93,NEUTRAL 雙帶減壓厚底休閒拖鞋 卡其(35-41),版 型 偏大版(小一號購買)   產 地 台灣   鞋 面 超纖速乾面料   內 裏 腳床造型EVA發泡內墊   鞋 底 橡膠EVA防滑膠底   重 量 850公克 跟 型     筒 高  筒 圍  踝 圍,https://www.fmshoes.com.tw/products/669a09ef27951b001f463a64?variation=669a09ed700be800096bfb93,https://img.shoplineapp.com/media/image_clips/695739d42072db5f75edcf20/original.jpg?1767324116=&owner_id=627e1d404e691000311b0a4f,1480 TWD,in stock,new
669a09ef27951b001f463a64:669a09ed700be800096bfb94,NEUTRAL 雙帶減壓厚底休閒拖鞋 卡其(35-41),版 型 偏大版(小一號購買)   產 地 台灣   鞋 面 超纖速乾面料   內 裏 腳床造型EVA發泡內墊   鞋 底 橡膠EVA防滑膠底   重 量 850公克 跟 型     筒 高  筒 圍  踝 圍,https://www.fmshoes.com.tw/products/669a09ef27951b001f463a64?variation=669a09ed700be800096bfb94,https://img.shoplineapp.com/media/image_clips/695739d42072db5f75edcf20/original.jpg?1767324116=&owner_id=627e1d404e691000311b0a4f,1480 TWD,in stock,new
669dd7efeab8e100136a66d5:669dd7ed918545001e975581,NEUTRAL x KURT WU 綁帶防潑水餅乾鞋 男女款 米白(36-45),NEUTRAL x KURT WU 綁帶防潑水餅乾鞋 男女款 米白(36-45),https://www.fmshoes.com.tw/products/669dd7efeab8e100136a66d5?variation=669dd7ed918545001e975581,https://img.shoplineapp.com/media/image_clips/66a74c6821c5cf00227a6646/original.jpg?1722240104,1680 TWD,in stock,new
669dd7efeab8e100136a66d5:669dd7ed918545001e975589,NEUTRAL x KURT WU 綁帶防潑水餅乾鞋 男女款 米白(36-45),NEUTRAL x KURT WU 綁帶防潑水餅乾鞋 男女款 米白(36-45),https://www.fmshoes.com.tw/products/669dd7efeab8e100136a66d5?variation=669dd7ed918545001e975589,https://img.shoplineapp.com/media/image_clips/66a74c6821c5cf00227a6646/original.jpg?1722240104,1680 TWD,in stock,new
66b4730bc8b19f10f8c7e0ba:66b473088a3b57000c3312a3,NEUTRAL 側鬆緊厚底切爾西短雨靴 黑(36-41),,https://www.fmshoes.com.tw/products/66b4730bc8b19f10f8c7e0ba?variation=66b473088a3b57000c3312a3,https://img.shoplineapp.com/media/image_clips/66b471c4b82c9f0019076e10/original.jpg?1723101635,880 TWD,in stock,new
66b4730bc8b19f10f8c7e0ba:66b473088a3b57000c3312a4,NEUTRAL 側鬆緊厚底切爾西短雨靴 黑(36-41),,https://www.fmshoes.com.tw/products/66b4730bc8b19f10f8c7e0ba?variation=66b473088a3b57000c3312a4,https://img.shoplineapp.com/media/image_clips/66b471c4b82c9f0019076e10/original.jpg?1723101635,880 TWD,in stock,new
66b4730bc8b19f10f8c7e0ba:66b473088a3b57000c3312a5,NEUTRAL 側鬆緊厚底切爾西短雨靴 黑(36-41),,https://www.fmshoes.com.tw/products/66b4730bc8b19f10f8c7e0ba?variation=66b473088a3b57000c3312a5,https://img.shoplineapp.com/media/image_clips/66b471c4b82c9f0019076e10/original.jpg?1723101635,880 TWD,in stock,new
66b4730bc8b19f10f8c7e0ba:66b473088a3b57000c3312a6,NEUTRAL 側鬆緊厚底切爾西短雨靴 黑(36-41),,https://www.fmshoes.com.tw/products/66b4730bc8b19f10f8c7e0ba?variation=66b473088a3b57000c3312a6,https://img.shoplineapp.com/media/image_clips/66b471c4b82c9f0019076e10/original.jpg?1723101635,880 TWD,in stock,new
66b4730bc8b19f10f8c7e0ba:66b473088a3b57000c3312a7,NEUTRAL 側鬆緊厚底切爾西短雨靴 黑(36-41),,https://www.fmshoes.com.tw/products/66b4730bc8b19f10f8c7e0ba?variation=66b473088a3b57000c3312a7,https://img.shoplineapp.com/media/image_clips/66b471c4b82c9f0019076e10/original.jpg?1723101635,880 TWD,in stock,new
66b4730bc8b19f10f8c7e0ba:66b473088a3b57000c3312a8,NEUTRAL 側鬆緊厚底切爾西短雨靴 黑(36-41),,https://www.fmshoes.com.tw/products/66b4730bc8b19f10f8c7e0ba?variation=66b473088a3b57000c3312a8,https://img.shoplineapp.com/media/image_clips/66b471c4b82c9f0019076e10/original.jpg?1723101635,880 TWD,in stock,new
66b474471ac12a001cd6d41a:66b47445b1c39a000f010cbf,NEUTRAL 側鬆緊厚底切爾西短雨靴 杏(36-41),,https://www.fmshoes.com.tw/products/66b474471ac12a001cd6d41a?variation=66b47445b1c39a000f010cbf,https://img.shoplineapp.com/media/image_clips/66b4739fe05761a2e9364d5f/original.jpg?1723102110,880 TWD,in stock,new
66bda2909b4cdf0010ba39f1:66bda28ece5e6e0015d253ec,NEUTRAL 亮面厚底切爾西短雨靴 杏(36-41),NEUTRAL 亮面厚底切爾西短雨靴 杏(36-41),https://www.fmshoes.com.tw/products/66bda2909b4cdf0010ba39f1?variation=66bda28ece5e6e0015d253ec,https://img.shoplineapp.com/media/image_clips/66dfa16a1e81b5000d1ef8fb/original.jpg?1725931882,880 TWD,in stock,new
66bda2909b4cdf0010ba39f1:66bda28ece5e6e0015d253ed,NEUTRAL 亮面厚底切爾西短雨靴 杏(36-41),NEUTRAL 亮面厚底切爾西短雨靴 杏(36-41),https://www.fmshoes.com.tw/products/66bda2909b4cdf0010ba39f1?variation=66bda28ece5e6e0015d253ed,https://img.shoplineapp.com/media/image_clips/66dfa16a1e81b5000d1ef8fb/original.jpg?1725931882,880 TWD,in stock,new
66d16a258e3d0e000d7bc397:66d16a2248f31500099e45bd,NEUTRAL 極致舒適秒穿氣墊鞋(寬楦) 白紫(36-43),,https://www.fmshoes.com.tw/products/66d16a258e3d0e000d7bc397?variation=66d16a2248f31500099e45bd,https://img.shoplineapp.com/media/image_clips/69573674bc1b99ca4f366c95/original.jpg?1767323251=&owner_id=627e1d404e691000311b0a4f,1680 TWD,in stock,new
66d16a258e3d0e000d7bc397:66d16a2248f31500099e45bf,NEUTRAL 極致舒適秒穿氣墊鞋(寬楦) 白紫(36-43),,https://www.fmshoes.com.tw/products/66d16a258e3d0e000d7bc397?variation=66d16a2248f31500099e45bf,https://img.shoplineapp.com/media/image_clips/69573674bc1b99ca4f366c95/original.jpg?1767323251=&owner_id=627e1d404e691000311b0a4f,1680 TWD,in stock,new
66dfed9c084f05001940c562:66dfed997ff5d579a71b9d54,NEUTRAL 防潑水全地形戶外靴 杏(36-42),,https://www.fmshoes.com.tw/products/66dfed9c084f05001940c562?variation=66dfed997ff5d579a71b9d54,https://img.shoplineapp.com/media/image_clips/6957826471e12d5f92e859b4/original.jpg?1767342692=&owner_id=627e1d404e691000311b0a4f,1980 TWD,in stock,new
66dff0f45a293a00136139af:66dff0f2d3aac60015f869f4,NEUTRAL 防潑水全地形戶外靴 黑(36-42),,https://www.fmshoes.com.tw/products/66dff0f45a293a00136139af?variation=66dff0f2d3aac60015f869f4,https://img.shoplineapp.com/media/image_clips/69578341c250cb71e01d2f24/original.jpg?1767342912=&owner_id=627e1d404e691000311b0a4f,1980 TWD,in stock,new
66dff0f45a293a00136139af:66dff0f2d3aac60015f869f6,NEUTRAL 防潑水全地形戶外靴 黑(36-42),,https://www.fmshoes.com.tw/products/66dff0f45a293a00136139af?variation=66dff0f2d3aac60015f869f6,https://img.shoplineapp.com/media/image_clips/69578341c250cb71e01d2f24/original.jpg?1767342912=&owner_id=627e1d404e691000311b0a4f,1980 TWD,in stock,new
66dff0f45a293a00136139af:66dff0f2d3aac60015f869f7,NEUTRAL 防潑水全地形戶外靴 黑(36-42),,https://www.fmshoes.com.tw/products/66dff0f45a293a00136139af?variation=66dff0f2d3aac60015f869f7,https://img.shoplineapp.com/media/image_clips/69578341c250cb71e01d2f24/original.jpg?1767342912=&owner_id=627e1d404e691000311b0a4f,1980 TWD,in stock,new
66dff0f45a293a00136139af:66dff0f2d3aac60015f869f8,NEUTRAL 防潑水全地形戶外靴 黑(36-42),,https://www.fmshoes.com.tw/products/66dff0f45a293a00136139af?variation=66dff0f2d3aac60015f869f8,https://img.shoplineapp.com/media/image_clips/69578341c250cb71e01d2f24/original.jpg?1767342912=&owner_id=627e1d404e691000311b0a4f,1980 TWD,in stock,new
66dff0f45a293a00136139af:68edc42452cdcc000b1d5672,NEUTRAL 防潑水全地形戶外靴 黑(36-42),,https://www.fmshoes.com.tw/products/66dff0f45a293a00136139af?variation=68edc42452cdcc000b1d5672,https://img.shoplineapp.com/media/image_clips/69578341c250cb71e01d2f24/original.jpg?1767342912=&owner_id=627e1d404e691000311b0a4f,1980 TWD,in stock,new
66dff0f45a293a00136139af:68edc42452cdcc000b1d5673,NEUTRAL 防潑水全地形戶外靴 黑(36-42),,https://www.fmshoes.com.tw/products/66dff0f45a293a00136139af?variation=68edc42452cdcc000b1d5673,https://img.shoplineapp.com/media/image_clips/69578341c250cb71e01d2f24/original.jpg?1767342912=&owner_id=627e1d404e691000311b0a4f,1980 TWD,in stock,new
66dff365a736f5ae1676ff11:66dff36392d7be00155eadce,NEUTRAL 防潑水英倫軍風切爾西短靴 卡其(36-42),,https://www.fmshoes.com.tw/products/66dff365a736f5ae1676ff11?variation=66dff36392d7be00155eadce,https://img.shoplineapp.com/media/image_clips/66ea3b49b0e4350019b98423/original.jpg?1726626633,1680 TWD,in stock,new
66dff365a736f5ae1676ff11:66dff36392d7be00155eadcf,NEUTRAL 防潑水英倫軍風切爾西短靴 卡其(36-42),,https://www.fmshoes.com.tw/products/66dff365a736f5ae1676ff11?variation=66dff36392d7be00155eadcf,https://img.shoplineapp.com/media/image_clips/66ea3b49b0e4350019b98423/original.jpg?1726626633,1680 TWD,in stock,new
66dff365a736f5ae1676ff11:66dff36392d7be00155eadd0,NEUTRAL 防潑水英倫軍風切爾西短靴 卡其(36-42),,https://www.fmshoes.com.tw/products/66dff365a736f5ae1676ff11?variation=66dff36392d7be00155eadd0,https://img.shoplineapp.com/media/image_clips/66ea3b49b0e4350019b98423/original.jpg?1726626633,1680 TWD,in stock,new
66dff365a736f5ae1676ff11:66dff36392d7be00155eadd1,NEUTRAL 防潑水英倫軍風切爾西短靴 卡其(36-42),,https://www.fmshoes.com.tw/products/66dff365a736f5ae1676ff11?variation=66dff36392d7be00155eadd1,https://img.shoplineapp.com/media/image_clips/66ea3b49b0e4350019b98423/original.jpg?1726626633,1680 TWD,in stock,new
66dff365a736f5ae1676ff11:66dff36392d7be00155eadd2,NEUTRAL 防潑水英倫軍風切爾西短靴 卡其(36-42),,https://www.fmshoes.com.tw/products/66dff365a736f5ae1676ff11?variation=66dff36392d7be00155eadd2,https://img.shoplineapp.com/media/image_clips/66ea3b49b0e4350019b98423/original.jpg?1726626633,1680 TWD,in stock,new
66dff365a736f5ae1676ff11:66dff36392d7be00155eadd3,NEUTRAL 防潑水英倫軍風切爾西短靴 卡其(36-42),,https://www.fmshoes.com.tw/products/66dff365a736f5ae1676ff11?variation=66dff36392d7be00155eadd3,https://img.shoplineapp.com/media/image_clips/66ea3b49b0e4350019b98423/original.jpg?1726626633,1680 TWD,in stock,new
66dff56d5963e00016374414:66dff56ad62b6b0009cea010,FM SHOES 簡約風柔軟真皮防潑水厚底小白鞋 白(36-41),,https://www.fmshoes.com.tw/products/66dff56d5963e00016374414?variation=66dff56ad62b6b0009cea010,https://img.shoplineapp.com/media/image_clips/66dff39b4fec970019b131b1/original.jpg?1725952922,2280 TWD,in stock,new
66dff56d5963e00016374414:66dff56ad62b6b0009cea011,FM SHOES 簡約風柔軟真皮防潑水厚底小白鞋 白(36-41),,https://www.fmshoes.com.tw/products/66dff56d5963e00016374414?variation=66dff56ad62b6b0009cea011,https://img.shoplineapp.com/media/image_clips/66dff39b4fec970019b131b1/original.jpg?1725952922,2280 TWD,in stock,new
66dff56d5963e00016374414:66dff56ad62b6b0009cea012,FM SHOES 簡約風柔軟真皮防潑水厚底小白鞋 白(36-41),,https://www.fmshoes.com.tw/products/66dff56d5963e00016374414?variation=66dff56ad62b6b0009cea012,https://img.shoplineapp.com/media/image_clips/66dff39b4fec970019b131b1/original.jpg?1725952922,2280 TWD,in stock,new
66dff56d5963e00016374414:66dff56ad62b6b0009cea013,FM SHOES 簡約風柔軟真皮防潑水厚底小白鞋 白(36-41),,https://www.fmshoes.com.tw/products/66dff56d5963e00016374414?variation=66dff56ad62b6b0009cea013,https://img.shoplineapp.com/media/image_clips/66dff39b4fec970019b131b1/original.jpg?1725952922,2280 TWD,in stock,new
66dff56d5963e00016374414:66dff56ad62b6b0009cea014,FM SHOES 簡約風柔軟真皮防潑水厚底小白鞋 白(36-41),,https://www.fmshoes.com.tw/products/66dff56d5963e00016374414?variation=66dff56ad62b6b0009cea014,https://img.shoplineapp.com/media/image_clips/66dff39b4fec970019b131b1/original.jpg?1725952922,2280 TWD,in stock,new
66dff56d5963e00016374414:66dff56ad62b6b0009cea015,FM SHOES 簡約風柔軟真皮防潑水厚底小白鞋 白(36-41),,https://www.fmshoes.com.tw/products/66dff56d5963e00016374414?variation=66dff56ad62b6b0009cea015,https://img.shoplineapp.com/media/image_clips/66dff39b4fec970019b131b1/original.jpg?1725952922,2280 TWD,in stock,new
66f3a8b123a526000d30956e:66f3a8aeeeed680008574016,FM SHOES 英倫馬銜釦可後踩大尺碼樂福鞋 黑(36-43),,https://www.fmshoes.com.tw/products/66f3a8b123a526000d30956e?variation=66f3a8aeeeed680008574016,https://img.shoplineapp.com/media/image_clips/66f3a5f62d4266000eb4b39a/original.jpg?1727243766,1280 TWD,in stock,new
66f3a8b123a526000d30956e:66f3a8aeeeed680008574017,FM SHOES 英倫馬銜釦可後踩大尺碼樂福鞋 黑(36-43),,https://www.fmshoes.com.tw/products/66f3a8b123a526000d30956e?variation=66f3a8aeeeed680008574017,https://img.shoplineapp.com/media/image_clips/66f3a5f62d4266000eb4b39a/original.jpg?1727243766,1280 TWD,in stock,new
66f3a8b123a526000d30956e:66f3a8aeeeed68000857401a,FM SHOES 英倫馬銜釦可後踩大尺碼樂福鞋 黑(36-43),,https://www.fmshoes.com.tw/products/66f3a8b123a526000d30956e?variation=66f3a8aeeeed68000857401a,https://img.shoplineapp.com/media/image_clips/66f3a5f62d4266000eb4b39a/original.jpg?1727243766,1280 TWD,in stock,new
66f3b000b106df000c8b211f:66f3affe791c8a000c7c10c0,FM SHOES 英倫馬銜釦可後踩大尺碼樂福鞋 米(36-43),,https://www.fmshoes.com.tw/products/66f3b000b106df000c8b211f?variation=66f3affe791c8a000c7c10c0,https://img.shoplineapp.com/media/image_clips/695735e0e30775000cf68120/original.jpg?1767323103=&owner_id=627e1d404e691000311b0a4f,1280 TWD,in stock,new
66f3b000b106df000c8b211f:66f3affe791c8a000c7c10c1,FM SHOES 英倫馬銜釦可後踩大尺碼樂福鞋 米(36-43),,https://www.fmshoes.com.tw/products/66f3b000b106df000c8b211f?variation=66f3affe791c8a000c7c10c1,https://img.shoplineapp.com/media/image_clips/695735e0e30775000cf68120/original.jpg?1767323103=&owner_id=627e1d404e691000311b0a4f,1280 TWD,in stock,new
66f3b000b106df000c8b211f:66f3affe791c8a000c7c10c3,FM SHOES 英倫馬銜釦可後踩大尺碼樂福鞋 米(36-43),,https://www.fmshoes.com.tw/products/66f3b000b106df000c8b211f?variation=66f3affe791c8a000c7c10c3,https://img.shoplineapp.com/media/image_clips/695735e0e30775000cf68120/original.jpg?1767323103=&owner_id=627e1d404e691000311b0a4f,1280 TWD,in stock,new
66f3b000b106df000c8b211f:66f3affe791c8a000c7c10c4,FM SHOES 英倫馬銜釦可後踩大尺碼樂福鞋 米(36-43),,https://www.fmshoes.com.tw/products/66f3b000b106df000c8b211f?variation=66f3affe791c8a000c7c10c4,https://img.shoplineapp.com/media/image_clips/695735e0e30775000cf68120/original.jpg?1767323103=&owner_id=627e1d404e691000311b0a4f,1280 TWD,in stock,new
66f3b000b106df000c8b211f:66f3affe791c8a000c7c10c5,FM SHOES 英倫馬銜釦可後踩大尺碼樂福鞋 米(36-43),,https://www.fmshoes.com.tw/products/66f3b000b106df000c8b211f?variation=66f3affe791c8a000c7c10c5,https://img.shoplineapp.com/media/image_clips/695735e0e30775000cf68120/original.jpg?1767323103=&owner_id=627e1d404e691000311b0a4f,1280 TWD,in stock,new
66f3b000b106df000c8b211f:66f3affe791c8a000c7c10c6,FM SHOES 英倫馬銜釦可後踩大尺碼樂福鞋 米(36-43),,https://www.fmshoes.com.tw/products/66f3b000b106df000c8b211f?variation=66f3affe791c8a000c7c10c6,https://img.shoplineapp.com/media/image_clips/695735e0e30775000cf68120/original.jpg?1767323103=&owner_id=627e1d404e691000311b0a4f,1280 TWD,in stock,new
66f3ce54bcac8d000f3f9544:66f3ce52d24c44000d7bfcb1,FM SHOES 英倫莫卡辛後踩綁帶樂福鞋 米(36-43),,https://www.fmshoes.com.tw/products/66f3ce54bcac8d000f3f9544?variation=66f3ce52d24c44000d7bfcb1,https://img.shoplineapp.com/media/image_clips/66f3cb1ddd65ae000f8adf49/original.jpg?1727253276,1280 TWD,in stock,new
66f3ce54bcac8d000f3f9544:66f3ce52d24c44000d7bfcb2,FM SHOES 英倫莫卡辛後踩綁帶樂福鞋 米(36-43),,https://www.fmshoes.com.tw/products/66f3ce54bcac8d000f3f9544?variation=66f3ce52d24c44000d7bfcb2,https://img.shoplineapp.com/media/image_clips/66f3cb1ddd65ae000f8adf49/original.jpg?1727253276,1280 TWD,in stock,new
66f3ce54bcac8d000f3f9544:66f3ce52d24c44000d7bfcb3,FM SHOES 英倫莫卡辛後踩綁帶樂福鞋 米(36-43),,https://www.fmshoes.com.tw/products/66f3ce54bcac8d000f3f9544?variation=66f3ce52d24c44000d7bfcb3,https://img.shoplineapp.com/media/image_clips/66f3cb1ddd65ae000f8adf49/original.jpg?1727253276,1280 TWD,in stock,new
66f52066746f9a000ab3f4ac:66f52064e986ad0009f6a626,FM SHOES 復古尖頭軟皮小貓跟鞋 米(36-43),,https://www.fmshoes.com.tw/products/66f52066746f9a000ab3f4ac?variation=66f52064e986ad0009f6a626,https://img.shoplineapp.com/media/image_clips/66f51edcc982ab000b036b66/original.jpg?1727340252,1480 TWD,in stock,new
66f5221c1ecde2000d0863fd:66f5221bfb53ab000d738acd,FM SHOES 復古尖頭軟皮小貓跟鞋 卡其(36-43),,https://www.fmshoes.com.tw/products/66f5221c1ecde2000d0863fd?variation=66f5221bfb53ab000d738acd,https://img.shoplineapp.com/media/image_clips/66f520f328d4cb000ed33c2f/original.jpg?1727340787,1480 TWD,in stock,new
66f5221c1ecde2000d0863fd:66f5221bfb53ab000d738ace,FM SHOES 復古尖頭軟皮小貓跟鞋 卡其(36-43),,https://www.fmshoes.com.tw/products/66f5221c1ecde2000d0863fd?variation=66f5221bfb53ab000d738ace,https://img.shoplineapp.com/media/image_clips/66f520f328d4cb000ed33c2f/original.jpg?1727340787,1480 TWD,in stock,new
66f5221c1ecde2000d0863fd:66f5221bfb53ab000d738acf,FM SHOES 復古尖頭軟皮小貓跟鞋 卡其(36-43),,https://www.fmshoes.com.tw/products/66f5221c1ecde2000d0863fd?variation=66f5221bfb53ab000d738acf,https://img.shoplineapp.com/media/image_clips/66f520f328d4cb000ed33c2f/original.jpg?1727340787,1480 TWD,in stock,new
66f5221c1ecde2000d0863fd:66f5221bfb53ab000d738ad0,FM SHOES 復古尖頭軟皮小貓跟鞋 卡其(36-43),,https://www.fmshoes.com.tw/products/66f5221c1ecde2000d0863fd?variation=66f5221bfb53ab000d738ad0,https://img.shoplineapp.com/media/image_clips/66f520f328d4cb000ed33c2f/original.jpg?1727340787,1480 TWD,in stock,new
66f5221c1ecde2000d0863fd:66f5221bfb53ab000d738ad2,FM SHOES 復古尖頭軟皮小貓跟鞋 卡其(36-43),,https://www.fmshoes.com.tw/products/66f5221c1ecde2000d0863fd?variation=66f5221bfb53ab000d738ad2,https://img.shoplineapp.com/media/image_clips/66f520f328d4cb000ed33c2f/original.jpg?1727340787,1480 TWD,in stock,new
66f523fb5aedad000f476d52:66f523f90ebb620009bf7fe2,FM SHOES 復古尖頭軟皮小貓跟鞋 酒紅(36-43),,https://www.fmshoes.com.tw/products/66f523fb5aedad000f476d52?variation=66f523f90ebb620009bf7fe2,https://img.shoplineapp.com/media/image_clips/66f52241e4abcb0010deafa4/original.jpg?1727341121,1480 TWD,in stock,new
66f523fb5aedad000f476d52:66f523f90ebb620009bf7fe3,FM SHOES 復古尖頭軟皮小貓跟鞋 酒紅(36-43),,https://www.fmshoes.com.tw/products/66f523fb5aedad000f476d52?variation=66f523f90ebb620009bf7fe3,https://img.shoplineapp.com/media/image_clips/66f52241e4abcb0010deafa4/original.jpg?1727341121,1480 TWD,in stock,new
66f523fb5aedad000f476d52:66f523f90ebb620009bf7fe4,FM SHOES 復古尖頭軟皮小貓跟鞋 酒紅(36-43),,https://www.fmshoes.com.tw/products/66f523fb5aedad000f476d52?variation=66f523f90ebb620009bf7fe4,https://img.shoplineapp.com/media/image_clips/66f52241e4abcb0010deafa4/original.jpg?1727341121,1480 TWD,in stock,new
66f523fb5aedad000f476d52:66f523f90ebb620009bf7fe5,FM SHOES 復古尖頭軟皮小貓跟鞋 酒紅(36-43),,https://www.fmshoes.com.tw/products/66f523fb5aedad000f476d52?variation=66f523f90ebb620009bf7fe5,https://img.shoplineapp.com/media/image_clips/66f52241e4abcb0010deafa4/original.jpg?1727341121,1480 TWD,in stock,new
66f523fb5aedad000f476d52:66f523f90ebb620009bf7fe6,FM SHOES 復古尖頭軟皮小貓跟鞋 酒紅(36-43),,https://www.fmshoes.com.tw/products/66f523fb5aedad000f476d52?variation=66f523f90ebb620009bf7fe6,https://img.shoplineapp.com/media/image_clips/66f52241e4abcb0010deafa4/original.jpg?1727341121,1480 TWD,in stock,new
66f523fb5aedad000f476d52:66f523f90ebb620009bf7fe7,FM SHOES 復古尖頭軟皮小貓跟鞋 酒紅(36-43),,https://www.fmshoes.com.tw/products/66f523fb5aedad000f476d52?variation=66f523f90ebb620009bf7fe7,https://img.shoplineapp.com/media/image_clips/66f52241e4abcb0010deafa4/original.jpg?1727341121,1480 TWD,in stock,new
66f523fb5aedad000f476d52:66f523f90ebb620009bf7fe8,FM SHOES 復古尖頭軟皮小貓跟鞋 酒紅(36-43),,https://www.fmshoes.com.tw/products/66f523fb5aedad000f476d52?variation=66f523f90ebb620009bf7fe8,https://img.shoplineapp.com/media/image_clips/66f52241e4abcb0010deafa4/original.jpg?1727341121,1480 TWD,in stock,new
66f523fb5aedad000f476d52:66f523f90ebb620009bf7fe9,FM SHOES 復古尖頭軟皮小貓跟鞋 酒紅(36-43),,https://www.fmshoes.com.tw/products/66f523fb5aedad000f476d52?variation=66f523f90ebb620009bf7fe9,https://img.shoplineapp.com/media/image_clips/66f52241e4abcb0010deafa4/original.jpg?1727341121,1480 TWD,in stock,new
66fa6434267ecd000f5044e4:66fa65e43a1d6f000a468c70,FM SHOES 造型金鎖釦襪靴 奶茶(36-41),FM SHOES 造型金鎖釦襪靴 奶茶(36-41),https://www.fmshoes.com.tw/products/66fa6434267ecd000f5044e4?variation=66fa65e43a1d6f000a468c70,https://img.shoplineapp.com/media/image_clips/6a87b93b537b2a34a97e5e97/original.jpg?1787279675=&owner_id=627e1d404e691000311b0a4f,2580 TWD,in stock,new
66fa6434267ecd000f5044e4:66fa65e43a1d6f000a468c71,FM SHOES 造型金鎖釦襪靴 奶茶(36-41),FM SHOES 造型金鎖釦襪靴 奶茶(36-41),https://www.fmshoes.com.tw/products/66fa6434267ecd000f5044e4?variation=66fa65e43a1d6f000a468c71,https://img.shoplineapp.com/media/image_clips/6a87b93b537b2a34a97e5e97/original.jpg?1787279675=&owner_id=627e1d404e691000311b0a4f,2580 TWD,in stock,new
66fa6434267ecd000f5044e4:66fa65e43a1d6f000a468c72,FM SHOES 造型金鎖釦襪靴 奶茶(36-41),FM SHOES 造型金鎖釦襪靴 奶茶(36-41),https://www.fmshoes.com.tw/products/66fa6434267ecd000f5044e4?variation=66fa65e43a1d6f000a468c72,https://img.shoplineapp.com/media/image_clips/6a87b93b537b2a34a97e5e97/original.jpg?1787279675=&owner_id=627e1d404e691000311b0a4f,2580 TWD,in stock,new
67038edcbf645d001077e560:67038eda9276a00009b36317,FM SHOES +5CM厚底鋸齒瘦瘦短靴 米白(36-43),,https://www.fmshoes.com.tw/products/67038edcbf645d001077e560?variation=67038eda9276a00009b36317,https://img.shoplineapp.com/media/image_clips/67038de093ad8c000b05de05/original.jpg?1728286176,1880 TWD,in stock,new
67038edcbf645d001077e560:67038eda9276a00009b36318,FM SHOES +5CM厚底鋸齒瘦瘦短靴 米白(36-43),,https://www.fmshoes.com.tw/products/67038edcbf645d001077e560?variation=67038eda9276a00009b36318,https://img.shoplineapp.com/media/image_clips/67038de093ad8c000b05de05/original.jpg?1728286176,1880 TWD,in stock,new
67038edcbf645d001077e560:67038eda9276a00009b3631b,FM SHOES +5CM厚底鋸齒瘦瘦短靴 米白(36-43),,https://www.fmshoes.com.tw/products/67038edcbf645d001077e560?variation=67038eda9276a00009b3631b,https://img.shoplineapp.com/media/image_clips/67038de093ad8c000b05de05/original.jpg?1728286176,1880 TWD,in stock,new
67038edcbf645d001077e560:67038eda9276a00009b3631c,FM SHOES +5CM厚底鋸齒瘦瘦短靴 米白(36-43),,https://www.fmshoes.com.tw/products/67038edcbf645d001077e560?variation=67038eda9276a00009b3631c,https://img.shoplineapp.com/media/image_clips/67038de093ad8c000b05de05/original.jpg?1728286176,1880 TWD,in stock,new
67038edcbf645d001077e560:67038eda9276a00009b3631e,FM SHOES +5CM厚底鋸齒瘦瘦短靴 米白(36-43),,https://www.fmshoes.com.tw/products/67038edcbf645d001077e560?variation=67038eda9276a00009b3631e,https://img.shoplineapp.com/media/image_clips/67038de093ad8c000b05de05/original.jpg?1728286176,1880 TWD,in stock,new
670398b987ff07000f24da21:68cb9b80344e05000ef0761a,NEUTRAL +5°C 極境登山靴｜防水防風 × 冰爪兩用 灰綠(35-45),版 型 正常版(照原本尺寸購買)   產 地 台灣   鞋 面 防潑水尼龍面料   內 裏 透氣舒適內裡+除臭乳膠鞋墊   鞋 底 超輕橡膠防滑刻紋底+金屬冰爪   重 量 900公克 跟 型     筒 高  筒 圍,https://www.fmshoes.com.tw/products/670398b987ff07000f24da21?variation=68cb9b80344e05000ef0761a,https://img.shoplineapp.com/media/image_clips/68d10eda51c0d10018e5b896/original.jpg?1758531289=&owner_id=627e1d404e691000311b0a4f,2980 TWD,in stock,new
670398b987ff07000f24da21:670398b78a47b0000a042ae6,NEUTRAL +5°C 極境登山靴｜防水防風 × 冰爪兩用 灰綠(35-45),版 型 正常版(照原本尺寸購買)   產 地 台灣   鞋 面 防潑水尼龍面料   內 裏 透氣舒適內裡+除臭乳膠鞋墊   鞋 底 超輕橡膠防滑刻紋底+金屬冰爪   重 量 900公克 跟 型     筒 高  筒 圍,https://www.fmshoes.com.tw/products/670398b987ff07000f24da21?variation=670398b78a47b0000a042ae6,https://img.shoplineapp.com/media/image_clips/68d10eda51c0d10018e5b896/original.jpg?1758531289=&owner_id=627e1d404e691000311b0a4f,2980 TWD,in stock,new
670398b987ff07000f24da21:670398b78a47b0000a042ae7,NEUTRAL +5°C 極境登山靴｜防水防風 × 冰爪兩用 灰綠(35-45),版 型 正常版(照原本尺寸購買)   產 地 台灣   鞋 面 防潑水尼龍面料   內 裏 透氣舒適內裡+除臭乳膠鞋墊   鞋 底 超輕橡膠防滑刻紋底+金屬冰爪   重 量 900公克 跟 型     筒 高  筒 圍,https://www.fmshoes.com.tw/products/670398b987ff07000f24da21?variation=670398b78a47b0000a042ae7,https://img.shoplineapp.com/media/image_clips/68d10eda51c0d10018e5b896/original.jpg?1758531289=&owner_id=627e1d404e691000311b0a4f,2980 TWD,in stock,new
67039e5755de18000ab43d57:68cb9c1654775300122bf099,NEUTRAL +5°C 極境登山靴｜防水防風 × 冰爪兩用 灰紫(35-42),版 型 正常版(照原本尺寸購買)   產 地 台灣   鞋 面 防潑水尼龍面料   內 裏 透氣舒適內裡+除臭乳膠鞋墊   鞋 底 超輕橡膠防滑刻紋底+金屬冰爪   重 量 900公克 跟 型     筒 高  筒 圍,https://www.fmshoes.com.tw/products/67039e5755de18000ab43d57?variation=68cb9c1654775300122bf099,https://img.shoplineapp.com/media/image_clips/68d10e7704156d001039a237/original.jpg?1758531191=&owner_id=627e1d404e691000311b0a4f,2980 TWD,in stock,new
67039e5755de18000ab43d57:67039e54362842000d43e4da,NEUTRAL +5°C 極境登山靴｜防水防風 × 冰爪兩用 灰紫(35-42),版 型 正常版(照原本尺寸購買)   產 地 台灣   鞋 面 防潑水尼龍面料   內 裏 透氣舒適內裡+除臭乳膠鞋墊   鞋 底 超輕橡膠防滑刻紋底+金屬冰爪   重 量 900公克 跟 型     筒 高  筒 圍,https://www.fmshoes.com.tw/products/67039e5755de18000ab43d57?variation=67039e54362842000d43e4da,https://img.shoplineapp.com/media/image_clips/68d10e7704156d001039a237/original.jpg?1758531191=&owner_id=627e1d404e691000311b0a4f,2980 TWD,in stock,new
67039e5755de18000ab43d57:67039e54362842000d43e4db,NEUTRAL +5°C 極境登山靴｜防水防風 × 冰爪兩用 灰紫(35-42),版 型 正常版(照原本尺寸購買)   產 地 台灣   鞋 面 防潑水尼龍面料   內 裏 透氣舒適內裡+除臭乳膠鞋墊   鞋 底 超輕橡膠防滑刻紋底+金屬冰爪   重 量 900公克 跟 型     筒 高  筒 圍,https://www.fmshoes.com.tw/products/67039e5755de18000ab43d57?variation=67039e54362842000d43e4db,https://img.shoplineapp.com/media/image_clips/68d10e7704156d001039a237/original.jpg?1758531191=&owner_id=627e1d404e691000311b0a4f,2980 TWD,in stock,new
67039e5755de18000ab43d57:67039e54362842000d43e4dc,NEUTRAL +5°C 極境登山靴｜防水防風 × 冰爪兩用 灰紫(35-42),版 型 正常版(照原本尺寸購買)   產 地 台灣   鞋 面 防潑水尼龍面料   內 裏 透氣舒適內裡+除臭乳膠鞋墊   鞋 底 超輕橡膠防滑刻紋底+金屬冰爪   重 量 900公克 跟 型     筒 高  筒 圍,https://www.fmshoes.com.tw/products/67039e5755de18000ab43d57?variation=67039e54362842000d43e4dc,https://img.shoplineapp.com/media/image_clips/68d10e7704156d001039a237/original.jpg?1758531191=&owner_id=627e1d404e691000311b0a4f,2980 TWD,in stock,new
67039e5755de18000ab43d57:67039e54362842000d43e4dd,NEUTRAL +5°C 極境登山靴｜防水防風 × 冰爪兩用 灰紫(35-42),版 型 正常版(照原本尺寸購買)   產 地 台灣   鞋 面 防潑水尼龍面料   內 裏 透氣舒適內裡+除臭乳膠鞋墊   鞋 底 超輕橡膠防滑刻紋底+金屬冰爪   重 量 900公克 跟 型     筒 高  筒 圍,https://www.fmshoes.com.tw/products/67039e5755de18000ab43d57?variation=67039e54362842000d43e4dd,https://img.shoplineapp.com/media/image_clips/68d10e7704156d001039a237/original.jpg?1758531191=&owner_id=627e1d404e691000311b0a4f,2980 TWD,in stock,new
67039e5755de18000ab43d57:67039e54362842000d43e4de,NEUTRAL +5°C 極境登山靴｜防水防風 × 冰爪兩用 灰紫(35-42),版 型 正常版(照原本尺寸購買)   產 地 台灣   鞋 面 防潑水尼龍面料   內 裏 透氣舒適內裡+除臭乳膠鞋墊   鞋 底 超輕橡膠防滑刻紋底+金屬冰爪   重 量 900公克 跟 型     筒 高  筒 圍,https://www.fmshoes.com.tw/products/67039e5755de18000ab43d57?variation=67039e54362842000d43e4de,https://img.shoplineapp.com/media/image_clips/68d10e7704156d001039a237/original.jpg?1758531191=&owner_id=627e1d404e691000311b0a4f,2980 TWD,in stock,new
67039e5755de18000ab43d57:67039e54362842000d43e4df,NEUTRAL +5°C 極境登山靴｜防水防風 × 冰爪兩用 灰紫(35-42),版 型 正常版(照原本尺寸購買)   產 地 台灣   鞋 面 防潑水尼龍面料   內 裏 透氣舒適內裡+除臭乳膠鞋墊   鞋 底 超輕橡膠防滑刻紋底+金屬冰爪   重 量 900公克 跟 型     筒 高  筒 圍,https://www.fmshoes.com.tw/products/67039e5755de18000ab43d57?variation=67039e54362842000d43e4df,https://img.shoplineapp.com/media/image_clips/68d10e7704156d001039a237/original.jpg?1758531191=&owner_id=627e1d404e691000311b0a4f,2980 TWD,in stock,new
6703a331c6102f000f920b92:6703a32f7b6728000f0dbfd0,NEUTRAL +5°C 極境登山靴｜防水防風 × 冰爪兩用 藍黑(36-45),版 型 正常版(照原本尺寸購買)   產 地 台灣   鞋 面 防潑水尼龍面料   內 裏 透氣舒適內裡+除臭乳膠鞋墊   鞋 底 超輕橡膠防滑刻紋底+金屬冰爪   重 量 900公克 跟 型     筒 高  筒 圍,https://www.fmshoes.com.tw/products/6703a331c6102f000f920b92?variation=6703a32f7b6728000f0dbfd0,https://img.shoplineapp.com/media/image_clips/68d10f5496c1f800124982e8/original.jpg?1758531412=&owner_id=627e1d404e691000311b0a4f,2980 TWD,in stock,new
6703a331c6102f000f920b92:6703a32f7b6728000f0dbfd1,NEUTRAL +5°C 極境登山靴｜防水防風 × 冰爪兩用 藍黑(36-45),版 型 正常版(照原本尺寸購買)   產 地 台灣   鞋 面 防潑水尼龍面料   內 裏 透氣舒適內裡+除臭乳膠鞋墊   鞋 底 超輕橡膠防滑刻紋底+金屬冰爪   重 量 900公克 跟 型     筒 高  筒 圍,https://www.fmshoes.com.tw/products/6703a331c6102f000f920b92?variation=6703a32f7b6728000f0dbfd1,https://img.shoplineapp.com/media/image_clips/68d10f5496c1f800124982e8/original.jpg?1758531412=&owner_id=627e1d404e691000311b0a4f,2980 TWD,in stock,new
6703a4692938c6000da03072:68cb9bc1aab0980008bdafcc,NEUTRAL +5°C 極境登山靴｜防水防風 × 冰爪兩用 黑(35-45),版 型 正常版(照原本尺寸購買)   產 地 台灣   鞋 面 防潑水尼龍面料   內 裏 透氣舒適內裡+除臭乳膠鞋墊   鞋 底 超輕橡膠防滑刻紋底+金屬冰爪   重 量 900公克 跟 型     筒 高  筒 圍,https://www.fmshoes.com.tw/products/6703a4692938c6000da03072?variation=68cb9bc1aab0980008bdafcc,https://img.shoplineapp.com/media/image_clips/68d10db88d0be9000ce0d3b2/original.jpg?1758531000=&owner_id=627e1d404e691000311b0a4f,2980 TWD,in stock,new
6703a4692938c6000da03072:6703a468ecda36000a20e5f3,NEUTRAL +5°C 極境登山靴｜防水防風 × 冰爪兩用 黑(35-45),版 型 正常版(照原本尺寸購買)   產 地 台灣   鞋 面 防潑水尼龍面料   內 裏 透氣舒適內裡+除臭乳膠鞋墊   鞋 底 超輕橡膠防滑刻紋底+金屬冰爪   重 量 900公克 跟 型     筒 高  筒 圍,https://www.fmshoes.com.tw/products/6703a4692938c6000da03072?variation=6703a468ecda36000a20e5f3,https://img.shoplineapp.com/media/image_clips/68d10db88d0be9000ce0d3b2/original.jpg?1758531000=&owner_id=627e1d404e691000311b0a4f,2980 TWD,in stock,new
6703a4692938c6000da03072:6703a468ecda36000a20e5f4,NEUTRAL +5°C 極境登山靴｜防水防風 × 冰爪兩用 黑(35-45),版 型 正常版(照原本尺寸購買)   產 地 台灣   鞋 面 防潑水尼龍面料   內 裏 透氣舒適內裡+除臭乳膠鞋墊   鞋 底 超輕橡膠防滑刻紋底+金屬冰爪   重 量 900公克 跟 型     筒 高  筒 圍,https://www.fmshoes.com.tw/products/6703a4692938c6000da03072?variation=6703a468ecda36000a20e5f4,https://img.shoplineapp.com/media/image_clips/68d10db88d0be9000ce0d3b2/original.jpg?1758531000=&owner_id=627e1d404e691000311b0a4f,2980 TWD,in stock,new
6703a4692938c6000da03072:6703a468ecda36000a20e5f5,NEUTRAL +5°C 極境登山靴｜防水防風 × 冰爪兩用 黑(35-45),版 型 正常版(照原本尺寸購買)   產 地 台灣   鞋 面 防潑水尼龍面料   內 裏 透氣舒適內裡+除臭乳膠鞋墊   鞋 底 超輕橡膠防滑刻紋底+金屬冰爪   重 量 900公克 跟 型     筒 高  筒 圍,https://www.fmshoes.com.tw/products/6703a4692938c6000da03072?variation=6703a468ecda36000a20e5f5,https://img.shoplineapp.com/media/image_clips/68d10db88d0be9000ce0d3b2/original.jpg?1758531000=&owner_id=627e1d404e691000311b0a4f,2980 TWD,in stock,new
6703a4692938c6000da03072:6703a468ecda36000a20e5f6,NEUTRAL +5°C 極境登山靴｜防水防風 × 冰爪兩用 黑(35-45),版 型 正常版(照原本尺寸購買)   產 地 台灣   鞋 面 防潑水尼龍面料   內 裏 透氣舒適內裡+除臭乳膠鞋墊   鞋 底 超輕橡膠防滑刻紋底+金屬冰爪   重 量 900公克 跟 型     筒 高  筒 圍,https://www.fmshoes.com.tw/products/6703a4692938c6000da03072?variation=6703a468ecda36000a20e5f6,https://img.shoplineapp.com/media/image_clips/68d10db88d0be9000ce0d3b2/original.jpg?1758531000=&owner_id=627e1d404e691000311b0a4f,2980 TWD,in stock,new
6703a4692938c6000da03072:6703a468ecda36000a20e5f7,NEUTRAL +5°C 極境登山靴｜防水防風 × 冰爪兩用 黑(35-45),版 型 正常版(照原本尺寸購買)   產 地 台灣   鞋 面 防潑水尼龍面料   內 裏 透氣舒適內裡+除臭乳膠鞋墊   鞋 底 超輕橡膠防滑刻紋底+金屬冰爪   重 量 900公克 跟 型     筒 高  筒 圍,https://www.fmshoes.com.tw/products/6703a4692938c6000da03072?variation=6703a468ecda36000a20e5f7,https://img.shoplineapp.com/media/image_clips/68d10db88d0be9000ce0d3b2/original.jpg?1758531000=&owner_id=627e1d404e691000311b0a4f,2980 TWD,in stock,new
6703a4692938c6000da03072:6703a468ecda36000a20e5f8,NEUTRAL +5°C 極境登山靴｜防水防風 × 冰爪兩用 黑(35-45),版 型 正常版(照原本尺寸購買)   產 地 台灣   鞋 面 防潑水尼龍面料   內 裏 透氣舒適內裡+除臭乳膠鞋墊   鞋 底 超輕橡膠防滑刻紋底+金屬冰爪   重 量 900公克 跟 型     筒 高  筒 圍,https://www.fmshoes.com.tw/products/6703a4692938c6000da03072?variation=6703a468ecda36000a20e5f8,https://img.shoplineapp.com/media/image_clips/68d10db88d0be9000ce0d3b2/original.jpg?1758531000=&owner_id=627e1d404e691000311b0a4f,2980 TWD,in stock,new
6703a4692938c6000da03072:6703a468ecda36000a20e5f9,NEUTRAL +5°C 極境登山靴｜防水防風 × 冰爪兩用 黑(35-45),版 型 正常版(照原本尺寸購買)   產 地 台灣   鞋 面 防潑水尼龍面料   內 裏 透氣舒適內裡+除臭乳膠鞋墊   鞋 底 超輕橡膠防滑刻紋底+金屬冰爪   重 量 900公克 跟 型     筒 高  筒 圍,https://www.fmshoes.com.tw/products/6703a4692938c6000da03072?variation=6703a468ecda36000a20e5f9,https://img.shoplineapp.com/media/image_clips/68d10db88d0be9000ce0d3b2/original.jpg?1758531000=&owner_id=627e1d404e691000311b0a4f,2980 TWD,in stock,new
6703a4692938c6000da03072:6703a468ecda36000a20e5fa,NEUTRAL +5°C 極境登山靴｜防水防風 × 冰爪兩用 黑(35-45),版 型 正常版(照原本尺寸購買)   產 地 台灣   鞋 面 防潑水尼龍面料   內 裏 透氣舒適內裡+除臭乳膠鞋墊   鞋 底 超輕橡膠防滑刻紋底+金屬冰爪   重 量 900公克 跟 型     筒 高  筒 圍,https://www.fmshoes.com.tw/products/6703a4692938c6000da03072?variation=6703a468ecda36000a20e5fa,https://img.shoplineapp.com/media/image_clips/68d10db88d0be9000ce0d3b2/original.jpg?1758531000=&owner_id=627e1d404e691000311b0a4f,2980 TWD,in stock,new
6703a4692938c6000da03072:6703a468ecda36000a20e5fb,NEUTRAL +5°C 極境登山靴｜防水防風 × 冰爪兩用 黑(35-45),版 型 正常版(照原本尺寸購買)   產 地 台灣   鞋 面 防潑水尼龍面料   內 裏 透氣舒適內裡+除臭乳膠鞋墊   鞋 底 超輕橡膠防滑刻紋底+金屬冰爪   重 量 900公克 跟 型     筒 高  筒 圍,https://www.fmshoes.com.tw/products/6703a4692938c6000da03072?variation=6703a468ecda36000a20e5fb,https://img.shoplineapp.com/media/image_clips/68d10db88d0be9000ce0d3b2/original.jpg?1758531000=&owner_id=627e1d404e691000311b0a4f,2980 TWD,in stock,new
6703a4692938c6000da03072:6703a468ecda36000a20e5fc,NEUTRAL +5°C 極境登山靴｜防水防風 × 冰爪兩用 黑(35-45),版 型 正常版(照原本尺寸購買)   產 地 台灣   鞋 面 防潑水尼龍面料   內 裏 透氣舒適內裡+除臭乳膠鞋墊   鞋 底 超輕橡膠防滑刻紋底+金屬冰爪   重 量 900公克 跟 型     筒 高  筒 圍,https://www.fmshoes.com.tw/products/6703a4692938c6000da03072?variation=6703a468ecda36000a20e5fc,https://img.shoplineapp.com/media/image_clips/68d10db88d0be9000ce0d3b2/original.jpg?1758531000=&owner_id=627e1d404e691000311b0a4f,2980 TWD,in stock,new
6711f5d6a6f53e000c0a1274:6711f5d4479610a98319c3e5,FM SHOES V口小金釦粗跟瘦瘦膝下長靴 米(36-43),,https://www.fmshoes.com.tw/products/6711f5d6a6f53e000c0a1274?variation=6711f5d4479610a98319c3e5,https://img.shoplineapp.com/media/image_clips/6711f53622b35a000b8ffb49/original.jpg?1729230133,2280 TWD,in stock,new
6711f5d6a6f53e000c0a1274:6711f5d4479610a98319c3e6,FM SHOES V口小金釦粗跟瘦瘦膝下長靴 米(36-43),,https://www.fmshoes.com.tw/products/6711f5d6a6f53e000c0a1274?variation=6711f5d4479610a98319c3e6,https://img.shoplineapp.com/media/image_clips/6711f53622b35a000b8ffb49/original.jpg?1729230133,2280 TWD,in stock,new
6711f5d6a6f53e000c0a1274:6711f5d4479610a98319c3e7,FM SHOES V口小金釦粗跟瘦瘦膝下長靴 米(36-43),,https://www.fmshoes.com.tw/products/6711f5d6a6f53e000c0a1274?variation=6711f5d4479610a98319c3e7,https://img.shoplineapp.com/media/image_clips/6711f53622b35a000b8ffb49/original.jpg?1729230133,2280 TWD,in stock,new
6711f5d6a6f53e000c0a1274:6711f5d4479610a98319c3e8,FM SHOES V口小金釦粗跟瘦瘦膝下長靴 米(36-43),,https://www.fmshoes.com.tw/products/6711f5d6a6f53e000c0a1274?variation=6711f5d4479610a98319c3e8,https://img.shoplineapp.com/media/image_clips/6711f53622b35a000b8ffb49/original.jpg?1729230133,2280 TWD,in stock,new
6711f5d6a6f53e000c0a1274:6711f5d4479610a98319c3e9,FM SHOES V口小金釦粗跟瘦瘦膝下長靴 米(36-43),,https://www.fmshoes.com.tw/products/6711f5d6a6f53e000c0a1274?variation=6711f5d4479610a98319c3e9,https://img.shoplineapp.com/media/image_clips/6711f53622b35a000b8ffb49/original.jpg?1729230133,2280 TWD,in stock,new
6711f5d6a6f53e000c0a1274:6711f5d4479610a98319c3ea,FM SHOES V口小金釦粗跟瘦瘦膝下長靴 米(36-43),,https://www.fmshoes.com.tw/products/6711f5d6a6f53e000c0a1274?variation=6711f5d4479610a98319c3ea,https://img.shoplineapp.com/media/image_clips/6711f53622b35a000b8ffb49/original.jpg?1729230133,2280 TWD,in stock,new
6711f5d6a6f53e000c0a1274:6711f5d4479610a98319c3eb,FM SHOES V口小金釦粗跟瘦瘦膝下長靴 米(36-43),,https://www.fmshoes.com.tw/products/6711f5d6a6f53e000c0a1274?variation=6711f5d4479610a98319c3eb,https://img.shoplineapp.com/media/image_clips/6711f53622b35a000b8ffb49/original.jpg?1729230133,2280 TWD,in stock,new
6711f5d6a6f53e000c0a1274:6711f5d4479610a98319c3ec,FM SHOES V口小金釦粗跟瘦瘦膝下長靴 米(36-43),,https://www.fmshoes.com.tw/products/6711f5d6a6f53e000c0a1274?variation=6711f5d4479610a98319c3ec,https://img.shoplineapp.com/media/image_clips/6711f53622b35a000b8ffb49/original.jpg?1729230133,2280 TWD,in stock,new
6711f8a97ea6f3000bc27660:6711f8a77236d5000e6d0e42,FM SHOES V口小金釦粗跟瘦瘦膝下長靴灰卡(36-43),,https://www.fmshoes.com.tw/products/6711f8a97ea6f3000bc27660?variation=6711f8a77236d5000e6d0e42,https://img.shoplineapp.com/media/image_clips/6711f77eda1c25000ee1d872/original.jpg?1729230718,2280 TWD,in stock,new
6711f8a97ea6f3000bc27660:6711f8a77236d5000e6d0e43,FM SHOES V口小金釦粗跟瘦瘦膝下長靴灰卡(36-43),,https://www.fmshoes.com.tw/products/6711f8a97ea6f3000bc27660?variation=6711f8a77236d5000e6d0e43,https://img.shoplineapp.com/media/image_clips/6711f77eda1c25000ee1d872/original.jpg?1729230718,2280 TWD,in stock,new
6711f8a97ea6f3000bc27660:6711f8a77236d5000e6d0e44,FM SHOES V口小金釦粗跟瘦瘦膝下長靴灰卡(36-43),,https://www.fmshoes.com.tw/products/6711f8a97ea6f3000bc27660?variation=6711f8a77236d5000e6d0e44,https://img.shoplineapp.com/media/image_clips/6711f77eda1c25000ee1d872/original.jpg?1729230718,2280 TWD,in stock,new
6711f8a97ea6f3000bc27660:6711f8a77236d5000e6d0e45,FM SHOES V口小金釦粗跟瘦瘦膝下長靴灰卡(36-43),,https://www.fmshoes.com.tw/products/6711f8a97ea6f3000bc27660?variation=6711f8a77236d5000e6d0e45,https://img.shoplineapp.com/media/image_clips/6711f77eda1c25000ee1d872/original.jpg?1729230718,2280 TWD,in stock,new
6711f8a97ea6f3000bc27660:6711f8a77236d5000e6d0e46,FM SHOES V口小金釦粗跟瘦瘦膝下長靴灰卡(36-43),,https://www.fmshoes.com.tw/products/6711f8a97ea6f3000bc27660?variation=6711f8a77236d5000e6d0e46,https://img.shoplineapp.com/media/image_clips/6711f77eda1c25000ee1d872/original.jpg?1729230718,2280 TWD,in stock,new
6711f8a97ea6f3000bc27660:6711f8a77236d5000e6d0e47,FM SHOES V口小金釦粗跟瘦瘦膝下長靴灰卡(36-43),,https://www.fmshoes.com.tw/products/6711f8a97ea6f3000bc27660?variation=6711f8a77236d5000e6d0e47,https://img.shoplineapp.com/media/image_clips/6711f77eda1c25000ee1d872/original.jpg?1729230718,2280 TWD,in stock,new
6711f8a97ea6f3000bc27660:6711f8a77236d5000e6d0e48,FM SHOES V口小金釦粗跟瘦瘦膝下長靴灰卡(36-43),,https://www.fmshoes.com.tw/products/6711f8a97ea6f3000bc27660?variation=6711f8a77236d5000e6d0e48,https://img.shoplineapp.com/media/image_clips/6711f77eda1c25000ee1d872/original.jpg?1729230718,2280 TWD,in stock,new
6711f8a97ea6f3000bc27660:6711f8a77236d5000e6d0e49,FM SHOES V口小金釦粗跟瘦瘦膝下長靴灰卡(36-43),,https://www.fmshoes.com.tw/products/6711f8a97ea6f3000bc27660?variation=6711f8a77236d5000e6d0e49,https://img.shoplineapp.com/media/image_clips/6711f77eda1c25000ee1d872/original.jpg?1729230718,2280 TWD,in stock,new
6711f9be60013200107a1a89:6711f9bc479610ef0319c1ca,FM SHOES V口小金釦粗跟瘦瘦膝下長靴 黑(36-43),,https://www.fmshoes.com.tw/products/6711f9be60013200107a1a89?variation=6711f9bc479610ef0319c1ca,https://img.shoplineapp.com/media/image_clips/6711f8d927495b0010755199/original.jpg?1729231065,2280 TWD,in stock,new
6711f9be60013200107a1a89:6711f9bc479610ef0319c1cb,FM SHOES V口小金釦粗跟瘦瘦膝下長靴 黑(36-43),,https://www.fmshoes.com.tw/products/6711f9be60013200107a1a89?variation=6711f9bc479610ef0319c1cb,https://img.shoplineapp.com/media/image_clips/6711f8d927495b0010755199/original.jpg?1729231065,2280 TWD,in stock,new
6711f9be60013200107a1a89:6711f9bc479610ef0319c1cc,FM SHOES V口小金釦粗跟瘦瘦膝下長靴 黑(36-43),,https://www.fmshoes.com.tw/products/6711f9be60013200107a1a89?variation=6711f9bc479610ef0319c1cc,https://img.shoplineapp.com/media/image_clips/6711f8d927495b0010755199/original.jpg?1729231065,2280 TWD,in stock,new
6711f9be60013200107a1a89:6711f9bc479610ef0319c1cd,FM SHOES V口小金釦粗跟瘦瘦膝下長靴 黑(36-43),,https://www.fmshoes.com.tw/products/6711f9be60013200107a1a89?variation=6711f9bc479610ef0319c1cd,https://img.shoplineapp.com/media/image_clips/6711f8d927495b0010755199/original.jpg?1729231065,2280 TWD,in stock,new
6711f9be60013200107a1a89:6711f9bc479610ef0319c1ce,FM SHOES V口小金釦粗跟瘦瘦膝下長靴 黑(36-43),,https://www.fmshoes.com.tw/products/6711f9be60013200107a1a89?variation=6711f9bc479610ef0319c1ce,https://img.shoplineapp.com/media/image_clips/6711f8d927495b0010755199/original.jpg?1729231065,2280 TWD,in stock,new
6711f9be60013200107a1a89:6711f9bc479610ef0319c1cf,FM SHOES V口小金釦粗跟瘦瘦膝下長靴 黑(36-43),,https://www.fmshoes.com.tw/products/6711f9be60013200107a1a89?variation=6711f9bc479610ef0319c1cf,https://img.shoplineapp.com/media/image_clips/6711f8d927495b0010755199/original.jpg?1729231065,2280 TWD,in stock,new
6711f9be60013200107a1a89:6711f9bc479610ef0319c1d0,FM SHOES V口小金釦粗跟瘦瘦膝下長靴 黑(36-43),,https://www.fmshoes.com.tw/products/6711f9be60013200107a1a89?variation=6711f9bc479610ef0319c1d0,https://img.shoplineapp.com/media/image_clips/6711f8d927495b0010755199/original.jpg?1729231065,2280 TWD,in stock,new
6711f9be60013200107a1a89:6711f9bc479610ef0319c1d1,FM SHOES V口小金釦粗跟瘦瘦膝下長靴 黑(36-43),,https://www.fmshoes.com.tw/products/6711f9be60013200107a1a89?variation=6711f9bc479610ef0319c1d1,https://img.shoplineapp.com/media/image_clips/6711f8d927495b0010755199/original.jpg?1729231065,2280 TWD,in stock,new
671203fd7fcc460010c5e025:67199bc08dd673748fa1249e,NEUTRAL 城市探險防潑水短靴 粉(36-43),,https://www.fmshoes.com.tw/products/671203fd7fcc460010c5e025?variation=67199bc08dd673748fa1249e,https://img.shoplineapp.com/media/image_clips/6736ea924a8448000e7632e7/original.jpg?1731652242,2180 TWD,in stock,new
67120606bc0f09000d2c6701:671206030319960009cbede9,NEUTRAL 城市探險防潑水短靴 卡其(36-43),,https://www.fmshoes.com.tw/products/67120606bc0f09000d2c6701?variation=671206030319960009cbede9,https://img.shoplineapp.com/media/image_clips/6736eb0d9c2bab000ab895e3/original.jpg?1731652365,2180 TWD,in stock,new
67120606bc0f09000d2c6701:671206030319960009cbedea,NEUTRAL 城市探險防潑水短靴 卡其(36-43),,https://www.fmshoes.com.tw/products/67120606bc0f09000d2c6701?variation=671206030319960009cbedea,https://img.shoplineapp.com/media/image_clips/6736eb0d9c2bab000ab895e3/original.jpg?1731652365,2180 TWD,in stock,new
67120606bc0f09000d2c6701:671206030319960009cbedeb,NEUTRAL 城市探險防潑水短靴 卡其(36-43),,https://www.fmshoes.com.tw/products/67120606bc0f09000d2c6701?variation=671206030319960009cbedeb,https://img.shoplineapp.com/media/image_clips/6736eb0d9c2bab000ab895e3/original.jpg?1731652365,2180 TWD,in stock,new
67120606bc0f09000d2c6701:678482089dd31100085a21da,NEUTRAL 城市探險防潑水短靴 卡其(36-43),,https://www.fmshoes.com.tw/products/67120606bc0f09000d2c6701?variation=678482089dd31100085a21da,https://img.shoplineapp.com/media/image_clips/6736eb0d9c2bab000ab895e3/original.jpg?1731652365,2180 TWD,in stock,new
671206eee8eef9000f535c99:671206ecf09983000a967f95,NEUTRAL 城市探險防潑水短靴 黑(36-43),,https://www.fmshoes.com.tw/products/671206eee8eef9000f535c99?variation=671206ecf09983000a967f95,https://img.shoplineapp.com/media/image_clips/6736ec2ddd0bef87fcbd8042/original.jpg?1731652653,2180 TWD,in stock,new
671206eee8eef9000f535c99:671206ecf09983000a967f97,NEUTRAL 城市探險防潑水短靴 黑(36-43),,https://www.fmshoes.com.tw/products/671206eee8eef9000f535c99?variation=671206ecf09983000a967f97,https://img.shoplineapp.com/media/image_clips/6736ec2ddd0bef87fcbd8042/original.jpg?1731652653,2180 TWD,in stock,new
67120a4c138ae9000bf4996f:67120a4a2c459b000c1a3957,FM SHOES 美腿瘦瘦粗跟襪靴 黑(36-42),,https://www.fmshoes.com.tw/products/67120a4c138ae9000bf4996f?variation=67120a4a2c459b000c1a3957,https://img.shoplineapp.com/media/image_clips/6721ec3564a661000c33ea56/original.jpg?1730276405,1680 TWD,in stock,new
67120a4c138ae9000bf4996f:67120a4a2c459b000c1a3958,FM SHOES 美腿瘦瘦粗跟襪靴 黑(36-42),,https://www.fmshoes.com.tw/products/67120a4c138ae9000bf4996f?variation=67120a4a2c459b000c1a3958,https://img.shoplineapp.com/media/image_clips/6721ec3564a661000c33ea56/original.jpg?1730276405,1680 TWD,in stock,new
67120cb3084e4a000f8876e8:67120cb11b0cf5000e2a6aa4,FM SHOES 美腿瘦瘦粗跟襪靴 灰咖(36-42),,https://www.fmshoes.com.tw/products/67120cb3084e4a000f8876e8?variation=67120cb11b0cf5000e2a6aa4,https://img.shoplineapp.com/media/image_clips/6721ec889cb43b6040284294/original.jpg?1730276488,1680 TWD,in stock,new
67120cb3084e4a000f8876e8:67120cb11b0cf5000e2a6aa5,FM SHOES 美腿瘦瘦粗跟襪靴 灰咖(36-42),,https://www.fmshoes.com.tw/products/67120cb3084e4a000f8876e8?variation=67120cb11b0cf5000e2a6aa5,https://img.shoplineapp.com/media/image_clips/6721ec889cb43b6040284294/original.jpg?1730276488,1680 TWD,in stock,new
67120cb3084e4a000f8876e8:67120cb11b0cf5000e2a6aa8,FM SHOES 美腿瘦瘦粗跟襪靴 灰咖(36-42),,https://www.fmshoes.com.tw/products/67120cb3084e4a000f8876e8?variation=67120cb11b0cf5000e2a6aa8,https://img.shoplineapp.com/media/image_clips/6721ec889cb43b6040284294/original.jpg?1730276488,1680 TWD,in stock,new
67120cb3084e4a000f8876e8:67120cb11b0cf5000e2a6aa9,FM SHOES 美腿瘦瘦粗跟襪靴 灰咖(36-42),,https://www.fmshoes.com.tw/products/67120cb3084e4a000f8876e8?variation=67120cb11b0cf5000e2a6aa9,https://img.shoplineapp.com/media/image_clips/6721ec889cb43b6040284294/original.jpg?1730276488,1680 TWD,in stock,new
67120cb3084e4a000f8876e8:67120cb11b0cf5000e2a6aaa,FM SHOES 美腿瘦瘦粗跟襪靴 灰咖(36-42),,https://www.fmshoes.com.tw/products/67120cb3084e4a000f8876e8?variation=67120cb11b0cf5000e2a6aaa,https://img.shoplineapp.com/media/image_clips/6721ec889cb43b6040284294/original.jpg?1730276488,1680 TWD,in stock,new
67120d949a6c06000f7f2974:67120d919c09ba23e3adf6bb,FM SHOES 美腿瘦瘦粗跟襪靴 杏(36-42),,https://www.fmshoes.com.tw/products/67120d949a6c06000f7f2974?variation=67120d919c09ba23e3adf6bb,https://img.shoplineapp.com/media/image_clips/6721ec550a59193c01e000eb/original.jpg?1730276437,1680 TWD,in stock,new
67120d949a6c06000f7f2974:67120d919c09ba23e3adf6bc,FM SHOES 美腿瘦瘦粗跟襪靴 杏(36-42),,https://www.fmshoes.com.tw/products/67120d949a6c06000f7f2974?variation=67120d919c09ba23e3adf6bc,https://img.shoplineapp.com/media/image_clips/6721ec550a59193c01e000eb/original.jpg?1730276437,1680 TWD,in stock,new
67120d949a6c06000f7f2974:67120d919c09ba23e3adf6bd,FM SHOES 美腿瘦瘦粗跟襪靴 杏(36-42),,https://www.fmshoes.com.tw/products/67120d949a6c06000f7f2974?variation=67120d919c09ba23e3adf6bd,https://img.shoplineapp.com/media/image_clips/6721ec550a59193c01e000eb/original.jpg?1730276437,1680 TWD,in stock,new
67120d949a6c06000f7f2974:67120d919c09ba23e3adf6be,FM SHOES 美腿瘦瘦粗跟襪靴 杏(36-42),,https://www.fmshoes.com.tw/products/67120d949a6c06000f7f2974?variation=67120d919c09ba23e3adf6be,https://img.shoplineapp.com/media/image_clips/6721ec550a59193c01e000eb/original.jpg?1730276437,1680 TWD,in stock,new
67120d949a6c06000f7f2974:67120d919c09ba23e3adf6bf,FM SHOES 美腿瘦瘦粗跟襪靴 杏(36-42),,https://www.fmshoes.com.tw/products/67120d949a6c06000f7f2974?variation=67120d919c09ba23e3adf6bf,https://img.shoplineapp.com/media/image_clips/6721ec550a59193c01e000eb/original.jpg?1730276437,1680 TWD,in stock,new
67120d949a6c06000f7f2974:67120d919c09ba23e3adf6c0,FM SHOES 美腿瘦瘦粗跟襪靴 杏(36-42),,https://www.fmshoes.com.tw/products/67120d949a6c06000f7f2974?variation=67120d919c09ba23e3adf6c0,https://img.shoplineapp.com/media/image_clips/6721ec550a59193c01e000eb/original.jpg?1730276437,1680 TWD,in stock,new
67120d949a6c06000f7f2974:67120d919c09ba23e3adf6c1,FM SHOES 美腿瘦瘦粗跟襪靴 杏(36-42),,https://www.fmshoes.com.tw/products/67120d949a6c06000f7f2974?variation=67120d919c09ba23e3adf6c1,https://img.shoplineapp.com/media/image_clips/6721ec550a59193c01e000eb/original.jpg?1730276437,1680 TWD,in stock,new
67120e72e72833000c963fba:67120e70dc1629000b0b26e8,FM SHOES 美腿瘦瘦粗跟襪靴 米白(36-42),,https://www.fmshoes.com.tw/products/67120e72e72833000c963fba?variation=67120e70dc1629000b0b26e8,https://img.shoplineapp.com/media/image_clips/6721ec70c25bec000a3bd4a1/original.jpg?1730276463,1680 TWD,in stock,new
67120e72e72833000c963fba:67120e70dc1629000b0b26e9,FM SHOES 美腿瘦瘦粗跟襪靴 米白(36-42),,https://www.fmshoes.com.tw/products/67120e72e72833000c963fba?variation=67120e70dc1629000b0b26e9,https://img.shoplineapp.com/media/image_clips/6721ec70c25bec000a3bd4a1/original.jpg?1730276463,1680 TWD,in stock,new
67120e72e72833000c963fba:67120e70dc1629000b0b26ea,FM SHOES 美腿瘦瘦粗跟襪靴 米白(36-42),,https://www.fmshoes.com.tw/products/67120e72e72833000c963fba?variation=67120e70dc1629000b0b26ea,https://img.shoplineapp.com/media/image_clips/6721ec70c25bec000a3bd4a1/original.jpg?1730276463,1680 TWD,in stock,new
67120e72e72833000c963fba:67120e70dc1629000b0b26eb,FM SHOES 美腿瘦瘦粗跟襪靴 米白(36-42),,https://www.fmshoes.com.tw/products/67120e72e72833000c963fba?variation=67120e70dc1629000b0b26eb,https://img.shoplineapp.com/media/image_clips/6721ec70c25bec000a3bd4a1/original.jpg?1730276463,1680 TWD,in stock,new
67120e72e72833000c963fba:67120e70dc1629000b0b26ec,FM SHOES 美腿瘦瘦粗跟襪靴 米白(36-42),,https://www.fmshoes.com.tw/products/67120e72e72833000c963fba?variation=67120e70dc1629000b0b26ec,https://img.shoplineapp.com/media/image_clips/6721ec70c25bec000a3bd4a1/original.jpg?1730276463,1680 TWD,in stock,new
67120e72e72833000c963fba:67120e70dc1629000b0b26ed,FM SHOES 美腿瘦瘦粗跟襪靴 米白(36-42),,https://www.fmshoes.com.tw/products/67120e72e72833000c963fba?variation=67120e70dc1629000b0b26ed,https://img.shoplineapp.com/media/image_clips/6721ec70c25bec000a3bd4a1/original.jpg?1730276463,1680 TWD,in stock,new
67120e72e72833000c963fba:67120e70dc1629000b0b26ee,FM SHOES 美腿瘦瘦粗跟襪靴 米白(36-42),,https://www.fmshoes.com.tw/products/67120e72e72833000c963fba?variation=67120e70dc1629000b0b26ee,https://img.shoplineapp.com/media/image_clips/6721ec70c25bec000a3bd4a1/original.jpg?1730276463,1680 TWD,in stock,new
67160e915511b5000f32f7c3:6901711d577fa00010f6a4c9,NEUTRAL 寬帶厚底休閒減壓拖鞋 全黑(35-44),NEUTRAL 寬帶厚底休閒減壓拖鞋 全黑(35-44),https://www.fmshoes.com.tw/products/67160e915511b5000f32f7c3?variation=6901711d577fa00010f6a4c9,https://img.shoplineapp.com/media/image_clips/672c3b3ddaa07c000d57f860/original.jpg?1730951996,1480 TWD,in stock,new
67160e915511b5000f32f7c3:67160e8facee70000f71d884,NEUTRAL 寬帶厚底休閒減壓拖鞋 全黑(35-44),NEUTRAL 寬帶厚底休閒減壓拖鞋 全黑(35-44),https://www.fmshoes.com.tw/products/67160e915511b5000f32f7c3?variation=67160e8facee70000f71d884,https://img.shoplineapp.com/media/image_clips/672c3b3ddaa07c000d57f860/original.jpg?1730951996,1480 TWD,in stock,new
67160e915511b5000f32f7c3:67160e8facee70000f71d885,NEUTRAL 寬帶厚底休閒減壓拖鞋 全黑(35-44),NEUTRAL 寬帶厚底休閒減壓拖鞋 全黑(35-44),https://www.fmshoes.com.tw/products/67160e915511b5000f32f7c3?variation=67160e8facee70000f71d885,https://img.shoplineapp.com/media/image_clips/672c3b3ddaa07c000d57f860/original.jpg?1730951996,1480 TWD,in stock,new
67160e915511b5000f32f7c3:67160e8facee70000f71d886,NEUTRAL 寬帶厚底休閒減壓拖鞋 全黑(35-44),NEUTRAL 寬帶厚底休閒減壓拖鞋 全黑(35-44),https://www.fmshoes.com.tw/products/67160e915511b5000f32f7c3?variation=67160e8facee70000f71d886,https://img.shoplineapp.com/media/image_clips/672c3b3ddaa07c000d57f860/original.jpg?1730951996,1480 TWD,in stock,new
67160e915511b5000f32f7c3:67160e8facee70000f71d887,NEUTRAL 寬帶厚底休閒減壓拖鞋 全黑(35-44),NEUTRAL 寬帶厚底休閒減壓拖鞋 全黑(35-44),https://www.fmshoes.com.tw/products/67160e915511b5000f32f7c3?variation=67160e8facee70000f71d887,https://img.shoplineapp.com/media/image_clips/672c3b3ddaa07c000d57f860/original.jpg?1730951996,1480 TWD,in stock,new
67160e915511b5000f32f7c3:67160e8facee70000f71d888,NEUTRAL 寬帶厚底休閒減壓拖鞋 全黑(35-44),NEUTRAL 寬帶厚底休閒減壓拖鞋 全黑(35-44),https://www.fmshoes.com.tw/products/67160e915511b5000f32f7c3?variation=67160e8facee70000f71d888,https://img.shoplineapp.com/media/image_clips/672c3b3ddaa07c000d57f860/original.jpg?1730951996,1480 TWD,in stock,new
67160e915511b5000f32f7c3:68f268cf00017f00172977ca,NEUTRAL 寬帶厚底休閒減壓拖鞋 全黑(35-44),NEUTRAL 寬帶厚底休閒減壓拖鞋 全黑(35-44),https://www.fmshoes.com.tw/products/67160e915511b5000f32f7c3?variation=68f268cf00017f00172977ca,https://img.shoplineapp.com/media/image_clips/672c3b3ddaa07c000d57f860/original.jpg?1730951996,1480 TWD,in stock,new
67160e915511b5000f32f7c3:68f268cf00017f00172977cb,NEUTRAL 寬帶厚底休閒減壓拖鞋 全黑(35-44),NEUTRAL 寬帶厚底休閒減壓拖鞋 全黑(35-44),https://www.fmshoes.com.tw/products/67160e915511b5000f32f7c3?variation=68f268cf00017f00172977cb,https://img.shoplineapp.com/media/image_clips/672c3b3ddaa07c000d57f860/original.jpg?1730951996,1480 TWD,in stock,new
67160e915511b5000f32f7c3:68f268cf00017f00172977cc,NEUTRAL 寬帶厚底休閒減壓拖鞋 全黑(35-44),NEUTRAL 寬帶厚底休閒減壓拖鞋 全黑(35-44),https://www.fmshoes.com.tw/products/67160e915511b5000f32f7c3?variation=68f268cf00017f00172977cc,https://img.shoplineapp.com/media/image_clips/672c3b3ddaa07c000d57f860/original.jpg?1730951996,1480 TWD,in stock,new
67160e915511b5000f32f7c3:68f268cf00017f00172977cd,NEUTRAL 寬帶厚底休閒減壓拖鞋 全黑(35-44),NEUTRAL 寬帶厚底休閒減壓拖鞋 全黑(35-44),https://www.fmshoes.com.tw/products/67160e915511b5000f32f7c3?variation=68f268cf00017f00172977cd,https://img.shoplineapp.com/media/image_clips/672c3b3ddaa07c000d57f860/original.jpg?1730951996,1480 TWD,in stock,new
67299346ccd044000e249a81:67299343774656000d7a5438,NEUTRAL 防潑水美型彈力慢跑鞋 白(36-44),版 型 偏小版(大一號購買)   產 地 台灣   鞋 面 防潑水超纖皮料   內 裏 網布乳膠除臭鞋墊   鞋 底 超輕橡膠防滑底   重 量 850公克 跟 型     筒 高  筒 圍  踝 圍,https://www.fmshoes.com.tw/products/67299346ccd044000e249a81?variation=67299343774656000d7a5438,https://img.shoplineapp.com/media/image_clips/67299090145f21000b5c8211/original.jpg?1730777232,1680 TWD,in stock,new
67299346ccd044000e249a81:67299343774656000d7a5439,NEUTRAL 防潑水美型彈力慢跑鞋 白(36-44),版 型 偏小版(大一號購買)   產 地 台灣   鞋 面 防潑水超纖皮料   內 裏 網布乳膠除臭鞋墊   鞋 底 超輕橡膠防滑底   重 量 850公克 跟 型     筒 高  筒 圍  踝 圍,https://www.fmshoes.com.tw/products/67299346ccd044000e249a81?variation=67299343774656000d7a5439,https://img.shoplineapp.com/media/image_clips/67299090145f21000b5c8211/original.jpg?1730777232,1680 TWD,in stock,new
67299346ccd044000e249a81:67299343774656000d7a543b,NEUTRAL 防潑水美型彈力慢跑鞋 白(36-44),版 型 偏小版(大一號購買)   產 地 台灣   鞋 面 防潑水超纖皮料   內 裏 網布乳膠除臭鞋墊   鞋 底 超輕橡膠防滑底   重 量 850公克 跟 型     筒 高  筒 圍  踝 圍,https://www.fmshoes.com.tw/products/67299346ccd044000e249a81?variation=67299343774656000d7a543b,https://img.shoplineapp.com/media/image_clips/67299090145f21000b5c8211/original.jpg?1730777232,1680 TWD,in stock,new
67299346ccd044000e249a81:67299343774656000d7a543c,NEUTRAL 防潑水美型彈力慢跑鞋 白(36-44),版 型 偏小版(大一號購買)   產 地 台灣   鞋 面 防潑水超纖皮料   內 裏 網布乳膠除臭鞋墊   鞋 底 超輕橡膠防滑底   重 量 850公克 跟 型     筒 高  筒 圍  踝 圍,https://www.fmshoes.com.tw/products/67299346ccd044000e249a81?variation=67299343774656000d7a543c,https://img.shoplineapp.com/media/image_clips/67299090145f21000b5c8211/original.jpg?1730777232,1680 TWD,in stock,new
67299346ccd044000e249a81:67299343774656000d7a543e,NEUTRAL 防潑水美型彈力慢跑鞋 白(36-44),版 型 偏小版(大一號購買)   產 地 台灣   鞋 面 防潑水超纖皮料   內 裏 網布乳膠除臭鞋墊   鞋 底 超輕橡膠防滑底   重 量 850公克 跟 型     筒 高  筒 圍  踝 圍,https://www.fmshoes.com.tw/products/67299346ccd044000e249a81?variation=67299343774656000d7a543e,https://img.shoplineapp.com/media/image_clips/67299090145f21000b5c8211/original.jpg?1730777232,1680 TWD,in stock,new
67299346ccd044000e249a81:67299343774656000d7a543f,NEUTRAL 防潑水美型彈力慢跑鞋 白(36-44),版 型 偏小版(大一號購買)   產 地 台灣   鞋 面 防潑水超纖皮料   內 裏 網布乳膠除臭鞋墊   鞋 底 超輕橡膠防滑底   重 量 850公克 跟 型     筒 高  筒 圍  踝 圍,https://www.fmshoes.com.tw/products/67299346ccd044000e249a81?variation=67299343774656000d7a543f,https://img.shoplineapp.com/media/image_clips/67299090145f21000b5c8211/original.jpg?1730777232,1680 TWD,in stock,new
67299346ccd044000e249a81:67299343774656000d7a5440,NEUTRAL 防潑水美型彈力慢跑鞋 白(36-44),版 型 偏小版(大一號購買)   產 地 台灣   鞋 面 防潑水超纖皮料   內 裏 網布乳膠除臭鞋墊   鞋 底 超輕橡膠防滑底   重 量 850公克 跟 型     筒 高  筒 圍  踝 圍,https://www.fmshoes.com.tw/products/67299346ccd044000e249a81?variation=67299343774656000d7a5440,https://img.shoplineapp.com/media/image_clips/67299090145f21000b5c8211/original.jpg?1730777232,1680 TWD,in stock,new
6729969d2b60d0000ee98f9e:6729969a70b9aa93d81ff5d9,NEUTRAL 防潑水美型彈力慢跑鞋 灰(36-44),NEUTRAL 防潑水美型彈力慢跑鞋 灰(36-44),https://www.fmshoes.com.tw/products/6729969d2b60d0000ee98f9e?variation=6729969a70b9aa93d81ff5d9,https://img.shoplineapp.com/media/image_clips/673456b6ef5002000c8b34b5/original.jpg?1731483318,1680 TWD,in stock,new
6729969d2b60d0000ee98f9e:6729969a70b9aa93d81ff5da,NEUTRAL 防潑水美型彈力慢跑鞋 灰(36-44),NEUTRAL 防潑水美型彈力慢跑鞋 灰(36-44),https://www.fmshoes.com.tw/products/6729969d2b60d0000ee98f9e?variation=6729969a70b9aa93d81ff5da,https://img.shoplineapp.com/media/image_clips/673456b6ef5002000c8b34b5/original.jpg?1731483318,1680 TWD,in stock,new
6729969d2b60d0000ee98f9e:6729969a70b9aa93d81ff5dd,NEUTRAL 防潑水美型彈力慢跑鞋 灰(36-44),NEUTRAL 防潑水美型彈力慢跑鞋 灰(36-44),https://www.fmshoes.com.tw/products/6729969d2b60d0000ee98f9e?variation=6729969a70b9aa93d81ff5dd,https://img.shoplineapp.com/media/image_clips/673456b6ef5002000c8b34b5/original.jpg?1731483318,1680 TWD,in stock,new
6729969d2b60d0000ee98f9e:6729969a70b9aa93d81ff5de,NEUTRAL 防潑水美型彈力慢跑鞋 灰(36-44),NEUTRAL 防潑水美型彈力慢跑鞋 灰(36-44),https://www.fmshoes.com.tw/products/6729969d2b60d0000ee98f9e?variation=6729969a70b9aa93d81ff5de,https://img.shoplineapp.com/media/image_clips/673456b6ef5002000c8b34b5/original.jpg?1731483318,1680 TWD,in stock,new
6729969d2b60d0000ee98f9e:6729969a70b9aa93d81ff5df,NEUTRAL 防潑水美型彈力慢跑鞋 灰(36-44),NEUTRAL 防潑水美型彈力慢跑鞋 灰(36-44),https://www.fmshoes.com.tw/products/6729969d2b60d0000ee98f9e?variation=6729969a70b9aa93d81ff5df,https://img.shoplineapp.com/media/image_clips/673456b6ef5002000c8b34b5/original.jpg?1731483318,1680 TWD,in stock,new
6729969d2b60d0000ee98f9e:6729969a70b9aa93d81ff5e0,NEUTRAL 防潑水美型彈力慢跑鞋 灰(36-44),NEUTRAL 防潑水美型彈力慢跑鞋 灰(36-44),https://www.fmshoes.com.tw/products/6729969d2b60d0000ee98f9e?variation=6729969a70b9aa93d81ff5e0,https://img.shoplineapp.com/media/image_clips/673456b6ef5002000c8b34b5/original.jpg?1731483318,1680 TWD,in stock,new
6729979d14acd00cba118b8d:6729979af195520009cd18ab,NEUTRAL 防潑水美型彈力慢跑鞋 黑(36-44),NEUTRAL 防潑水美型彈力慢跑鞋 黑(36-44),https://www.fmshoes.com.tw/products/6729979d14acd00cba118b8d?variation=6729979af195520009cd18ab,https://img.shoplineapp.com/media/image_clips/672996cf01ab7a000d63065c/original.jpg?1730778831,1680 TWD,in stock,new
6729979d14acd00cba118b8d:6729979af195520009cd18ac,NEUTRAL 防潑水美型彈力慢跑鞋 黑(36-44),NEUTRAL 防潑水美型彈力慢跑鞋 黑(36-44),https://www.fmshoes.com.tw/products/6729979d14acd00cba118b8d?variation=6729979af195520009cd18ac,https://img.shoplineapp.com/media/image_clips/672996cf01ab7a000d63065c/original.jpg?1730778831,1680 TWD,in stock,new
6729979d14acd00cba118b8d:6729979af195520009cd18ae,NEUTRAL 防潑水美型彈力慢跑鞋 黑(36-44),NEUTRAL 防潑水美型彈力慢跑鞋 黑(36-44),https://www.fmshoes.com.tw/products/6729979d14acd00cba118b8d?variation=6729979af195520009cd18ae,https://img.shoplineapp.com/media/image_clips/672996cf01ab7a000d63065c/original.jpg?1730778831,1680 TWD,in stock,new
6729979d14acd00cba118b8d:6729979af195520009cd18b1,NEUTRAL 防潑水美型彈力慢跑鞋 黑(36-44),NEUTRAL 防潑水美型彈力慢跑鞋 黑(36-44),https://www.fmshoes.com.tw/products/6729979d14acd00cba118b8d?variation=6729979af195520009cd18b1,https://img.shoplineapp.com/media/image_clips/672996cf01ab7a000d63065c/original.jpg?1730778831,1680 TWD,in stock,new
6729979d14acd00cba118b8d:6729979af195520009cd18b2,NEUTRAL 防潑水美型彈力慢跑鞋 黑(36-44),NEUTRAL 防潑水美型彈力慢跑鞋 黑(36-44),https://www.fmshoes.com.tw/products/6729979d14acd00cba118b8d?variation=6729979af195520009cd18b2,https://img.shoplineapp.com/media/image_clips/672996cf01ab7a000d63065c/original.jpg?1730778831,1680 TWD,in stock,new
6729979d14acd00cba118b8d:6729979af195520009cd18b3,NEUTRAL 防潑水美型彈力慢跑鞋 黑(36-44),NEUTRAL 防潑水美型彈力慢跑鞋 黑(36-44),https://www.fmshoes.com.tw/products/6729979d14acd00cba118b8d?variation=6729979af195520009cd18b3,https://img.shoplineapp.com/media/image_clips/672996cf01ab7a000d63065c/original.jpg?1730778831,1680 TWD,in stock,new
674e6777deed5b00108f77c4,NEUTRAL品牌LOGO中筒襪(1雙入，顏色隨機),NEUTRAL品牌LOGO中筒襪(1雙入，顏色隨機),https://www.fmshoes.com.tw/products/674e6777deed5b00108f77c4,https://img.shoplineapp.com/media/image_clips/691d3df8ae63b60018b32491/original.jpg?1763524088=&owner_id=627e1d404e691000311b0a4f,380 TWD,in stock,new
675929503528d600103910ea:6759294eaaa211000e135f7e,FM SHOES 美腿瘦瘦長靴 黑(36-42),FM SHOES 美腿瘦瘦長靴 黑(36-42),https://www.fmshoes.com.tw/products/675929503528d600103910ea?variation=6759294eaaa211000e135f7e,https://img.shoplineapp.com/media/image_clips/676a6872de98fe000db84d00/original.jpg?1735026802,1880 TWD,in stock,new
675929503528d600103910ea:6759294eaaa211000e135f7f,FM SHOES 美腿瘦瘦長靴 黑(36-42),FM SHOES 美腿瘦瘦長靴 黑(36-42),https://www.fmshoes.com.tw/products/675929503528d600103910ea?variation=6759294eaaa211000e135f7f,https://img.shoplineapp.com/media/image_clips/676a6872de98fe000db84d00/original.jpg?1735026802,1880 TWD,in stock,new
675929503528d600103910ea:6759294eaaa211000e135f80,FM SHOES 美腿瘦瘦長靴 黑(36-42),FM SHOES 美腿瘦瘦長靴 黑(36-42),https://www.fmshoes.com.tw/products/675929503528d600103910ea?variation=6759294eaaa211000e135f80,https://img.shoplineapp.com/media/image_clips/676a6872de98fe000db84d00/original.jpg?1735026802,1880 TWD,in stock,new
675929503528d600103910ea:6759294eaaa211000e135f81,FM SHOES 美腿瘦瘦長靴 黑(36-42),FM SHOES 美腿瘦瘦長靴 黑(36-42),https://www.fmshoes.com.tw/products/675929503528d600103910ea?variation=6759294eaaa211000e135f81,https://img.shoplineapp.com/media/image_clips/676a6872de98fe000db84d00/original.jpg?1735026802,1880 TWD,in stock,new
675929503528d600103910ea:6759294eaaa211000e135f83,FM SHOES 美腿瘦瘦長靴 黑(36-42),FM SHOES 美腿瘦瘦長靴 黑(36-42),https://www.fmshoes.com.tw/products/675929503528d600103910ea?variation=6759294eaaa211000e135f83,https://img.shoplineapp.com/media/image_clips/676a6872de98fe000db84d00/original.jpg?1735026802,1880 TWD,in stock,new
675929503528d600103910ea:6759294eaaa211000e135f84,FM SHOES 美腿瘦瘦長靴 黑(36-42),FM SHOES 美腿瘦瘦長靴 黑(36-42),https://www.fmshoes.com.tw/products/675929503528d600103910ea?variation=6759294eaaa211000e135f84,https://img.shoplineapp.com/media/image_clips/676a6872de98fe000db84d00/original.jpg?1735026802,1880 TWD,in stock,new
676e68faf660be0011a3759d:676e68f9f45cad000b3ba15b,FM SHOES 瑪莉珍尖頭小貓跟鞋 油黑(36-43),FM SHOES 瑪莉珍尖頭小貓跟鞋 油黑(36-43),https://www.fmshoes.com.tw/products/676e68faf660be0011a3759d?variation=676e68f9f45cad000b3ba15b,https://img.shoplineapp.com/media/image_clips/6777a2ce2c3d2f000d2deeb6/original.jpg?1735893709,1480 TWD,in stock,new
676e68faf660be0011a3759d:676e68f9f45cad000b3ba15c,FM SHOES 瑪莉珍尖頭小貓跟鞋 油黑(36-43),FM SHOES 瑪莉珍尖頭小貓跟鞋 油黑(36-43),https://www.fmshoes.com.tw/products/676e68faf660be0011a3759d?variation=676e68f9f45cad000b3ba15c,https://img.shoplineapp.com/media/image_clips/6777a2ce2c3d2f000d2deeb6/original.jpg?1735893709,1480 TWD,in stock,new
676e68faf660be0011a3759d:676e68f9f45cad000b3ba15d,FM SHOES 瑪莉珍尖頭小貓跟鞋 油黑(36-43),FM SHOES 瑪莉珍尖頭小貓跟鞋 油黑(36-43),https://www.fmshoes.com.tw/products/676e68faf660be0011a3759d?variation=676e68f9f45cad000b3ba15d,https://img.shoplineapp.com/media/image_clips/6777a2ce2c3d2f000d2deeb6/original.jpg?1735893709,1480 TWD,in stock,new
676e68faf660be0011a3759d:676e68f9f45cad000b3ba15e,FM SHOES 瑪莉珍尖頭小貓跟鞋 油黑(36-43),FM SHOES 瑪莉珍尖頭小貓跟鞋 油黑(36-43),https://www.fmshoes.com.tw/products/676e68faf660be0011a3759d?variation=676e68f9f45cad000b3ba15e,https://img.shoplineapp.com/media/image_clips/6777a2ce2c3d2f000d2deeb6/original.jpg?1735893709,1480 TWD,in stock,new
676e68faf660be0011a3759d:676e68f9f45cad000b3ba15f,FM SHOES 瑪莉珍尖頭小貓跟鞋 油黑(36-43),FM SHOES 瑪莉珍尖頭小貓跟鞋 油黑(36-43),https://www.fmshoes.com.tw/products/676e68faf660be0011a3759d?variation=676e68f9f45cad000b3ba15f,https://img.shoplineapp.com/media/image_clips/6777a2ce2c3d2f000d2deeb6/original.jpg?1735893709,1480 TWD,in stock,new
676e69aac43502000d4f31c8:676e69a8fb7e63000d4a7753,FM SHOES 瑪莉珍尖頭小貓跟鞋 米(36-43),FM SHOES 瑪莉珍尖頭小貓跟鞋 米(36-43),https://www.fmshoes.com.tw/products/676e69aac43502000d4f31c8?variation=676e69a8fb7e63000d4a7753,https://img.shoplineapp.com/media/image_clips/6777a462b312b0000e7e6106/original.jpg?1735894114,1480 TWD,in stock,new
676e69aac43502000d4f31c8:676e69a8fb7e63000d4a7754,FM SHOES 瑪莉珍尖頭小貓跟鞋 米(36-43),FM SHOES 瑪莉珍尖頭小貓跟鞋 米(36-43),https://www.fmshoes.com.tw/products/676e69aac43502000d4f31c8?variation=676e69a8fb7e63000d4a7754,https://img.shoplineapp.com/media/image_clips/6777a462b312b0000e7e6106/original.jpg?1735894114,1480 TWD,in stock,new
676e69aac43502000d4f31c8:676e69a8fb7e63000d4a7756,FM SHOES 瑪莉珍尖頭小貓跟鞋 米(36-43),FM SHOES 瑪莉珍尖頭小貓跟鞋 米(36-43),https://www.fmshoes.com.tw/products/676e69aac43502000d4f31c8?variation=676e69a8fb7e63000d4a7756,https://img.shoplineapp.com/media/image_clips/6777a462b312b0000e7e6106/original.jpg?1735894114,1480 TWD,in stock,new
676e69aac43502000d4f31c8:676e69a8fb7e63000d4a7757,FM SHOES 瑪莉珍尖頭小貓跟鞋 米(36-43),FM SHOES 瑪莉珍尖頭小貓跟鞋 米(36-43),https://www.fmshoes.com.tw/products/676e69aac43502000d4f31c8?variation=676e69a8fb7e63000d4a7757,https://img.shoplineapp.com/media/image_clips/6777a462b312b0000e7e6106/original.jpg?1735894114,1480 TWD,in stock,new
676e6a378ca735001114ee67:676e6a35f97a08000b261f12,FM SHOES 瑪莉珍尖頭小貓跟鞋 銀(36-43),FM SHOES 瑪莉珍尖頭小貓跟鞋 銀(36-43),https://www.fmshoes.com.tw/products/676e6a378ca735001114ee67?variation=676e6a35f97a08000b261f12,https://img.shoplineapp.com/media/image_clips/6777a5753b605d0011a27413/original.jpg?1735894389,1480 TWD,in stock,new
676e6a378ca735001114ee67:676e6a35f97a08000b261f13,FM SHOES 瑪莉珍尖頭小貓跟鞋 銀(36-43),FM SHOES 瑪莉珍尖頭小貓跟鞋 銀(36-43),https://www.fmshoes.com.tw/products/676e6a378ca735001114ee67?variation=676e6a35f97a08000b261f13,https://img.shoplineapp.com/media/image_clips/6777a5753b605d0011a27413/original.jpg?1735894389,1480 TWD,in stock,new
676e6a378ca735001114ee67:676e6a35f97a08000b261f14,FM SHOES 瑪莉珍尖頭小貓跟鞋 銀(36-43),FM SHOES 瑪莉珍尖頭小貓跟鞋 銀(36-43),https://www.fmshoes.com.tw/products/676e6a378ca735001114ee67?variation=676e6a35f97a08000b261f14,https://img.shoplineapp.com/media/image_clips/6777a5753b605d0011a27413/original.jpg?1735894389,1480 TWD,in stock,new
676e6a378ca735001114ee67:676e6a35f97a08000b261f15,FM SHOES 瑪莉珍尖頭小貓跟鞋 銀(36-43),FM SHOES 瑪莉珍尖頭小貓跟鞋 銀(36-43),https://www.fmshoes.com.tw/products/676e6a378ca735001114ee67?variation=676e6a35f97a08000b261f15,https://img.shoplineapp.com/media/image_clips/6777a5753b605d0011a27413/original.jpg?1735894389,1480 TWD,in stock,new
676e6a378ca735001114ee67:676e6a35f97a08000b261f17,FM SHOES 瑪莉珍尖頭小貓跟鞋 銀(36-43),FM SHOES 瑪莉珍尖頭小貓跟鞋 銀(36-43),https://www.fmshoes.com.tw/products/676e6a378ca735001114ee67?variation=676e6a35f97a08000b261f17,https://img.shoplineapp.com/media/image_clips/6777a5753b605d0011a27413/original.jpg?1735894389,1480 TWD,in stock,new
676e6a378ca735001114ee67:676e6a35f97a08000b261f18,FM SHOES 瑪莉珍尖頭小貓跟鞋 銀(36-43),FM SHOES 瑪莉珍尖頭小貓跟鞋 銀(36-43),https://www.fmshoes.com.tw/products/676e6a378ca735001114ee67?variation=676e6a35f97a08000b261f18,https://img.shoplineapp.com/media/image_clips/6777a5753b605d0011a27413/original.jpg?1735894389,1480 TWD,in stock,new
676e6ae2231bb2000b6da24b:676e6ae0d9d05e000b1b5640,FM SHOES 瑪莉珍尖頭小貓跟鞋 霧黑(36-43),FM SHOES 瑪莉珍尖頭小貓跟鞋 霧黑(36-43),https://www.fmshoes.com.tw/products/676e6ae2231bb2000b6da24b?variation=676e6ae0d9d05e000b1b5640,https://img.shoplineapp.com/media/image_clips/6777a626a34c5f000fee87b7/original.jpg?1735894566,1480 TWD,in stock,new
676e6ae2231bb2000b6da24b:676e6ae0d9d05e000b1b5641,FM SHOES 瑪莉珍尖頭小貓跟鞋 霧黑(36-43),FM SHOES 瑪莉珍尖頭小貓跟鞋 霧黑(36-43),https://www.fmshoes.com.tw/products/676e6ae2231bb2000b6da24b?variation=676e6ae0d9d05e000b1b5641,https://img.shoplineapp.com/media/image_clips/6777a626a34c5f000fee87b7/original.jpg?1735894566,1480 TWD,in stock,new
676e6ae2231bb2000b6da24b:676e6ae0d9d05e000b1b5644,FM SHOES 瑪莉珍尖頭小貓跟鞋 霧黑(36-43),FM SHOES 瑪莉珍尖頭小貓跟鞋 霧黑(36-43),https://www.fmshoes.com.tw/products/676e6ae2231bb2000b6da24b?variation=676e6ae0d9d05e000b1b5644,https://img.shoplineapp.com/media/image_clips/6777a626a34c5f000fee87b7/original.jpg?1735894566,1480 TWD,in stock,new
676e6ca5dc1ef200110afc13:676e6ca4f5e77f000807d8ae,FM SHOES 瑪莉珍尖頭小貓跟鞋 酒紅(36-43),FM SHOES 瑪莉珍尖頭小貓跟鞋 酒紅(36-43),https://www.fmshoes.com.tw/products/676e6ca5dc1ef200110afc13?variation=676e6ca4f5e77f000807d8ae,https://img.shoplineapp.com/media/image_clips/6777a6d7df0a3e00101e6879/original.jpg?1735894743,1480 TWD,in stock,new
676e6ca5dc1ef200110afc13:676e6ca4f5e77f000807d8af,FM SHOES 瑪莉珍尖頭小貓跟鞋 酒紅(36-43),FM SHOES 瑪莉珍尖頭小貓跟鞋 酒紅(36-43),https://www.fmshoes.com.tw/products/676e6ca5dc1ef200110afc13?variation=676e6ca4f5e77f000807d8af,https://img.shoplineapp.com/media/image_clips/6777a6d7df0a3e00101e6879/original.jpg?1735894743,1480 TWD,in stock,new
676e6ca5dc1ef200110afc13:676e6ca4f5e77f000807d8b0,FM SHOES 瑪莉珍尖頭小貓跟鞋 酒紅(36-43),FM SHOES 瑪莉珍尖頭小貓跟鞋 酒紅(36-43),https://www.fmshoes.com.tw/products/676e6ca5dc1ef200110afc13?variation=676e6ca4f5e77f000807d8b0,https://img.shoplineapp.com/media/image_clips/6777a6d7df0a3e00101e6879/original.jpg?1735894743,1480 TWD,in stock,new
676e6ca5dc1ef200110afc13:676e6ca4f5e77f000807d8b1,FM SHOES 瑪莉珍尖頭小貓跟鞋 酒紅(36-43),FM SHOES 瑪莉珍尖頭小貓跟鞋 酒紅(36-43),https://www.fmshoes.com.tw/products/676e6ca5dc1ef200110afc13?variation=676e6ca4f5e77f000807d8b1,https://img.shoplineapp.com/media/image_clips/6777a6d7df0a3e00101e6879/original.jpg?1735894743,1480 TWD,in stock,new
676e6e37e2a23a000c8e029a:676e6e36f25df9000cca0011,FM SHOES 素面尖頭低跟包鞋 酒紅(36-43),,https://www.fmshoes.com.tw/products/676e6e37e2a23a000c8e029a?variation=676e6e36f25df9000cca0011,https://img.shoplineapp.com/media/image_clips/67724a754cd2e8000a6a818a/original.jpg?1735543413,780 TWD,in stock,new
676e6e37e2a23a000c8e029a:676e6e36f25df9000cca0012,FM SHOES 素面尖頭低跟包鞋 酒紅(36-43),,https://www.fmshoes.com.tw/products/676e6e37e2a23a000c8e029a?variation=676e6e36f25df9000cca0012,https://img.shoplineapp.com/media/image_clips/67724a754cd2e8000a6a818a/original.jpg?1735543413,780 TWD,in stock,new
676e6e37e2a23a000c8e029a:676e6e36f25df9000cca0013,FM SHOES 素面尖頭低跟包鞋 酒紅(36-43),,https://www.fmshoes.com.tw/products/676e6e37e2a23a000c8e029a?variation=676e6e36f25df9000cca0013,https://img.shoplineapp.com/media/image_clips/67724a754cd2e8000a6a818a/original.jpg?1735543413,780 TWD,in stock,new
676e6e37e2a23a000c8e029a:676e6e36f25df9000cca0014,FM SHOES 素面尖頭低跟包鞋 酒紅(36-43),,https://www.fmshoes.com.tw/products/676e6e37e2a23a000c8e029a?variation=676e6e36f25df9000cca0014,https://img.shoplineapp.com/media/image_clips/67724a754cd2e8000a6a818a/original.jpg?1735543413,780 TWD,in stock,new
676e6e37e2a23a000c8e029a:676e6e36f25df9000cca0015,FM SHOES 素面尖頭低跟包鞋 酒紅(36-43),,https://www.fmshoes.com.tw/products/676e6e37e2a23a000c8e029a?variation=676e6e36f25df9000cca0015,https://img.shoplineapp.com/media/image_clips/67724a754cd2e8000a6a818a/original.jpg?1735543413,780 TWD,in stock,new
676e6e37e2a23a000c8e029a:676e6e36f25df9000cca0016,FM SHOES 素面尖頭低跟包鞋 酒紅(36-43),,https://www.fmshoes.com.tw/products/676e6e37e2a23a000c8e029a?variation=676e6e36f25df9000cca0016,https://img.shoplineapp.com/media/image_clips/67724a754cd2e8000a6a818a/original.jpg?1735543413,780 TWD,in stock,new
676e6e37e2a23a000c8e029a:676e6e36f25df9000cca0017,FM SHOES 素面尖頭低跟包鞋 酒紅(36-43),,https://www.fmshoes.com.tw/products/676e6e37e2a23a000c8e029a?variation=676e6e36f25df9000cca0017,https://img.shoplineapp.com/media/image_clips/67724a754cd2e8000a6a818a/original.jpg?1735543413,780 TWD,in stock,new
676e6e37e2a23a000c8e029a:676e6e36f25df9000cca0018,FM SHOES 素面尖頭低跟包鞋 酒紅(36-43),,https://www.fmshoes.com.tw/products/676e6e37e2a23a000c8e029a?variation=676e6e36f25df9000cca0018,https://img.shoplineapp.com/media/image_clips/67724a754cd2e8000a6a818a/original.jpg?1735543413,780 TWD,in stock,new
67906d344676ea000d6465d5:67906d33bb3c3f0009cb9f6d,NEUTRAL 運動風格增高小白鞋 紫粉(36-42),".embed-container { position: relative; padding-bottom: 56.25%; height: 0; overflow: hidden; max-width: 100%; } .embed-container iframe, .embed-container object, .embed-container embed { position: absolute; top: 0; left: 0; width:",https://www.fmshoes.com.tw/products/67906d344676ea000d6465d5?variation=67906d33bb3c3f0009cb9f6d,https://img.shoplineapp.com/media/image_clips/67a415191db7660011a8fa8e/original.jpg?1738806553,1880 TWD,in stock,new
67906d344676ea000d6465d5:67906d33bb3c3f0009cb9f6e,NEUTRAL 運動風格增高小白鞋 紫粉(36-42),".embed-container { position: relative; padding-bottom: 56.25%; height: 0; overflow: hidden; max-width: 100%; } .embed-container iframe, .embed-container object, .embed-container embed { position: absolute; top: 0; left: 0; width:",https://www.fmshoes.com.tw/products/67906d344676ea000d6465d5?variation=67906d33bb3c3f0009cb9f6e,https://img.shoplineapp.com/media/image_clips/67a415191db7660011a8fa8e/original.jpg?1738806553,1880 TWD,in stock,new
67906d344676ea000d6465d5:67906d33bb3c3f0009cb9f6f,NEUTRAL 運動風格增高小白鞋 紫粉(36-42),".embed-container { position: relative; padding-bottom: 56.25%; height: 0; overflow: hidden; max-width: 100%; } .embed-container iframe, .embed-container object, .embed-container embed { position: absolute; top: 0; left: 0; width:",https://www.fmshoes.com.tw/products/67906d344676ea000d6465d5?variation=67906d33bb3c3f0009cb9f6f,https://img.shoplineapp.com/media/image_clips/67a415191db7660011a8fa8e/original.jpg?1738806553,1880 TWD,in stock,new
67906d344676ea000d6465d5:67906d33bb3c3f0009cb9f70,NEUTRAL 運動風格增高小白鞋 紫粉(36-42),".embed-container { position: relative; padding-bottom: 56.25%; height: 0; overflow: hidden; max-width: 100%; } .embed-container iframe, .embed-container object, .embed-container embed { position: absolute; top: 0; left: 0; width:",https://www.fmshoes.com.tw/products/67906d344676ea000d6465d5?variation=67906d33bb3c3f0009cb9f70,https://img.shoplineapp.com/media/image_clips/67a415191db7660011a8fa8e/original.jpg?1738806553,1880 TWD,in stock,new
67906d344676ea000d6465d5:67906d33bb3c3f0009cb9f71,NEUTRAL 運動風格增高小白鞋 紫粉(36-42),".embed-container { position: relative; padding-bottom: 56.25%; height: 0; overflow: hidden; max-width: 100%; } .embed-container iframe, .embed-container object, .embed-container embed { position: absolute; top: 0; left: 0; width:",https://www.fmshoes.com.tw/products/67906d344676ea000d6465d5?variation=67906d33bb3c3f0009cb9f71,https://img.shoplineapp.com/media/image_clips/67a415191db7660011a8fa8e/original.jpg?1738806553,1880 TWD,in stock,new
67906d344676ea000d6465d5:67906d33bb3c3f0009cb9f72,NEUTRAL 運動風格增高小白鞋 紫粉(36-42),".embed-container { position: relative; padding-bottom: 56.25%; height: 0; overflow: hidden; max-width: 100%; } .embed-container iframe, .embed-container object, .embed-container embed { position: absolute; top: 0; left: 0; width:",https://www.fmshoes.com.tw/products/67906d344676ea000d6465d5?variation=67906d33bb3c3f0009cb9f72,https://img.shoplineapp.com/media/image_clips/67a415191db7660011a8fa8e/original.jpg?1738806553,1880 TWD,in stock,new
67906d344676ea000d6465d5:67906d33bb3c3f0009cb9f73,NEUTRAL 運動風格增高小白鞋 紫粉(36-42),".embed-container { position: relative; padding-bottom: 56.25%; height: 0; overflow: hidden; max-width: 100%; } .embed-container iframe, .embed-container object, .embed-container embed { position: absolute; top: 0; left: 0; width:",https://www.fmshoes.com.tw/products/67906d344676ea000d6465d5?variation=67906d33bb3c3f0009cb9f73,https://img.shoplineapp.com/media/image_clips/67a415191db7660011a8fa8e/original.jpg?1738806553,1880 TWD,in stock,new
67907cb7158e39000ce6eea6:67907cb6575eb00008e0eaca,NEUTRAL 運動風格增高小白鞋 灰藍(36-42),".embed-container { position: relative; padding-bottom: 56.25%; height: 0; overflow: hidden; max-width: 100%; } .embed-container iframe, .embed-container object, .embed-container embed { position: absolute; top: 0; left: 0; width:",https://www.fmshoes.com.tw/products/67907cb7158e39000ce6eea6?variation=67907cb6575eb00008e0eaca,https://img.shoplineapp.com/media/image_clips/67a414ef9c96570010139059/original.jpg?1738806511,1880 TWD,in stock,new
67907cb7158e39000ce6eea6:67907cb6575eb00008e0eacb,NEUTRAL 運動風格增高小白鞋 灰藍(36-42),".embed-container { position: relative; padding-bottom: 56.25%; height: 0; overflow: hidden; max-width: 100%; } .embed-container iframe, .embed-container object, .embed-container embed { position: absolute; top: 0; left: 0; width:",https://www.fmshoes.com.tw/products/67907cb7158e39000ce6eea6?variation=67907cb6575eb00008e0eacb,https://img.shoplineapp.com/media/image_clips/67a414ef9c96570010139059/original.jpg?1738806511,1880 TWD,in stock,new
679324bf7c607c000c2bae78:679324bda62b960d88be946f,NEUTRAL 防潑水免綁帶秒穿氣墊鞋 燕麥奶(36-43),,https://www.fmshoes.com.tw/products/679324bf7c607c000c2bae78?variation=679324bda62b960d88be946f,https://img.shoplineapp.com/media/image_clips/6793239d25136f000a528161/original.jpg?1737696157,1680 TWD,in stock,new
679324bf7c607c000c2bae78:679324bda62b960d88be9470,NEUTRAL 防潑水免綁帶秒穿氣墊鞋 燕麥奶(36-43),,https://www.fmshoes.com.tw/products/679324bf7c607c000c2bae78?variation=679324bda62b960d88be9470,https://img.shoplineapp.com/media/image_clips/6793239d25136f000a528161/original.jpg?1737696157,1680 TWD,in stock,new
679324bf7c607c000c2bae78:679324bda62b960d88be9471,NEUTRAL 防潑水免綁帶秒穿氣墊鞋 燕麥奶(36-43),,https://www.fmshoes.com.tw/products/679324bf7c607c000c2bae78?variation=679324bda62b960d88be9471,https://img.shoplineapp.com/media/image_clips/6793239d25136f000a528161/original.jpg?1737696157,1680 TWD,in stock,new
679324bf7c607c000c2bae78:679324bda62b960d88be9472,NEUTRAL 防潑水免綁帶秒穿氣墊鞋 燕麥奶(36-43),,https://www.fmshoes.com.tw/products/679324bf7c607c000c2bae78?variation=679324bda62b960d88be9472,https://img.shoplineapp.com/media/image_clips/6793239d25136f000a528161/original.jpg?1737696157,1680 TWD,in stock,new
679324bf7c607c000c2bae78:679324bda62b960d88be9473,NEUTRAL 防潑水免綁帶秒穿氣墊鞋 燕麥奶(36-43),,https://www.fmshoes.com.tw/products/679324bf7c607c000c2bae78?variation=679324bda62b960d88be9473,https://img.shoplineapp.com/media/image_clips/6793239d25136f000a528161/original.jpg?1737696157,1680 TWD,in stock,new
679324bf7c607c000c2bae78:679324bda62b960d88be9474,NEUTRAL 防潑水免綁帶秒穿氣墊鞋 燕麥奶(36-43),,https://www.fmshoes.com.tw/products/679324bf7c607c000c2bae78?variation=679324bda62b960d88be9474,https://img.shoplineapp.com/media/image_clips/6793239d25136f000a528161/original.jpg?1737696157,1680 TWD,in stock,new
679324bf7c607c000c2bae78:679324bda62b960d88be9475,NEUTRAL 防潑水免綁帶秒穿氣墊鞋 燕麥奶(36-43),,https://www.fmshoes.com.tw/products/679324bf7c607c000c2bae78?variation=679324bda62b960d88be9475,https://img.shoplineapp.com/media/image_clips/6793239d25136f000a528161/original.jpg?1737696157,1680 TWD,in stock,new
679324bf7c607c000c2bae78:679324bda62b960d88be9476,NEUTRAL 防潑水免綁帶秒穿氣墊鞋 燕麥奶(36-43),,https://www.fmshoes.com.tw/products/679324bf7c607c000c2bae78?variation=679324bda62b960d88be9476,https://img.shoplineapp.com/media/image_clips/6793239d25136f000a528161/original.jpg?1737696157,1680 TWD,in stock,new
67a46bcc5cdc93000e12762f:67a46bcb88f730000d1f2f32,NEUTRAL 雙帶減壓厚底休閒拖鞋 杏黃(35-41),版 型 偏大版(小一號購買)   產 地 台灣   鞋 面 超纖速乾面料   內 裏 腳床造型EVA發泡內墊   鞋 底 橡膠EVA防滑膠底   重 量 850公克 跟 型     筒 高  筒 圍  踝 圍,https://www.fmshoes.com.tw/products/67a46bcc5cdc93000e12762f?variation=67a46bcb88f730000d1f2f32,https://img.shoplineapp.com/media/image_clips/67a469bcdd65aaa0e4874485/original.jpg?1738828219,1480 TWD,in stock,new
67a46bcc5cdc93000e12762f:67a46bcb88f730000d1f2f33,NEUTRAL 雙帶減壓厚底休閒拖鞋 杏黃(35-41),版 型 偏大版(小一號購買)   產 地 台灣   鞋 面 超纖速乾面料   內 裏 腳床造型EVA發泡內墊   鞋 底 橡膠EVA防滑膠底   重 量 850公克 跟 型     筒 高  筒 圍  踝 圍,https://www.fmshoes.com.tw/products/67a46bcc5cdc93000e12762f?variation=67a46bcb88f730000d1f2f33,https://img.shoplineapp.com/media/image_clips/67a469bcdd65aaa0e4874485/original.jpg?1738828219,1480 TWD,in stock,new
67a46bcc5cdc93000e12762f:67a46bcb88f730000d1f2f34,NEUTRAL 雙帶減壓厚底休閒拖鞋 杏黃(35-41),版 型 偏大版(小一號購買)   產 地 台灣   鞋 面 超纖速乾面料   內 裏 腳床造型EVA發泡內墊   鞋 底 橡膠EVA防滑膠底   重 量 850公克 跟 型     筒 高  筒 圍  踝 圍,https://www.fmshoes.com.tw/products/67a46bcc5cdc93000e12762f?variation=67a46bcb88f730000d1f2f34,https://img.shoplineapp.com/media/image_clips/67a469bcdd65aaa0e4874485/original.jpg?1738828219,1480 TWD,in stock,new
67a46bcc5cdc93000e12762f:67a46bcb88f730000d1f2f35,NEUTRAL 雙帶減壓厚底休閒拖鞋 杏黃(35-41),版 型 偏大版(小一號購買)   產 地 台灣   鞋 面 超纖速乾面料   內 裏 腳床造型EVA發泡內墊   鞋 底 橡膠EVA防滑膠底   重 量 850公克 跟 型     筒 高  筒 圍  踝 圍,https://www.fmshoes.com.tw/products/67a46bcc5cdc93000e12762f?variation=67a46bcb88f730000d1f2f35,https://img.shoplineapp.com/media/image_clips/67a469bcdd65aaa0e4874485/original.jpg?1738828219,1480 TWD,in stock,new
67a46bcc5cdc93000e12762f:67a46bcb88f730000d1f2f36,NEUTRAL 雙帶減壓厚底休閒拖鞋 杏黃(35-41),版 型 偏大版(小一號購買)   產 地 台灣   鞋 面 超纖速乾面料   內 裏 腳床造型EVA發泡內墊   鞋 底 橡膠EVA防滑膠底   重 量 850公克 跟 型     筒 高  筒 圍  踝 圍,https://www.fmshoes.com.tw/products/67a46bcc5cdc93000e12762f?variation=67a46bcb88f730000d1f2f36,https://img.shoplineapp.com/media/image_clips/67a469bcdd65aaa0e4874485/original.jpg?1738828219,1480 TWD,in stock,new
67a46bcc5cdc93000e12762f:67a46bcb88f730000d1f2f37,NEUTRAL 雙帶減壓厚底休閒拖鞋 杏黃(35-41),版 型 偏大版(小一號購買)   產 地 台灣   鞋 面 超纖速乾面料   內 裏 腳床造型EVA發泡內墊   鞋 底 橡膠EVA防滑膠底   重 量 850公克 跟 型     筒 高  筒 圍  踝 圍,https://www.fmshoes.com.tw/products/67a46bcc5cdc93000e12762f?variation=67a46bcb88f730000d1f2f37,https://img.shoplineapp.com/media/image_clips/67a469bcdd65aaa0e4874485/original.jpg?1738828219,1480 TWD,in stock,new
67a46bcc5cdc93000e12762f:67a46bcb88f730000d1f2f38,NEUTRAL 雙帶減壓厚底休閒拖鞋 杏黃(35-41),版 型 偏大版(小一號購買)   產 地 台灣   鞋 面 超纖速乾面料   內 裏 腳床造型EVA發泡內墊   鞋 底 橡膠EVA防滑膠底   重 量 850公克 跟 型     筒 高  筒 圍  踝 圍,https://www.fmshoes.com.tw/products/67a46bcc5cdc93000e12762f?variation=67a46bcb88f730000d1f2f38,https://img.shoplineapp.com/media/image_clips/67a469bcdd65aaa0e4874485/original.jpg?1738828219,1480 TWD,in stock,new
67a46f163c4ad2000aca703f:67a46f1428dbe9000de5147b,NEUTRAL 雙帶防潑減壓休閒涼鞋 摩卡慕斯(35-41),,https://www.fmshoes.com.tw/products/67a46f163c4ad2000aca703f?variation=67a46f1428dbe9000de5147b,https://img.shoplineapp.com/media/image_clips/67a46d422cca58000e4af2a6/original.jpg?1738829122,1680 TWD,in stock,new
67a46f163c4ad2000aca703f:67a46f1428dbe9000de5147c,NEUTRAL 雙帶防潑減壓休閒涼鞋 摩卡慕斯(35-41),,https://www.fmshoes.com.tw/products/67a46f163c4ad2000aca703f?variation=67a46f1428dbe9000de5147c,https://img.shoplineapp.com/media/image_clips/67a46d422cca58000e4af2a6/original.jpg?1738829122,1680 TWD,in stock,new
67a46f163c4ad2000aca703f:67a46f1428dbe9000de5147d,NEUTRAL 雙帶防潑減壓休閒涼鞋 摩卡慕斯(35-41),,https://www.fmshoes.com.tw/products/67a46f163c4ad2000aca703f?variation=67a46f1428dbe9000de5147d,https://img.shoplineapp.com/media/image_clips/67a46d422cca58000e4af2a6/original.jpg?1738829122,1680 TWD,in stock,new
67a46f163c4ad2000aca703f:67a46f1428dbe9000de5147e,NEUTRAL 雙帶防潑減壓休閒涼鞋 摩卡慕斯(35-41),,https://www.fmshoes.com.tw/products/67a46f163c4ad2000aca703f?variation=67a46f1428dbe9000de5147e,https://img.shoplineapp.com/media/image_clips/67a46d422cca58000e4af2a6/original.jpg?1738829122,1680 TWD,in stock,new
67a46f163c4ad2000aca703f:67a46f1428dbe9000de5147f,NEUTRAL 雙帶防潑減壓休閒涼鞋 摩卡慕斯(35-41),,https://www.fmshoes.com.tw/products/67a46f163c4ad2000aca703f?variation=67a46f1428dbe9000de5147f,https://img.shoplineapp.com/media/image_clips/67a46d422cca58000e4af2a6/original.jpg?1738829122,1680 TWD,in stock,new
67a46f163c4ad2000aca703f:67a46f1428dbe9000de51480,NEUTRAL 雙帶防潑減壓休閒涼鞋 摩卡慕斯(35-41),,https://www.fmshoes.com.tw/products/67a46f163c4ad2000aca703f?variation=67a46f1428dbe9000de51480,https://img.shoplineapp.com/media/image_clips/67a46d422cca58000e4af2a6/original.jpg?1738829122,1680 TWD,in stock,new
67a46f163c4ad2000aca703f:67a46f1428dbe9000de51481,NEUTRAL 雙帶防潑減壓休閒涼鞋 摩卡慕斯(35-41),,https://www.fmshoes.com.tw/products/67a46f163c4ad2000aca703f?variation=67a46f1428dbe9000de51481,https://img.shoplineapp.com/media/image_clips/67a46d422cca58000e4af2a6/original.jpg?1738829122,1680 TWD,in stock,new
67b59dd450b841000def7b39:67b59dd2214056000abbb72c,FM SHOES 微亮皮小貓後空跟鞋 綠(36-42),FM SHOES 微亮皮小貓後空跟鞋 綠(36-42),https://www.fmshoes.com.tw/products/67b59dd450b841000def7b39?variation=67b59dd2214056000abbb72c,https://img.shoplineapp.com/media/image_clips/67bd2539ec2a54000bef028c/original.jpg?1740449080,1480 TWD,in stock,new
67b59dd450b841000def7b39:67b59dd2214056000abbb72d,FM SHOES 微亮皮小貓後空跟鞋 綠(36-42),FM SHOES 微亮皮小貓後空跟鞋 綠(36-42),https://www.fmshoes.com.tw/products/67b59dd450b841000def7b39?variation=67b59dd2214056000abbb72d,https://img.shoplineapp.com/media/image_clips/67bd2539ec2a54000bef028c/original.jpg?1740449080,1480 TWD,in stock,new
67b59dd450b841000def7b39:67b59dd2214056000abbb72e,FM SHOES 微亮皮小貓後空跟鞋 綠(36-42),FM SHOES 微亮皮小貓後空跟鞋 綠(36-42),https://www.fmshoes.com.tw/products/67b59dd450b841000def7b39?variation=67b59dd2214056000abbb72e,https://img.shoplineapp.com/media/image_clips/67bd2539ec2a54000bef028c/original.jpg?1740449080,1480 TWD,in stock,new
67b59dd450b841000def7b39:67b59dd2214056000abbb72f,FM SHOES 微亮皮小貓後空跟鞋 綠(36-42),FM SHOES 微亮皮小貓後空跟鞋 綠(36-42),https://www.fmshoes.com.tw/products/67b59dd450b841000def7b39?variation=67b59dd2214056000abbb72f,https://img.shoplineapp.com/media/image_clips/67bd2539ec2a54000bef028c/original.jpg?1740449080,1480 TWD,in stock,new
67b59dd450b841000def7b39:67b59dd2214056000abbb731,FM SHOES 微亮皮小貓後空跟鞋 綠(36-42),FM SHOES 微亮皮小貓後空跟鞋 綠(36-42),https://www.fmshoes.com.tw/products/67b59dd450b841000def7b39?variation=67b59dd2214056000abbb731,https://img.shoplineapp.com/media/image_clips/67bd2539ec2a54000bef028c/original.jpg?1740449080,1480 TWD,in stock,new
67b59eac001bbe000bf93f1d:67b59eaaa38c8700084ddd86,FM SHOES 微亮皮小貓後空跟鞋 粉(36-42),FM SHOES 微亮皮小貓後空跟鞋 粉(36-42),https://www.fmshoes.com.tw/products/67b59eac001bbe000bf93f1d?variation=67b59eaaa38c8700084ddd86,https://img.shoplineapp.com/media/image_clips/67bd26fadebd70000a02453e/original.jpg?1740449530,1480 TWD,in stock,new
67b59eac001bbe000bf93f1d:67b59eaaa38c8700084ddd87,FM SHOES 微亮皮小貓後空跟鞋 粉(36-42),FM SHOES 微亮皮小貓後空跟鞋 粉(36-42),https://www.fmshoes.com.tw/products/67b59eac001bbe000bf93f1d?variation=67b59eaaa38c8700084ddd87,https://img.shoplineapp.com/media/image_clips/67bd26fadebd70000a02453e/original.jpg?1740449530,1480 TWD,in stock,new
67b59eac001bbe000bf93f1d:67b59eaaa38c8700084ddd88,FM SHOES 微亮皮小貓後空跟鞋 粉(36-42),FM SHOES 微亮皮小貓後空跟鞋 粉(36-42),https://www.fmshoes.com.tw/products/67b59eac001bbe000bf93f1d?variation=67b59eaaa38c8700084ddd88,https://img.shoplineapp.com/media/image_clips/67bd26fadebd70000a02453e/original.jpg?1740449530,1480 TWD,in stock,new
67b59eac001bbe000bf93f1d:67b59eaaa38c8700084ddd89,FM SHOES 微亮皮小貓後空跟鞋 粉(36-42),FM SHOES 微亮皮小貓後空跟鞋 粉(36-42),https://www.fmshoes.com.tw/products/67b59eac001bbe000bf93f1d?variation=67b59eaaa38c8700084ddd89,https://img.shoplineapp.com/media/image_clips/67bd26fadebd70000a02453e/original.jpg?1740449530,1480 TWD,in stock,new
67b59eac001bbe000bf93f1d:67b59eaaa38c8700084ddd8a,FM SHOES 微亮皮小貓後空跟鞋 粉(36-42),FM SHOES 微亮皮小貓後空跟鞋 粉(36-42),https://www.fmshoes.com.tw/products/67b59eac001bbe000bf93f1d?variation=67b59eaaa38c8700084ddd8a,https://img.shoplineapp.com/media/image_clips/67bd26fadebd70000a02453e/original.jpg?1740449530,1480 TWD,in stock,new
67b59eac001bbe000bf93f1d:67b59eaaa38c8700084ddd8b,FM SHOES 微亮皮小貓後空跟鞋 粉(36-42),FM SHOES 微亮皮小貓後空跟鞋 粉(36-42),https://www.fmshoes.com.tw/products/67b59eac001bbe000bf93f1d?variation=67b59eaaa38c8700084ddd8b,https://img.shoplineapp.com/media/image_clips/67bd26fadebd70000a02453e/original.jpg?1740449530,1480 TWD,in stock,new
67bfba8b44d6be000d589255:67bfba8a2215bb000b6c3a24,FM SHOES 復古軟皮革後踩樂福鞋 黑(36-42),".embed-container { position: relative; padding-bottom: 56.25%; height: 0; overflow: hidden; max-width: 100%; } .embed-container iframe, .embed-container object, .embed-container embed { position: absolute; top: 0; left: 0; width:",https://www.fmshoes.com.tw/products/67bfba8b44d6be000d589255?variation=67bfba8a2215bb000b6c3a24,https://img.shoplineapp.com/media/image_clips/67bfb8754f0461000b01d3ef/original.jpg?1740617845,1280 TWD,in stock,new
67bfba8b44d6be000d589255:67bfba8a2215bb000b6c3a26,FM SHOES 復古軟皮革後踩樂福鞋 黑(36-42),".embed-container { position: relative; padding-bottom: 56.25%; height: 0; overflow: hidden; max-width: 100%; } .embed-container iframe, .embed-container object, .embed-container embed { position: absolute; top: 0; left: 0; width:",https://www.fmshoes.com.tw/products/67bfba8b44d6be000d589255?variation=67bfba8a2215bb000b6c3a26,https://img.shoplineapp.com/media/image_clips/67bfb8754f0461000b01d3ef/original.jpg?1740617845,1280 TWD,in stock,new
67bfbbae33661c000d0116b0:67bfbbaca0f32e00098062b8,FM SHOES 復古軟皮革後踩樂福鞋 奶茶(36-42),".embed-container { position: relative; padding-bottom: 56.25%; height: 0; overflow: hidden; max-width: 100%; } .embed-container iframe, .embed-container object, .embed-container embed { position: absolute; top: 0; left: 0; width:",https://www.fmshoes.com.tw/products/67bfbbae33661c000d0116b0?variation=67bfbbaca0f32e00098062b8,https://img.shoplineapp.com/media/image_clips/67bfbb0133661c0011011682/original.jpg?1740618497,1280 TWD,in stock,new
67bfbbae33661c000d0116b0:67bfbbaca0f32e00098062b9,FM SHOES 復古軟皮革後踩樂福鞋 奶茶(36-42),".embed-container { position: relative; padding-bottom: 56.25%; height: 0; overflow: hidden; max-width: 100%; } .embed-container iframe, .embed-container object, .embed-container embed { position: absolute; top: 0; left: 0; width:",https://www.fmshoes.com.tw/products/67bfbbae33661c000d0116b0?variation=67bfbbaca0f32e00098062b9,https://img.shoplineapp.com/media/image_clips/67bfbb0133661c0011011682/original.jpg?1740618497,1280 TWD,in stock,new
67bfbc72d766c9000b684915:67bfbc703f8d80000b267884,FM SHOES 復古軟皮革後踩樂福鞋 米(36-42),".embed-container { position: relative; padding-bottom: 56.25%; height: 0; overflow: hidden; max-width: 100%; } .embed-container iframe, .embed-container object, .embed-container embed { position: absolute; top: 0; left: 0; width:",https://www.fmshoes.com.tw/products/67bfbc72d766c9000b684915?variation=67bfbc703f8d80000b267884,https://img.shoplineapp.com/media/image_clips/6957349f4a58e643365fd369/original.jpg?1767322783=&owner_id=627e1d404e691000311b0a4f,1280 TWD,in stock,new
67bfbc72d766c9000b684915:67bfbc703f8d80000b267886,FM SHOES 復古軟皮革後踩樂福鞋 米(36-42),".embed-container { position: relative; padding-bottom: 56.25%; height: 0; overflow: hidden; max-width: 100%; } .embed-container iframe, .embed-container object, .embed-container embed { position: absolute; top: 0; left: 0; width:",https://www.fmshoes.com.tw/products/67bfbc72d766c9000b684915?variation=67bfbc703f8d80000b267886,https://img.shoplineapp.com/media/image_clips/6957349f4a58e643365fd369/original.jpg?1767322783=&owner_id=627e1d404e691000311b0a4f,1280 TWD,in stock,new
67bfbd992bbb3a000c1d4cff:67bfbd97dee8a40008c4e169,FM SHOES 經典扣環後踩樂福鞋 黑(36-42),".embed-container { position: relative; padding-bottom: 56.25%; height: 0; overflow: hidden; max-width: 100%; } .embed-container iframe, .embed-container object, .embed-container embed { position: absolute; top: 0; left: 0; width:",https://www.fmshoes.com.tw/products/67bfbd992bbb3a000c1d4cff?variation=67bfbd97dee8a40008c4e169,https://img.shoplineapp.com/media/image_clips/67bfd3ab54e77a000f0e7790/original.jpg?1740624810,1280 TWD,in stock,new
67e4c090587640000e82c500:67e4c08f1e7693000e5f6849,NEUTRAL 超輕量足部減壓機能鞋 白(36-41),".embed-container { position: relative; padding-bottom: 56.25%; height: 0; overflow: hidden; max-width: 100%; } .embed-container iframe, .embed-container object, .embed-container embed { position: absolute; top: 0; left: 0; width:",https://www.fmshoes.com.tw/products/67e4c090587640000e82c500?variation=67e4c08f1e7693000e5f6849,https://img.shoplineapp.com/media/image_clips/67ff158773438200118e7e3e/original.jpg?1744770439,1880 TWD,in stock,new
67e4c090587640000e82c500:67e4c08f1e7693000e5f684a,NEUTRAL 超輕量足部減壓機能鞋 白(36-41),".embed-container { position: relative; padding-bottom: 56.25%; height: 0; overflow: hidden; max-width: 100%; } .embed-container iframe, .embed-container object, .embed-container embed { position: absolute; top: 0; left: 0; width:",https://www.fmshoes.com.tw/products/67e4c090587640000e82c500?variation=67e4c08f1e7693000e5f684a,https://img.shoplineapp.com/media/image_clips/67ff158773438200118e7e3e/original.jpg?1744770439,1880 TWD,in stock,new
67e4c090587640000e82c500:67e4c08f1e7693000e5f684b,NEUTRAL 超輕量足部減壓機能鞋 白(36-41),".embed-container { position: relative; padding-bottom: 56.25%; height: 0; overflow: hidden; max-width: 100%; } .embed-container iframe, .embed-container object, .embed-container embed { position: absolute; top: 0; left: 0; width:",https://www.fmshoes.com.tw/products/67e4c090587640000e82c500?variation=67e4c08f1e7693000e5f684b,https://img.shoplineapp.com/media/image_clips/67ff158773438200118e7e3e/original.jpg?1744770439,1880 TWD,in stock,new
67e4c090587640000e82c500:67e4c08f1e7693000e5f684c,NEUTRAL 超輕量足部減壓機能鞋 白(36-41),".embed-container { position: relative; padding-bottom: 56.25%; height: 0; overflow: hidden; max-width: 100%; } .embed-container iframe, .embed-container object, .embed-container embed { position: absolute; top: 0; left: 0; width:",https://www.fmshoes.com.tw/products/67e4c090587640000e82c500?variation=67e4c08f1e7693000e5f684c,https://img.shoplineapp.com/media/image_clips/67ff158773438200118e7e3e/original.jpg?1744770439,1880 TWD,in stock,new
67e4c090587640000e82c500:67e4c08f1e7693000e5f684d,NEUTRAL 超輕量足部減壓機能鞋 白(36-41),".embed-container { position: relative; padding-bottom: 56.25%; height: 0; overflow: hidden; max-width: 100%; } .embed-container iframe, .embed-container object, .embed-container embed { position: absolute; top: 0; left: 0; width:",https://www.fmshoes.com.tw/products/67e4c090587640000e82c500?variation=67e4c08f1e7693000e5f684d,https://img.shoplineapp.com/media/image_clips/67ff158773438200118e7e3e/original.jpg?1744770439,1880 TWD,in stock,new
67e4c1e994c329000f664cb0:67e4c1e7e95336000bb2d00c,NEUTRAL 超輕量足部減壓機能鞋 淺灰(36-41),".embed-container { position: relative; padding-bottom: 56.25%; height: 0; overflow: hidden; max-width: 100%; } .embed-container iframe, .embed-container object, .embed-container embed { position: absolute; top: 0; left: 0; width:",https://www.fmshoes.com.tw/products/67e4c1e994c329000f664cb0?variation=67e4c1e7e95336000bb2d00c,https://img.shoplineapp.com/media/image_clips/67e4c0daa82b58000dec89ee/original.jpg?1743044826,1880 TWD,in stock,new
67e4c1e994c329000f664cb0:67e4c1e7e95336000bb2d00e,NEUTRAL 超輕量足部減壓機能鞋 淺灰(36-41),".embed-container { position: relative; padding-bottom: 56.25%; height: 0; overflow: hidden; max-width: 100%; } .embed-container iframe, .embed-container object, .embed-container embed { position: absolute; top: 0; left: 0; width:",https://www.fmshoes.com.tw/products/67e4c1e994c329000f664cb0?variation=67e4c1e7e95336000bb2d00e,https://img.shoplineapp.com/media/image_clips/67e4c0daa82b58000dec89ee/original.jpg?1743044826,1880 TWD,in stock,new
67e4c1e994c329000f664cb0:67e4c1e7e95336000bb2d010,NEUTRAL 超輕量足部減壓機能鞋 淺灰(36-41),".embed-container { position: relative; padding-bottom: 56.25%; height: 0; overflow: hidden; max-width: 100%; } .embed-container iframe, .embed-container object, .embed-container embed { position: absolute; top: 0; left: 0; width:",https://www.fmshoes.com.tw/products/67e4c1e994c329000f664cb0?variation=67e4c1e7e95336000bb2d010,https://img.shoplineapp.com/media/image_clips/67e4c0daa82b58000dec89ee/original.jpg?1743044826,1880 TWD,in stock,new
67e4c592ae3203000ea05177:67e4c591e95336000db2d01c,NEUTRAL 超輕量足部減壓機能鞋 杏黃(36-41),".embed-container { position: relative; padding-bottom: 56.25%; height: 0; overflow: hidden; max-width: 100%; } .embed-container iframe, .embed-container object, .embed-container embed { position: absolute; top: 0; left: 0; width:",https://www.fmshoes.com.tw/products/67e4c592ae3203000ea05177?variation=67e4c591e95336000db2d01c,https://img.shoplineapp.com/media/image_clips/67e4c444498f390011f37c22/original.jpg?1743045699,1880 TWD,in stock,new
67e4c592ae3203000ea05177:67e4c591e95336000db2d01d,NEUTRAL 超輕量足部減壓機能鞋 杏黃(36-41),".embed-container { position: relative; padding-bottom: 56.25%; height: 0; overflow: hidden; max-width: 100%; } .embed-container iframe, .embed-container object, .embed-container embed { position: absolute; top: 0; left: 0; width:",https://www.fmshoes.com.tw/products/67e4c592ae3203000ea05177?variation=67e4c591e95336000db2d01d,https://img.shoplineapp.com/media/image_clips/67e4c444498f390011f37c22/original.jpg?1743045699,1880 TWD,in stock,new
67e4c592ae3203000ea05177:67e4c591e95336000db2d01e,NEUTRAL 超輕量足部減壓機能鞋 杏黃(36-41),".embed-container { position: relative; padding-bottom: 56.25%; height: 0; overflow: hidden; max-width: 100%; } .embed-container iframe, .embed-container object, .embed-container embed { position: absolute; top: 0; left: 0; width:",https://www.fmshoes.com.tw/products/67e4c592ae3203000ea05177?variation=67e4c591e95336000db2d01e,https://img.shoplineapp.com/media/image_clips/67e4c444498f390011f37c22/original.jpg?1743045699,1880 TWD,in stock,new
67e4c592ae3203000ea05177:67e4c591e95336000db2d01f,NEUTRAL 超輕量足部減壓機能鞋 杏黃(36-41),".embed-container { position: relative; padding-bottom: 56.25%; height: 0; overflow: hidden; max-width: 100%; } .embed-container iframe, .embed-container object, .embed-container embed { position: absolute; top: 0; left: 0; width:",https://www.fmshoes.com.tw/products/67e4c592ae3203000ea05177?variation=67e4c591e95336000db2d01f,https://img.shoplineapp.com/media/image_clips/67e4c444498f390011f37c22/original.jpg?1743045699,1880 TWD,in stock,new
67e4c592ae3203000ea05177:67e4c591e95336000db2d021,NEUTRAL 超輕量足部減壓機能鞋 杏黃(36-41),".embed-container { position: relative; padding-bottom: 56.25%; height: 0; overflow: hidden; max-width: 100%; } .embed-container iframe, .embed-container object, .embed-container embed { position: absolute; top: 0; left: 0; width:",https://www.fmshoes.com.tw/products/67e4c592ae3203000ea05177?variation=67e4c591e95336000db2d021,https://img.shoplineapp.com/media/image_clips/67e4c444498f390011f37c22/original.jpg?1743045699,1880 TWD,in stock,new
67e4c82ba753b4001015e46e:67e4c82ae95336000fb2d034,NEUTRAL 超輕量足部減壓機能鞋 粉紫(36-41),".embed-container { position: relative; padding-bottom: 56.25%; height: 0; overflow: hidden; max-width: 100%; } .embed-container iframe, .embed-container object, .embed-container embed { position: absolute; top: 0; left: 0; width:",https://www.fmshoes.com.tw/products/67e4c82ba753b4001015e46e?variation=67e4c82ae95336000fb2d034,https://img.shoplineapp.com/media/image_clips/67e4c72083f1a6000c82ac63/original.jpg?1743046432,1880 TWD,in stock,new
67e4c82ba753b4001015e46e:67e4c82ae95336000fb2d035,NEUTRAL 超輕量足部減壓機能鞋 粉紫(36-41),".embed-container { position: relative; padding-bottom: 56.25%; height: 0; overflow: hidden; max-width: 100%; } .embed-container iframe, .embed-container object, .embed-container embed { position: absolute; top: 0; left: 0; width:",https://www.fmshoes.com.tw/products/67e4c82ba753b4001015e46e?variation=67e4c82ae95336000fb2d035,https://img.shoplineapp.com/media/image_clips/67e4c72083f1a6000c82ac63/original.jpg?1743046432,1880 TWD,in stock,new
67e4c82ba753b4001015e46e:67e4c82ae95336000fb2d036,NEUTRAL 超輕量足部減壓機能鞋 粉紫(36-41),".embed-container { position: relative; padding-bottom: 56.25%; height: 0; overflow: hidden; max-width: 100%; } .embed-container iframe, .embed-container object, .embed-container embed { position: absolute; top: 0; left: 0; width:",https://www.fmshoes.com.tw/products/67e4c82ba753b4001015e46e?variation=67e4c82ae95336000fb2d036,https://img.shoplineapp.com/media/image_clips/67e4c72083f1a6000c82ac63/original.jpg?1743046432,1880 TWD,in stock,new
67e4c82ba753b4001015e46e:67e4c82ae95336000fb2d037,NEUTRAL 超輕量足部減壓機能鞋 粉紫(36-41),".embed-container { position: relative; padding-bottom: 56.25%; height: 0; overflow: hidden; max-width: 100%; } .embed-container iframe, .embed-container object, .embed-container embed { position: absolute; top: 0; left: 0; width:",https://www.fmshoes.com.tw/products/67e4c82ba753b4001015e46e?variation=67e4c82ae95336000fb2d037,https://img.shoplineapp.com/media/image_clips/67e4c72083f1a6000c82ac63/original.jpg?1743046432,1880 TWD,in stock,new
67e4c82ba753b4001015e46e:67e4c82ae95336000fb2d039,NEUTRAL 超輕量足部減壓機能鞋 粉紫(36-41),".embed-container { position: relative; padding-bottom: 56.25%; height: 0; overflow: hidden; max-width: 100%; } .embed-container iframe, .embed-container object, .embed-container embed { position: absolute; top: 0; left: 0; width:",https://www.fmshoes.com.tw/products/67e4c82ba753b4001015e46e?variation=67e4c82ae95336000fb2d039,https://img.shoplineapp.com/media/image_clips/67e4c72083f1a6000c82ac63/original.jpg?1743046432,1880 TWD,in stock,new
67e4c8ed14d240000f7c843b:67e4c8eb659f16000e7af3ee,NEUTRAL 超輕量足部減壓機能鞋 深灰(36-41),".embed-container { position: relative; padding-bottom: 56.25%; height: 0; overflow: hidden; max-width: 100%; } .embed-container iframe, .embed-container object, .embed-container embed { position: absolute; top: 0; left: 0; width:",https://www.fmshoes.com.tw/products/67e4c8ed14d240000f7c843b?variation=67e4c8eb659f16000e7af3ee,https://img.shoplineapp.com/media/image_clips/67e4c8666d5a81000da1a7aa/original.jpg?1743046758,1880 TWD,in stock,new
67e4c8ed14d240000f7c843b:67e4c8eb659f16000e7af3ef,NEUTRAL 超輕量足部減壓機能鞋 深灰(36-41),".embed-container { position: relative; padding-bottom: 56.25%; height: 0; overflow: hidden; max-width: 100%; } .embed-container iframe, .embed-container object, .embed-container embed { position: absolute; top: 0; left: 0; width:",https://www.fmshoes.com.tw/products/67e4c8ed14d240000f7c843b?variation=67e4c8eb659f16000e7af3ef,https://img.shoplineapp.com/media/image_clips/67e4c8666d5a81000da1a7aa/original.jpg?1743046758,1880 TWD,in stock,new
67e4c8ed14d240000f7c843b:67e4c8eb659f16000e7af3f1,NEUTRAL 超輕量足部減壓機能鞋 深灰(36-41),".embed-container { position: relative; padding-bottom: 56.25%; height: 0; overflow: hidden; max-width: 100%; } .embed-container iframe, .embed-container object, .embed-container embed { position: absolute; top: 0; left: 0; width:",https://www.fmshoes.com.tw/products/67e4c8ed14d240000f7c843b?variation=67e4c8eb659f16000e7af3f1,https://img.shoplineapp.com/media/image_clips/67e4c8666d5a81000da1a7aa/original.jpg?1743046758,1880 TWD,in stock,new
67e4c9df601825000c018a1f:67e4c9deaf9be5000afa1a1a,NEUTRAL 超輕量足部減壓機能鞋 杏黃灰(36-41),".embed-container { position: relative; padding-bottom: 56.25%; height: 0; overflow: hidden; max-width: 100%; } .embed-container iframe, .embed-container object, .embed-container embed { position: absolute; top: 0; left: 0; width:",https://www.fmshoes.com.tw/products/67e4c9df601825000c018a1f?variation=67e4c9deaf9be5000afa1a1a,https://img.shoplineapp.com/media/image_clips/67e4c95578a1f6000ea7be68/original.jpg?1743046996,1880 TWD,in stock,new
67e4c9df601825000c018a1f:67e4c9deaf9be5000afa1a1b,NEUTRAL 超輕量足部減壓機能鞋 杏黃灰(36-41),".embed-container { position: relative; padding-bottom: 56.25%; height: 0; overflow: hidden; max-width: 100%; } .embed-container iframe, .embed-container object, .embed-container embed { position: absolute; top: 0; left: 0; width:",https://www.fmshoes.com.tw/products/67e4c9df601825000c018a1f?variation=67e4c9deaf9be5000afa1a1b,https://img.shoplineapp.com/media/image_clips/67e4c95578a1f6000ea7be68/original.jpg?1743046996,1880 TWD,in stock,new
67ea5e15e60801000f1d1a5e:67ea5e1346d4e4000a7cedce,FM SHOES MIT雙釦厚底休閒拖鞋 白(36-41),版 型 標準版(照原本尺寸購買)   產 地 台灣   鞋 面 EVA材質   內 裏 EVA腳床造型中底   鞋 底 EVA防滑大底   重 量 390公克 跟 型     筒 高  筒 圍  踝 圍,https://www.fmshoes.com.tw/products/67ea5e15e60801000f1d1a5e?variation=67ea5e1346d4e4000a7cedce,https://img.shoplineapp.com/media/image_clips/67f724254ae24f000c608cef/original.jpg?1744249893,399 TWD,in stock,new
67ea5e15e60801000f1d1a5e:67ea5e1346d4e4000a7cedcf,FM SHOES MIT雙釦厚底休閒拖鞋 白(36-41),版 型 標準版(照原本尺寸購買)   產 地 台灣   鞋 面 EVA材質   內 裏 EVA腳床造型中底   鞋 底 EVA防滑大底   重 量 390公克 跟 型     筒 高  筒 圍  踝 圍,https://www.fmshoes.com.tw/products/67ea5e15e60801000f1d1a5e?variation=67ea5e1346d4e4000a7cedcf,https://img.shoplineapp.com/media/image_clips/67f724254ae24f000c608cef/original.jpg?1744249893,399 TWD,in stock,new
67ea5e15e60801000f1d1a5e:67ea5e1346d4e4000a7cedd0,FM SHOES MIT雙釦厚底休閒拖鞋 白(36-41),版 型 標準版(照原本尺寸購買)   產 地 台灣   鞋 面 EVA材質   內 裏 EVA腳床造型中底   鞋 底 EVA防滑大底   重 量 390公克 跟 型     筒 高  筒 圍  踝 圍,https://www.fmshoes.com.tw/products/67ea5e15e60801000f1d1a5e?variation=67ea5e1346d4e4000a7cedd0,https://img.shoplineapp.com/media/image_clips/67f724254ae24f000c608cef/original.jpg?1744249893,399 TWD,in stock,new
67ea5e15e60801000f1d1a5e:67ea5e1346d4e4000a7cedd1,FM SHOES MIT雙釦厚底休閒拖鞋 白(36-41),版 型 標準版(照原本尺寸購買)   產 地 台灣   鞋 面 EVA材質   內 裏 EVA腳床造型中底   鞋 底 EVA防滑大底   重 量 390公克 跟 型     筒 高  筒 圍  踝 圍,https://www.fmshoes.com.tw/products/67ea5e15e60801000f1d1a5e?variation=67ea5e1346d4e4000a7cedd1,https://img.shoplineapp.com/media/image_clips/67f724254ae24f000c608cef/original.jpg?1744249893,399 TWD,in stock,new
67ea5e15e60801000f1d1a5e:67ea5e1346d4e4000a7cedd2,FM SHOES MIT雙釦厚底休閒拖鞋 白(36-41),版 型 標準版(照原本尺寸購買)   產 地 台灣   鞋 面 EVA材質   內 裏 EVA腳床造型中底   鞋 底 EVA防滑大底   重 量 390公克 跟 型     筒 高  筒 圍  踝 圍,https://www.fmshoes.com.tw/products/67ea5e15e60801000f1d1a5e?variation=67ea5e1346d4e4000a7cedd2,https://img.shoplineapp.com/media/image_clips/67f724254ae24f000c608cef/original.jpg?1744249893,399 TWD,in stock,new
67ea5e15e60801000f1d1a5e:67ea5e1346d4e4000a7cedd3,FM SHOES MIT雙釦厚底休閒拖鞋 白(36-41),版 型 標準版(照原本尺寸購買)   產 地 台灣   鞋 面 EVA材質   內 裏 EVA腳床造型中底   鞋 底 EVA防滑大底   重 量 390公克 跟 型     筒 高  筒 圍  踝 圍,https://www.fmshoes.com.tw/products/67ea5e15e60801000f1d1a5e?variation=67ea5e1346d4e4000a7cedd3,https://img.shoplineapp.com/media/image_clips/67f724254ae24f000c608cef/original.jpg?1744249893,399 TWD,in stock,new
67f87ae2a1f59c000dcb42f9:6810292e37b672000e09ac47,NEUTRAL 全地形機能風瑪莉珍鞋 卡其(36-42),".embed-container { position: relative; padding-bottom: 56.25%; height: 0; overflow: hidden; max-width: 100%; } .embed-container iframe, .embed-container object, .embed-container embed { position: absolute; top: 0; left: 0; width:",https://www.fmshoes.com.tw/products/67f87ae2a1f59c000dcb42f9?variation=6810292e37b672000e09ac47,https://img.shoplineapp.com/media/image_clips/67f8750299739c000a0dfcc5/original.jpg?1744336129,2080 TWD,in stock,new
67f87ae2a1f59c000dcb42f9:6810292e37b672000e09ac48,NEUTRAL 全地形機能風瑪莉珍鞋 卡其(36-42),".embed-container { position: relative; padding-bottom: 56.25%; height: 0; overflow: hidden; max-width: 100%; } .embed-container iframe, .embed-container object, .embed-container embed { position: absolute; top: 0; left: 0; width:",https://www.fmshoes.com.tw/products/67f87ae2a1f59c000dcb42f9?variation=6810292e37b672000e09ac48,https://img.shoplineapp.com/media/image_clips/67f8750299739c000a0dfcc5/original.jpg?1744336129,2080 TWD,in stock,new
67f87ae2a1f59c000dcb42f9:6810292e37b672000e09ac49,NEUTRAL 全地形機能風瑪莉珍鞋 卡其(36-42),".embed-container { position: relative; padding-bottom: 56.25%; height: 0; overflow: hidden; max-width: 100%; } .embed-container iframe, .embed-container object, .embed-container embed { position: absolute; top: 0; left: 0; width:",https://www.fmshoes.com.tw/products/67f87ae2a1f59c000dcb42f9?variation=6810292e37b672000e09ac49,https://img.shoplineapp.com/media/image_clips/67f8750299739c000a0dfcc5/original.jpg?1744336129,2080 TWD,in stock,new
67f87ae2a1f59c000dcb42f9:6810292e37b672000e09ac4a,NEUTRAL 全地形機能風瑪莉珍鞋 卡其(36-42),".embed-container { position: relative; padding-bottom: 56.25%; height: 0; overflow: hidden; max-width: 100%; } .embed-container iframe, .embed-container object, .embed-container embed { position: absolute; top: 0; left: 0; width:",https://www.fmshoes.com.tw/products/67f87ae2a1f59c000dcb42f9?variation=6810292e37b672000e09ac4a,https://img.shoplineapp.com/media/image_clips/67f8750299739c000a0dfcc5/original.jpg?1744336129,2080 TWD,in stock,new
67f87ae2a1f59c000dcb42f9:6810292e37b672000e09ac4b,NEUTRAL 全地形機能風瑪莉珍鞋 卡其(36-42),".embed-container { position: relative; padding-bottom: 56.25%; height: 0; overflow: hidden; max-width: 100%; } .embed-container iframe, .embed-container object, .embed-container embed { position: absolute; top: 0; left: 0; width:",https://www.fmshoes.com.tw/products/67f87ae2a1f59c000dcb42f9?variation=6810292e37b672000e09ac4b,https://img.shoplineapp.com/media/image_clips/67f8750299739c000a0dfcc5/original.jpg?1744336129,2080 TWD,in stock,new
67f87ae2a1f59c000dcb42f9:6810292e37b672000e09ac4c,NEUTRAL 全地形機能風瑪莉珍鞋 卡其(36-42),".embed-container { position: relative; padding-bottom: 56.25%; height: 0; overflow: hidden; max-width: 100%; } .embed-container iframe, .embed-container object, .embed-container embed { position: absolute; top: 0; left: 0; width:",https://www.fmshoes.com.tw/products/67f87ae2a1f59c000dcb42f9?variation=6810292e37b672000e09ac4c,https://img.shoplineapp.com/media/image_clips/67f8750299739c000a0dfcc5/original.jpg?1744336129,2080 TWD,in stock,new
67f87ae2a1f59c000dcb42f9:685235be6acd99000d9e23d7,NEUTRAL 全地形機能風瑪莉珍鞋 卡其(36-42),".embed-container { position: relative; padding-bottom: 56.25%; height: 0; overflow: hidden; max-width: 100%; } .embed-container iframe, .embed-container object, .embed-container embed { position: absolute; top: 0; left: 0; width:",https://www.fmshoes.com.tw/products/67f87ae2a1f59c000dcb42f9?variation=685235be6acd99000d9e23d7,https://img.shoplineapp.com/media/image_clips/67f8750299739c000a0dfcc5/original.jpg?1744336129,2080 TWD,in stock,new
67f87de5081632000c8f4ac1:67f87de33407fa000bfcef2f,NEUTRAL 全地形機能風瑪莉珍鞋 淺灰(36-42),".embed-container { position: relative; padding-bottom: 56.25%; height: 0; overflow: hidden; max-width: 100%; } .embed-container iframe, .embed-container object, .embed-container embed { position: absolute; top: 0; left: 0; width:",https://www.fmshoes.com.tw/products/67f87de5081632000c8f4ac1?variation=67f87de33407fa000bfcef2f,https://img.shoplineapp.com/media/image_clips/67f87b09fbe2ed0011fa7560/original.jpg?1744337672,2080 TWD,in stock,new
67f87de5081632000c8f4ac1:67f87de33407fa000bfcef30,NEUTRAL 全地形機能風瑪莉珍鞋 淺灰(36-42),".embed-container { position: relative; padding-bottom: 56.25%; height: 0; overflow: hidden; max-width: 100%; } .embed-container iframe, .embed-container object, .embed-container embed { position: absolute; top: 0; left: 0; width:",https://www.fmshoes.com.tw/products/67f87de5081632000c8f4ac1?variation=67f87de33407fa000bfcef30,https://img.shoplineapp.com/media/image_clips/67f87b09fbe2ed0011fa7560/original.jpg?1744337672,2080 TWD,in stock,new
67f87de5081632000c8f4ac1:67f87de33407fa000bfcef33,NEUTRAL 全地形機能風瑪莉珍鞋 淺灰(36-42),".embed-container { position: relative; padding-bottom: 56.25%; height: 0; overflow: hidden; max-width: 100%; } .embed-container iframe, .embed-container object, .embed-container embed { position: absolute; top: 0; left: 0; width:",https://www.fmshoes.com.tw/products/67f87de5081632000c8f4ac1?variation=67f87de33407fa000bfcef33,https://img.shoplineapp.com/media/image_clips/67f87b09fbe2ed0011fa7560/original.jpg?1744337672,2080 TWD,in stock,new
67f87de5081632000c8f4ac1:67f87de33407fa000bfcef34,NEUTRAL 全地形機能風瑪莉珍鞋 淺灰(36-42),".embed-container { position: relative; padding-bottom: 56.25%; height: 0; overflow: hidden; max-width: 100%; } .embed-container iframe, .embed-container object, .embed-container embed { position: absolute; top: 0; left: 0; width:",https://www.fmshoes.com.tw/products/67f87de5081632000c8f4ac1?variation=67f87de33407fa000bfcef34,https://img.shoplineapp.com/media/image_clips/67f87b09fbe2ed0011fa7560/original.jpg?1744337672,2080 TWD,in stock,new
67f87de5081632000c8f4ac1:685235ed3935230008eba1b0,NEUTRAL 全地形機能風瑪莉珍鞋 淺灰(36-42),".embed-container { position: relative; padding-bottom: 56.25%; height: 0; overflow: hidden; max-width: 100%; } .embed-container iframe, .embed-container object, .embed-container embed { position: absolute; top: 0; left: 0; width:",https://www.fmshoes.com.tw/products/67f87de5081632000c8f4ac1?variation=685235ed3935230008eba1b0,https://img.shoplineapp.com/media/image_clips/67f87b09fbe2ed0011fa7560/original.jpg?1744337672,2080 TWD,in stock,new
67fdf53b2ef4ce000a5905e8:67fdf539b0ebec000ffacf31,NEUTRAL 抗菌彈力棉襪 (36-46),,https://www.fmshoes.com.tw/products/67fdf53b2ef4ce000a5905e8?variation=67fdf539b0ebec000ffacf31,https://img.shoplineapp.com/media/image_clips/67fdf46002e2a900109c4d9d/original.jpg?1744696415,139 TWD,in stock,new
67fdf53b2ef4ce000a5905e8:67fdf539b0ebec000ffacf32,NEUTRAL 抗菌彈力棉襪 (36-46),,https://www.fmshoes.com.tw/products/67fdf53b2ef4ce000a5905e8?variation=67fdf539b0ebec000ffacf32,https://img.shoplineapp.com/media/image_clips/67fdf46002e2a900109c4d9d/original.jpg?1744696415,139 TWD,in stock,new
6809a82c75c5ed000cd7e791:6809a82a951439000aa13353,NEUTRAL 撞色減壓機能涼鞋  米(36-43),".embed-container { position: relative; padding-bottom: 56.25%; height: 0; overflow: hidden; max-width: 100%; } .embed-container iframe, .embed-container object, .embed-container embed { position: absolute; top: 0; left: 0; width:",https://www.fmshoes.com.tw/products/6809a82c75c5ed000cd7e791?variation=6809a82a951439000aa13353,https://img.shoplineapp.com/media/image_clips/6809a4374c2ab200102d9077/original.jpg?1745462327,1680 TWD,in stock,new
6809a82c75c5ed000cd7e791:6809a82a951439000aa13354,NEUTRAL 撞色減壓機能涼鞋  米(36-43),".embed-container { position: relative; padding-bottom: 56.25%; height: 0; overflow: hidden; max-width: 100%; } .embed-container iframe, .embed-container object, .embed-container embed { position: absolute; top: 0; left: 0; width:",https://www.fmshoes.com.tw/products/6809a82c75c5ed000cd7e791?variation=6809a82a951439000aa13354,https://img.shoplineapp.com/media/image_clips/6809a4374c2ab200102d9077/original.jpg?1745462327,1680 TWD,in stock,new
6809a82c75c5ed000cd7e791:6809a82a951439000aa13355,NEUTRAL 撞色減壓機能涼鞋  米(36-43),".embed-container { position: relative; padding-bottom: 56.25%; height: 0; overflow: hidden; max-width: 100%; } .embed-container iframe, .embed-container object, .embed-container embed { position: absolute; top: 0; left: 0; width:",https://www.fmshoes.com.tw/products/6809a82c75c5ed000cd7e791?variation=6809a82a951439000aa13355,https://img.shoplineapp.com/media/image_clips/6809a4374c2ab200102d9077/original.jpg?1745462327,1680 TWD,in stock,new
6809a82c75c5ed000cd7e791:6809a82a951439000aa13356,NEUTRAL 撞色減壓機能涼鞋  米(36-43),".embed-container { position: relative; padding-bottom: 56.25%; height: 0; overflow: hidden; max-width: 100%; } .embed-container iframe, .embed-container object, .embed-container embed { position: absolute; top: 0; left: 0; width:",https://www.fmshoes.com.tw/products/6809a82c75c5ed000cd7e791?variation=6809a82a951439000aa13356,https://img.shoplineapp.com/media/image_clips/6809a4374c2ab200102d9077/original.jpg?1745462327,1680 TWD,in stock,new
6809a82c75c5ed000cd7e791:6809a82a951439000aa13357,NEUTRAL 撞色減壓機能涼鞋  米(36-43),".embed-container { position: relative; padding-bottom: 56.25%; height: 0; overflow: hidden; max-width: 100%; } .embed-container iframe, .embed-container object, .embed-container embed { position: absolute; top: 0; left: 0; width:",https://www.fmshoes.com.tw/products/6809a82c75c5ed000cd7e791?variation=6809a82a951439000aa13357,https://img.shoplineapp.com/media/image_clips/6809a4374c2ab200102d9077/original.jpg?1745462327,1680 TWD,in stock,new
6809a82c75c5ed000cd7e791:6809a82a951439000aa13358,NEUTRAL 撞色減壓機能涼鞋  米(36-43),".embed-container { position: relative; padding-bottom: 56.25%; height: 0; overflow: hidden; max-width: 100%; } .embed-container iframe, .embed-container object, .embed-container embed { position: absolute; top: 0; left: 0; width:",https://www.fmshoes.com.tw/products/6809a82c75c5ed000cd7e791?variation=6809a82a951439000aa13358,https://img.shoplineapp.com/media/image_clips/6809a4374c2ab200102d9077/original.jpg?1745462327,1680 TWD,in stock,new
6809a82c75c5ed000cd7e791:6809a82a951439000aa13359,NEUTRAL 撞色減壓機能涼鞋  米(36-43),".embed-container { position: relative; padding-bottom: 56.25%; height: 0; overflow: hidden; max-width: 100%; } .embed-container iframe, .embed-container object, .embed-container embed { position: absolute; top: 0; left: 0; width:",https://www.fmshoes.com.tw/products/6809a82c75c5ed000cd7e791?variation=6809a82a951439000aa13359,https://img.shoplineapp.com/media/image_clips/6809a4374c2ab200102d9077/original.jpg?1745462327,1680 TWD,in stock,new
6809a945e7aff8000b5752c9:6809a9436f49620008e37448,NEUTRAL 撞色減壓機能涼鞋 卡其(36-43),".embed-container { position: relative; padding-bottom: 56.25%; height: 0; overflow: hidden; max-width: 100%; } .embed-container iframe, .embed-container object, .embed-container embed { position: absolute; top: 0; left: 0; width:",https://www.fmshoes.com.tw/products/6809a945e7aff8000b5752c9?variation=6809a9436f49620008e37448,https://img.shoplineapp.com/media/image_clips/6809a874b2b6ce000a18fd38/original.jpg?1745463412,1680 TWD,in stock,new
6809a945e7aff8000b5752c9:6809a9436f49620008e37449,NEUTRAL 撞色減壓機能涼鞋 卡其(36-43),".embed-container { position: relative; padding-bottom: 56.25%; height: 0; overflow: hidden; max-width: 100%; } .embed-container iframe, .embed-container object, .embed-container embed { position: absolute; top: 0; left: 0; width:",https://www.fmshoes.com.tw/products/6809a945e7aff8000b5752c9?variation=6809a9436f49620008e37449,https://img.shoplineapp.com/media/image_clips/6809a874b2b6ce000a18fd38/original.jpg?1745463412,1680 TWD,in stock,new
6809a945e7aff8000b5752c9:6809a9436f49620008e3744a,NEUTRAL 撞色減壓機能涼鞋 卡其(36-43),".embed-container { position: relative; padding-bottom: 56.25%; height: 0; overflow: hidden; max-width: 100%; } .embed-container iframe, .embed-container object, .embed-container embed { position: absolute; top: 0; left: 0; width:",https://www.fmshoes.com.tw/products/6809a945e7aff8000b5752c9?variation=6809a9436f49620008e3744a,https://img.shoplineapp.com/media/image_clips/6809a874b2b6ce000a18fd38/original.jpg?1745463412,1680 TWD,in stock,new
6809a945e7aff8000b5752c9:6809a9436f49620008e3744b,NEUTRAL 撞色減壓機能涼鞋 卡其(36-43),".embed-container { position: relative; padding-bottom: 56.25%; height: 0; overflow: hidden; max-width: 100%; } .embed-container iframe, .embed-container object, .embed-container embed { position: absolute; top: 0; left: 0; width:",https://www.fmshoes.com.tw/products/6809a945e7aff8000b5752c9?variation=6809a9436f49620008e3744b,https://img.shoplineapp.com/media/image_clips/6809a874b2b6ce000a18fd38/original.jpg?1745463412,1680 TWD,in stock,new
6809a945e7aff8000b5752c9:6809a9436f49620008e3744c,NEUTRAL 撞色減壓機能涼鞋 卡其(36-43),".embed-container { position: relative; padding-bottom: 56.25%; height: 0; overflow: hidden; max-width: 100%; } .embed-container iframe, .embed-container object, .embed-container embed { position: absolute; top: 0; left: 0; width:",https://www.fmshoes.com.tw/products/6809a945e7aff8000b5752c9?variation=6809a9436f49620008e3744c,https://img.shoplineapp.com/media/image_clips/6809a874b2b6ce000a18fd38/original.jpg?1745463412,1680 TWD,in stock,new
6809aa42a110d0000d156e37:6809aa40d8cc5d000732be90,NEUTRAL 撞色減壓機能涼鞋 黑(36-43),".embed-container { position: relative; padding-bottom: 56.25%; height: 0; overflow: hidden; max-width: 100%; } .embed-container iframe, .embed-container object, .embed-container embed { position: absolute; top: 0; left: 0; width:",https://www.fmshoes.com.tw/products/6809aa42a110d0000d156e37?variation=6809aa40d8cc5d000732be90,https://img.shoplineapp.com/media/image_clips/6809a976a874ec000de634de/original.jpg?1745463670,1680 TWD,in stock,new
6809aa42a110d0000d156e37:6809aa40d8cc5d000732be91,NEUTRAL 撞色減壓機能涼鞋 黑(36-43),".embed-container { position: relative; padding-bottom: 56.25%; height: 0; overflow: hidden; max-width: 100%; } .embed-container iframe, .embed-container object, .embed-container embed { position: absolute; top: 0; left: 0; width:",https://www.fmshoes.com.tw/products/6809aa42a110d0000d156e37?variation=6809aa40d8cc5d000732be91,https://img.shoplineapp.com/media/image_clips/6809a976a874ec000de634de/original.jpg?1745463670,1680 TWD,in stock,new
6809aa42a110d0000d156e37:6809aa40d8cc5d000732be92,NEUTRAL 撞色減壓機能涼鞋 黑(36-43),".embed-container { position: relative; padding-bottom: 56.25%; height: 0; overflow: hidden; max-width: 100%; } .embed-container iframe, .embed-container object, .embed-container embed { position: absolute; top: 0; left: 0; width:",https://www.fmshoes.com.tw/products/6809aa42a110d0000d156e37?variation=6809aa40d8cc5d000732be92,https://img.shoplineapp.com/media/image_clips/6809a976a874ec000de634de/original.jpg?1745463670,1680 TWD,in stock,new
6809aa42a110d0000d156e37:6809aa40d8cc5d000732be93,NEUTRAL 撞色減壓機能涼鞋 黑(36-43),".embed-container { position: relative; padding-bottom: 56.25%; height: 0; overflow: hidden; max-width: 100%; } .embed-container iframe, .embed-container object, .embed-container embed { position: absolute; top: 0; left: 0; width:",https://www.fmshoes.com.tw/products/6809aa42a110d0000d156e37?variation=6809aa40d8cc5d000732be93,https://img.shoplineapp.com/media/image_clips/6809a976a874ec000de634de/original.jpg?1745463670,1680 TWD,in stock,new
6809aa42a110d0000d156e37:6809aa40d8cc5d000732be94,NEUTRAL 撞色減壓機能涼鞋 黑(36-43),".embed-container { position: relative; padding-bottom: 56.25%; height: 0; overflow: hidden; max-width: 100%; } .embed-container iframe, .embed-container object, .embed-container embed { position: absolute; top: 0; left: 0; width:",https://www.fmshoes.com.tw/products/6809aa42a110d0000d156e37?variation=6809aa40d8cc5d000732be94,https://img.shoplineapp.com/media/image_clips/6809a976a874ec000de634de/original.jpg?1745463670,1680 TWD,in stock,new
6809aa42a110d0000d156e37:6809aa40d8cc5d000732be95,NEUTRAL 撞色減壓機能涼鞋 黑(36-43),".embed-container { position: relative; padding-bottom: 56.25%; height: 0; overflow: hidden; max-width: 100%; } .embed-container iframe, .embed-container object, .embed-container embed { position: absolute; top: 0; left: 0; width:",https://www.fmshoes.com.tw/products/6809aa42a110d0000d156e37?variation=6809aa40d8cc5d000732be95,https://img.shoplineapp.com/media/image_clips/6809a976a874ec000de634de/original.jpg?1745463670,1680 TWD,in stock,new
6809aa42a110d0000d156e37:6809aa40d8cc5d000732be96,NEUTRAL 撞色減壓機能涼鞋 黑(36-43),".embed-container { position: relative; padding-bottom: 56.25%; height: 0; overflow: hidden; max-width: 100%; } .embed-container iframe, .embed-container object, .embed-container embed { position: absolute; top: 0; left: 0; width:",https://www.fmshoes.com.tw/products/6809aa42a110d0000d156e37?variation=6809aa40d8cc5d000732be96,https://img.shoplineapp.com/media/image_clips/6809a976a874ec000de634de/original.jpg?1745463670,1680 TWD,in stock,new
68181db9d60296000b6a8319:68181db61e0156000f441a0f,NEUTRAL +5CM輕盈彈力瑪莉珍鞋 黑(36-41),".embed-container { position: relative; padding-bottom: 56.25%; height: 0; overflow: hidden; max-width: 100%; } .embed-container iframe, .embed-container object, .embed-container embed { position: absolute; top: 0; left: 0; width:",https://www.fmshoes.com.tw/products/68181db9d60296000b6a8319?variation=68181db61e0156000f441a0f,https://img.shoplineapp.com/media/image_clips/68181ac13b7591000fa2b91a/original.jpg?1746410177,2080 TWD,in stock,new
68181db9d60296000b6a8319:68181db61e0156000f441a10,NEUTRAL +5CM輕盈彈力瑪莉珍鞋 黑(36-41),".embed-container { position: relative; padding-bottom: 56.25%; height: 0; overflow: hidden; max-width: 100%; } .embed-container iframe, .embed-container object, .embed-container embed { position: absolute; top: 0; left: 0; width:",https://www.fmshoes.com.tw/products/68181db9d60296000b6a8319?variation=68181db61e0156000f441a10,https://img.shoplineapp.com/media/image_clips/68181ac13b7591000fa2b91a/original.jpg?1746410177,2080 TWD,in stock,new
68181f17b5268d000b6d86d2:68181f16251ef6000c54ee58,NEUTRAL +5CM輕盈彈力瑪莉珍鞋 灰(36-41),".embed-container { position: relative; padding-bottom: 56.25%; height: 0; overflow: hidden; max-width: 100%; } .embed-container iframe, .embed-container object, .embed-container embed { position: absolute; top: 0; left: 0; width:",https://www.fmshoes.com.tw/products/68181f17b5268d000b6d86d2?variation=68181f16251ef6000c54ee58,https://img.shoplineapp.com/media/image_clips/68181e48371262000f583272/original.jpg?1746411079,2080 TWD,in stock,new
68181f17b5268d000b6d86d2:68181f16251ef6000c54ee59,NEUTRAL +5CM輕盈彈力瑪莉珍鞋 灰(36-41),".embed-container { position: relative; padding-bottom: 56.25%; height: 0; overflow: hidden; max-width: 100%; } .embed-container iframe, .embed-container object, .embed-container embed { position: absolute; top: 0; left: 0; width:",https://www.fmshoes.com.tw/products/68181f17b5268d000b6d86d2?variation=68181f16251ef6000c54ee59,https://img.shoplineapp.com/media/image_clips/68181e48371262000f583272/original.jpg?1746411079,2080 TWD,in stock,new
68181f17b5268d000b6d86d2:68181f16251ef6000c54ee5a,NEUTRAL +5CM輕盈彈力瑪莉珍鞋 灰(36-41),".embed-container { position: relative; padding-bottom: 56.25%; height: 0; overflow: hidden; max-width: 100%; } .embed-container iframe, .embed-container object, .embed-container embed { position: absolute; top: 0; left: 0; width:",https://www.fmshoes.com.tw/products/68181f17b5268d000b6d86d2?variation=68181f16251ef6000c54ee5a,https://img.shoplineapp.com/media/image_clips/68181e48371262000f583272/original.jpg?1746411079,2080 TWD,in stock,new
68181f17b5268d000b6d86d2:68181f16251ef6000c54ee5d,NEUTRAL +5CM輕盈彈力瑪莉珍鞋 灰(36-41),".embed-container { position: relative; padding-bottom: 56.25%; height: 0; overflow: hidden; max-width: 100%; } .embed-container iframe, .embed-container object, .embed-container embed { position: absolute; top: 0; left: 0; width:",https://www.fmshoes.com.tw/products/68181f17b5268d000b6d86d2?variation=68181f16251ef6000c54ee5d,https://img.shoplineapp.com/media/image_clips/68181e48371262000f583272/original.jpg?1746411079,2080 TWD,in stock,new
682a9ad91c9978000e71fa06:682a9ad717f334000a4bde82,FM SHOES 頭層牛皮免綁帶輕量厚底美體鞋 白(37-40),".embed-container { position: relative; padding-bottom: 56.25%; height: 0; overflow: hidden; max-width: 100%; } .embed-container iframe, .embed-container object, .embed-container embed { position: absolute; top: 0; left: 0; width:",https://www.fmshoes.com.tw/products/682a9ad91c9978000e71fa06?variation=682a9ad717f334000a4bde82,https://img.shoplineapp.com/media/image_clips/682a996e10d7e00011c64e57/original.jpg?1747622253,2280 TWD,in stock,new
682a9ad91c9978000e71fa06:682a9ad717f334000a4bde83,FM SHOES 頭層牛皮免綁帶輕量厚底美體鞋 白(37-40),".embed-container { position: relative; padding-bottom: 56.25%; height: 0; overflow: hidden; max-width: 100%; } .embed-container iframe, .embed-container object, .embed-container embed { position: absolute; top: 0; left: 0; width:",https://www.fmshoes.com.tw/products/682a9ad91c9978000e71fa06?variation=682a9ad717f334000a4bde83,https://img.shoplineapp.com/media/image_clips/682a996e10d7e00011c64e57/original.jpg?1747622253,2280 TWD,in stock,new
682a9ad91c9978000e71fa06:682a9ad717f334000a4bde84,FM SHOES 頭層牛皮免綁帶輕量厚底美體鞋 白(37-40),".embed-container { position: relative; padding-bottom: 56.25%; height: 0; overflow: hidden; max-width: 100%; } .embed-container iframe, .embed-container object, .embed-container embed { position: absolute; top: 0; left: 0; width:",https://www.fmshoes.com.tw/products/682a9ad91c9978000e71fa06?variation=682a9ad717f334000a4bde84,https://img.shoplineapp.com/media/image_clips/682a996e10d7e00011c64e57/original.jpg?1747622253,2280 TWD,in stock,new
6837f4a24c29f9000f2ebe3e:6837f4a0e5e8eb000a42483e,NEUTRAL 健走慢跑全能運動秒穿鞋 銀灰(36-45),".embed-container { position: relative; padding-bottom: 56.25%; height: 0; overflow: hidden; max-width: 100%; } .embed-container iframe, .embed-container object, .embed-container embed { position: absolute; top: 0; left: 0; width:",https://www.fmshoes.com.tw/products/6837f4a24c29f9000f2ebe3e?variation=6837f4a0e5e8eb000a42483e,https://img.shoplineapp.com/media/image_clips/683826147cf47d000a09ee05/original.jpg?1748510227,1680 TWD,in stock,new
6837f4a24c29f9000f2ebe3e:6837f4a0e5e8eb000a424844,NEUTRAL 健走慢跑全能運動秒穿鞋 銀灰(36-45),".embed-container { position: relative; padding-bottom: 56.25%; height: 0; overflow: hidden; max-width: 100%; } .embed-container iframe, .embed-container object, .embed-container embed { position: absolute; top: 0; left: 0; width:",https://www.fmshoes.com.tw/products/6837f4a24c29f9000f2ebe3e?variation=6837f4a0e5e8eb000a424844,https://img.shoplineapp.com/media/image_clips/683826147cf47d000a09ee05/original.jpg?1748510227,1680 TWD,in stock,new
6837f4a24c29f9000f2ebe3e:6837f4a0e5e8eb000a424845,NEUTRAL 健走慢跑全能運動秒穿鞋 銀灰(36-45),".embed-container { position: relative; padding-bottom: 56.25%; height: 0; overflow: hidden; max-width: 100%; } .embed-container iframe, .embed-container object, .embed-container embed { position: absolute; top: 0; left: 0; width:",https://www.fmshoes.com.tw/products/6837f4a24c29f9000f2ebe3e?variation=6837f4a0e5e8eb000a424845,https://img.shoplineapp.com/media/image_clips/683826147cf47d000a09ee05/original.jpg?1748510227,1680 TWD,in stock,new
6837f4a24c29f9000f2ebe3e:6837f4a0e5e8eb000a424846,NEUTRAL 健走慢跑全能運動秒穿鞋 銀灰(36-45),".embed-container { position: relative; padding-bottom: 56.25%; height: 0; overflow: hidden; max-width: 100%; } .embed-container iframe, .embed-container object, .embed-container embed { position: absolute; top: 0; left: 0; width:",https://www.fmshoes.com.tw/products/6837f4a24c29f9000f2ebe3e?variation=6837f4a0e5e8eb000a424846,https://img.shoplineapp.com/media/image_clips/683826147cf47d000a09ee05/original.jpg?1748510227,1680 TWD,in stock,new
6837f4a24c29f9000f2ebe3e:6849131524563e00087bea6b,NEUTRAL 健走慢跑全能運動秒穿鞋 銀灰(36-45),".embed-container { position: relative; padding-bottom: 56.25%; height: 0; overflow: hidden; max-width: 100%; } .embed-container iframe, .embed-container object, .embed-container embed { position: absolute; top: 0; left: 0; width:",https://www.fmshoes.com.tw/products/6837f4a24c29f9000f2ebe3e?variation=6849131524563e00087bea6b,https://img.shoplineapp.com/media/image_clips/683826147cf47d000a09ee05/original.jpg?1748510227,1680 TWD,in stock,new
6837f538e497cb001143a86e:6837f536cf6cba000944cedb,NEUTRAL 健走慢跑全能運動秒穿鞋 粉(36-43),".embed-container { position: relative; padding-bottom: 56.25%; height: 0; overflow: hidden; max-width: 100%; } .embed-container iframe, .embed-container object, .embed-container embed { position: absolute; top: 0; left: 0; width:",https://www.fmshoes.com.tw/products/6837f538e497cb001143a86e?variation=6837f536cf6cba000944cedb,https://img.shoplineapp.com/media/image_clips/683825dee497cb000a43bea7/original.jpg?1748510173,1680 TWD,in stock,new
6837f538e497cb001143a86e:6837f536cf6cba000944cedc,NEUTRAL 健走慢跑全能運動秒穿鞋 粉(36-43),".embed-container { position: relative; padding-bottom: 56.25%; height: 0; overflow: hidden; max-width: 100%; } .embed-container iframe, .embed-container object, .embed-container embed { position: absolute; top: 0; left: 0; width:",https://www.fmshoes.com.tw/products/6837f538e497cb001143a86e?variation=6837f536cf6cba000944cedc,https://img.shoplineapp.com/media/image_clips/683825dee497cb000a43bea7/original.jpg?1748510173,1680 TWD,in stock,new
6837f538e497cb001143a86e:6837f536cf6cba000944cedd,NEUTRAL 健走慢跑全能運動秒穿鞋 粉(36-43),".embed-container { position: relative; padding-bottom: 56.25%; height: 0; overflow: hidden; max-width: 100%; } .embed-container iframe, .embed-container object, .embed-container embed { position: absolute; top: 0; left: 0; width:",https://www.fmshoes.com.tw/products/6837f538e497cb001143a86e?variation=6837f536cf6cba000944cedd,https://img.shoplineapp.com/media/image_clips/683825dee497cb000a43bea7/original.jpg?1748510173,1680 TWD,in stock,new
6837f538e497cb001143a86e:6837f536cf6cba000944cede,NEUTRAL 健走慢跑全能運動秒穿鞋 粉(36-43),".embed-container { position: relative; padding-bottom: 56.25%; height: 0; overflow: hidden; max-width: 100%; } .embed-container iframe, .embed-container object, .embed-container embed { position: absolute; top: 0; left: 0; width:",https://www.fmshoes.com.tw/products/6837f538e497cb001143a86e?variation=6837f536cf6cba000944cede,https://img.shoplineapp.com/media/image_clips/683825dee497cb000a43bea7/original.jpg?1748510173,1680 TWD,in stock,new
6837f538e497cb001143a86e:6837f536cf6cba000944cedf,NEUTRAL 健走慢跑全能運動秒穿鞋 粉(36-43),".embed-container { position: relative; padding-bottom: 56.25%; height: 0; overflow: hidden; max-width: 100%; } .embed-container iframe, .embed-container object, .embed-container embed { position: absolute; top: 0; left: 0; width:",https://www.fmshoes.com.tw/products/6837f538e497cb001143a86e?variation=6837f536cf6cba000944cedf,https://img.shoplineapp.com/media/image_clips/683825dee497cb000a43bea7/original.jpg?1748510173,1680 TWD,in stock,new
6837f538e497cb001143a86e:6837f536cf6cba000944cee0,NEUTRAL 健走慢跑全能運動秒穿鞋 粉(36-43),".embed-container { position: relative; padding-bottom: 56.25%; height: 0; overflow: hidden; max-width: 100%; } .embed-container iframe, .embed-container object, .embed-container embed { position: absolute; top: 0; left: 0; width:",https://www.fmshoes.com.tw/products/6837f538e497cb001143a86e?variation=6837f536cf6cba000944cee0,https://img.shoplineapp.com/media/image_clips/683825dee497cb000a43bea7/original.jpg?1748510173,1680 TWD,in stock,new
6837f538e497cb001143a86e:6837f536cf6cba000944cee1,NEUTRAL 健走慢跑全能運動秒穿鞋 粉(36-43),".embed-container { position: relative; padding-bottom: 56.25%; height: 0; overflow: hidden; max-width: 100%; } .embed-container iframe, .embed-container object, .embed-container embed { position: absolute; top: 0; left: 0; width:",https://www.fmshoes.com.tw/products/6837f538e497cb001143a86e?variation=6837f536cf6cba000944cee1,https://img.shoplineapp.com/media/image_clips/683825dee497cb000a43bea7/original.jpg?1748510173,1680 TWD,in stock,new
6837f69ff90834000c4b7cc9:6837f69dc335f60009d843e1,NEUTRAL 健走慢跑全能運動秒穿鞋 灰藍(36-43),".embed-container { position: relative; padding-bottom: 56.25%; height: 0; overflow: hidden; max-width: 100%; } .embed-container iframe, .embed-container object, .embed-container embed { position: absolute; top: 0; left: 0; width:",https://www.fmshoes.com.tw/products/6837f69ff90834000c4b7cc9?variation=6837f69dc335f60009d843e1,https://img.shoplineapp.com/media/image_clips/68382557b66717000e9a02bd/original.jpg?1748510038,1680 TWD,in stock,new
6837f69ff90834000c4b7cc9:6837f69dc335f60009d843e2,NEUTRAL 健走慢跑全能運動秒穿鞋 灰藍(36-43),".embed-container { position: relative; padding-bottom: 56.25%; height: 0; overflow: hidden; max-width: 100%; } .embed-container iframe, .embed-container object, .embed-container embed { position: absolute; top: 0; left: 0; width:",https://www.fmshoes.com.tw/products/6837f69ff90834000c4b7cc9?variation=6837f69dc335f60009d843e2,https://img.shoplineapp.com/media/image_clips/68382557b66717000e9a02bd/original.jpg?1748510038,1680 TWD,in stock,new
6837f69ff90834000c4b7cc9:6837f69dc335f60009d843e3,NEUTRAL 健走慢跑全能運動秒穿鞋 灰藍(36-43),".embed-container { position: relative; padding-bottom: 56.25%; height: 0; overflow: hidden; max-width: 100%; } .embed-container iframe, .embed-container object, .embed-container embed { position: absolute; top: 0; left: 0; width:",https://www.fmshoes.com.tw/products/6837f69ff90834000c4b7cc9?variation=6837f69dc335f60009d843e3,https://img.shoplineapp.com/media/image_clips/68382557b66717000e9a02bd/original.jpg?1748510038,1680 TWD,in stock,new
6837f69ff90834000c4b7cc9:6837f69dc335f60009d843e4,NEUTRAL 健走慢跑全能運動秒穿鞋 灰藍(36-43),".embed-container { position: relative; padding-bottom: 56.25%; height: 0; overflow: hidden; max-width: 100%; } .embed-container iframe, .embed-container object, .embed-container embed { position: absolute; top: 0; left: 0; width:",https://www.fmshoes.com.tw/products/6837f69ff90834000c4b7cc9?variation=6837f69dc335f60009d843e4,https://img.shoplineapp.com/media/image_clips/68382557b66717000e9a02bd/original.jpg?1748510038,1680 TWD,in stock,new
6837f69ff90834000c4b7cc9:6837f69dc335f60009d843e5,NEUTRAL 健走慢跑全能運動秒穿鞋 灰藍(36-43),".embed-container { position: relative; padding-bottom: 56.25%; height: 0; overflow: hidden; max-width: 100%; } .embed-container iframe, .embed-container object, .embed-container embed { position: absolute; top: 0; left: 0; width:",https://www.fmshoes.com.tw/products/6837f69ff90834000c4b7cc9?variation=6837f69dc335f60009d843e5,https://img.shoplineapp.com/media/image_clips/68382557b66717000e9a02bd/original.jpg?1748510038,1680 TWD,in stock,new
6837f69ff90834000c4b7cc9:6837f69dc335f60009d843e6,NEUTRAL 健走慢跑全能運動秒穿鞋 灰藍(36-43),".embed-container { position: relative; padding-bottom: 56.25%; height: 0; overflow: hidden; max-width: 100%; } .embed-container iframe, .embed-container object, .embed-container embed { position: absolute; top: 0; left: 0; width:",https://www.fmshoes.com.tw/products/6837f69ff90834000c4b7cc9?variation=6837f69dc335f60009d843e6,https://img.shoplineapp.com/media/image_clips/68382557b66717000e9a02bd/original.jpg?1748510038,1680 TWD,in stock,new
6837f69ff90834000c4b7cc9:6837f69dc335f60009d843e7,NEUTRAL 健走慢跑全能運動秒穿鞋 灰藍(36-43),".embed-container { position: relative; padding-bottom: 56.25%; height: 0; overflow: hidden; max-width: 100%; } .embed-container iframe, .embed-container object, .embed-container embed { position: absolute; top: 0; left: 0; width:",https://www.fmshoes.com.tw/products/6837f69ff90834000c4b7cc9?variation=6837f69dc335f60009d843e7,https://img.shoplineapp.com/media/image_clips/68382557b66717000e9a02bd/original.jpg?1748510038,1680 TWD,in stock,new
6837f69ff90834000c4b7cc9:6837f69dc335f60009d843e8,NEUTRAL 健走慢跑全能運動秒穿鞋 灰藍(36-43),".embed-container { position: relative; padding-bottom: 56.25%; height: 0; overflow: hidden; max-width: 100%; } .embed-container iframe, .embed-container object, .embed-container embed { position: absolute; top: 0; left: 0; width:",https://www.fmshoes.com.tw/products/6837f69ff90834000c4b7cc9?variation=6837f69dc335f60009d843e8,https://img.shoplineapp.com/media/image_clips/68382557b66717000e9a02bd/original.jpg?1748510038,1680 TWD,in stock,new
6837f735d44827000f588a84:6837f733b96751000b9ca1ea,NEUTRAL 健走慢跑全能運動秒穿鞋 黑(36-45),".embed-container { position: relative; padding-bottom: 56.25%; height: 0; overflow: hidden; max-width: 100%; } .embed-container iframe, .embed-container object, .embed-container embed { position: absolute; top: 0; left: 0; width:",https://www.fmshoes.com.tw/products/6837f735d44827000f588a84?variation=6837f733b96751000b9ca1ea,https://img.shoplineapp.com/media/image_clips/6838250626b2d2000efcc6f4/original.jpg?1748509957,1680 TWD,in stock,new
6837f735d44827000f588a84:6837f733b96751000b9ca1eb,NEUTRAL 健走慢跑全能運動秒穿鞋 黑(36-45),".embed-container { position: relative; padding-bottom: 56.25%; height: 0; overflow: hidden; max-width: 100%; } .embed-container iframe, .embed-container object, .embed-container embed { position: absolute; top: 0; left: 0; width:",https://www.fmshoes.com.tw/products/6837f735d44827000f588a84?variation=6837f733b96751000b9ca1eb,https://img.shoplineapp.com/media/image_clips/6838250626b2d2000efcc6f4/original.jpg?1748509957,1680 TWD,in stock,new
6837f735d44827000f588a84:6837f733b96751000b9ca1ec,NEUTRAL 健走慢跑全能運動秒穿鞋 黑(36-45),".embed-container { position: relative; padding-bottom: 56.25%; height: 0; overflow: hidden; max-width: 100%; } .embed-container iframe, .embed-container object, .embed-container embed { position: absolute; top: 0; left: 0; width:",https://www.fmshoes.com.tw/products/6837f735d44827000f588a84?variation=6837f733b96751000b9ca1ec,https://img.shoplineapp.com/media/image_clips/6838250626b2d2000efcc6f4/original.jpg?1748509957,1680 TWD,in stock,new
6837f735d44827000f588a84:6837f733b96751000b9ca1ed,NEUTRAL 健走慢跑全能運動秒穿鞋 黑(36-45),".embed-container { position: relative; padding-bottom: 56.25%; height: 0; overflow: hidden; max-width: 100%; } .embed-container iframe, .embed-container object, .embed-container embed { position: absolute; top: 0; left: 0; width:",https://www.fmshoes.com.tw/products/6837f735d44827000f588a84?variation=6837f733b96751000b9ca1ed,https://img.shoplineapp.com/media/image_clips/6838250626b2d2000efcc6f4/original.jpg?1748509957,1680 TWD,in stock,new
6837f735d44827000f588a84:6837f733b96751000b9ca1f0,NEUTRAL 健走慢跑全能運動秒穿鞋 黑(36-45),".embed-container { position: relative; padding-bottom: 56.25%; height: 0; overflow: hidden; max-width: 100%; } .embed-container iframe, .embed-container object, .embed-container embed { position: absolute; top: 0; left: 0; width:",https://www.fmshoes.com.tw/products/6837f735d44827000f588a84?variation=6837f733b96751000b9ca1f0,https://img.shoplineapp.com/media/image_clips/6838250626b2d2000efcc6f4/original.jpg?1748509957,1680 TWD,in stock,new
6837f735d44827000f588a84:6837f733b96751000b9ca1f1,NEUTRAL 健走慢跑全能運動秒穿鞋 黑(36-45),".embed-container { position: relative; padding-bottom: 56.25%; height: 0; overflow: hidden; max-width: 100%; } .embed-container iframe, .embed-container object, .embed-container embed { position: absolute; top: 0; left: 0; width:",https://www.fmshoes.com.tw/products/6837f735d44827000f588a84?variation=6837f733b96751000b9ca1f1,https://img.shoplineapp.com/media/image_clips/6838250626b2d2000efcc6f4/original.jpg?1748509957,1680 TWD,in stock,new
6837f735d44827000f588a84:6837f733b96751000b9ca1f2,NEUTRAL 健走慢跑全能運動秒穿鞋 黑(36-45),".embed-container { position: relative; padding-bottom: 56.25%; height: 0; overflow: hidden; max-width: 100%; } .embed-container iframe, .embed-container object, .embed-container embed { position: absolute; top: 0; left: 0; width:",https://www.fmshoes.com.tw/products/6837f735d44827000f588a84?variation=6837f733b96751000b9ca1f2,https://img.shoplineapp.com/media/image_clips/6838250626b2d2000efcc6f4/original.jpg?1748509957,1680 TWD,in stock,new
6837f735d44827000f588a84:6849133524563e000b7bea6a,NEUTRAL 健走慢跑全能運動秒穿鞋 黑(36-45),".embed-container { position: relative; padding-bottom: 56.25%; height: 0; overflow: hidden; max-width: 100%; } .embed-container iframe, .embed-container object, .embed-container embed { position: absolute; top: 0; left: 0; width:",https://www.fmshoes.com.tw/products/6837f735d44827000f588a84?variation=6849133524563e000b7bea6a,https://img.shoplineapp.com/media/image_clips/6838250626b2d2000efcc6f4/original.jpg?1748509957,1680 TWD,in stock,new
6842af8da6a500000cec7389:6842af8bf6c1670009496329,NEUTRAL 街頭拉繩氣墊美型厚底涼鞋 杏(36-42),".embed-container { position: relative; padding-bottom: 56.25%; height: 0; overflow: hidden; max-width: 100%; } .embed-container iframe, .embed-container object, .embed-container embed { position: absolute; top: 0; left: 0; width:",https://www.fmshoes.com.tw/products/6842af8da6a500000cec7389?variation=6842af8bf6c1670009496329,https://img.shoplineapp.com/media/image_clips/6842ad8b808fd8000de95f75/original.jpg?1749200266,1980 TWD,in stock,new
6842af8da6a500000cec7389:6842af8bf6c167000949632a,NEUTRAL 街頭拉繩氣墊美型厚底涼鞋 杏(36-42),".embed-container { position: relative; padding-bottom: 56.25%; height: 0; overflow: hidden; max-width: 100%; } .embed-container iframe, .embed-container object, .embed-container embed { position: absolute; top: 0; left: 0; width:",https://www.fmshoes.com.tw/products/6842af8da6a500000cec7389?variation=6842af8bf6c167000949632a,https://img.shoplineapp.com/media/image_clips/6842ad8b808fd8000de95f75/original.jpg?1749200266,1980 TWD,in stock,new
6842af8da6a500000cec7389:6842af8bf6c167000949632b,NEUTRAL 街頭拉繩氣墊美型厚底涼鞋 杏(36-42),".embed-container { position: relative; padding-bottom: 56.25%; height: 0; overflow: hidden; max-width: 100%; } .embed-container iframe, .embed-container object, .embed-container embed { position: absolute; top: 0; left: 0; width:",https://www.fmshoes.com.tw/products/6842af8da6a500000cec7389?variation=6842af8bf6c167000949632b,https://img.shoplineapp.com/media/image_clips/6842ad8b808fd8000de95f75/original.jpg?1749200266,1980 TWD,in stock,new
6842af8da6a500000cec7389:6842af8bf6c167000949632c,NEUTRAL 街頭拉繩氣墊美型厚底涼鞋 杏(36-42),".embed-container { position: relative; padding-bottom: 56.25%; height: 0; overflow: hidden; max-width: 100%; } .embed-container iframe, .embed-container object, .embed-container embed { position: absolute; top: 0; left: 0; width:",https://www.fmshoes.com.tw/products/6842af8da6a500000cec7389?variation=6842af8bf6c167000949632c,https://img.shoplineapp.com/media/image_clips/6842ad8b808fd8000de95f75/original.jpg?1749200266,1980 TWD,in stock,new
6842af8da6a500000cec7389:6842af8bf6c167000949632d,NEUTRAL 街頭拉繩氣墊美型厚底涼鞋 杏(36-42),".embed-container { position: relative; padding-bottom: 56.25%; height: 0; overflow: hidden; max-width: 100%; } .embed-container iframe, .embed-container object, .embed-container embed { position: absolute; top: 0; left: 0; width:",https://www.fmshoes.com.tw/products/6842af8da6a500000cec7389?variation=6842af8bf6c167000949632d,https://img.shoplineapp.com/media/image_clips/6842ad8b808fd8000de95f75/original.jpg?1749200266,1980 TWD,in stock,new
6842af8da6a500000cec7389:6842af8bf6c167000949632e,NEUTRAL 街頭拉繩氣墊美型厚底涼鞋 杏(36-42),".embed-container { position: relative; padding-bottom: 56.25%; height: 0; overflow: hidden; max-width: 100%; } .embed-container iframe, .embed-container object, .embed-container embed { position: absolute; top: 0; left: 0; width:",https://www.fmshoes.com.tw/products/6842af8da6a500000cec7389?variation=6842af8bf6c167000949632e,https://img.shoplineapp.com/media/image_clips/6842ad8b808fd8000de95f75/original.jpg?1749200266,1980 TWD,in stock,new
6842af8da6a500000cec7389:6842af8bf6c167000949632f,NEUTRAL 街頭拉繩氣墊美型厚底涼鞋 杏(36-42),".embed-container { position: relative; padding-bottom: 56.25%; height: 0; overflow: hidden; max-width: 100%; } .embed-container iframe, .embed-container object, .embed-container embed { position: absolute; top: 0; left: 0; width:",https://www.fmshoes.com.tw/products/6842af8da6a500000cec7389?variation=6842af8bf6c167000949632f,https://img.shoplineapp.com/media/image_clips/6842ad8b808fd8000de95f75/original.jpg?1749200266,1980 TWD,in stock,new
6842b061fd395100115be5da:6842b060490a9b000d263092,NEUTRAL 街頭拉繩氣墊美型厚底涼鞋 黑(36-42),".embed-container { position: relative; padding-bottom: 56.25%; height: 0; overflow: hidden; max-width: 100%; } .embed-container iframe, .embed-container object, .embed-container embed { position: absolute; top: 0; left: 0; width:",https://www.fmshoes.com.tw/products/6842b061fd395100115be5da?variation=6842b060490a9b000d263092,https://img.shoplineapp.com/media/image_clips/6842afb0099c98000cad01b0/original.jpg?1749200816,1980 TWD,in stock,new
6842b061fd395100115be5da:6842b060490a9b000d263093,NEUTRAL 街頭拉繩氣墊美型厚底涼鞋 黑(36-42),".embed-container { position: relative; padding-bottom: 56.25%; height: 0; overflow: hidden; max-width: 100%; } .embed-container iframe, .embed-container object, .embed-container embed { position: absolute; top: 0; left: 0; width:",https://www.fmshoes.com.tw/products/6842b061fd395100115be5da?variation=6842b060490a9b000d263093,https://img.shoplineapp.com/media/image_clips/6842afb0099c98000cad01b0/original.jpg?1749200816,1980 TWD,in stock,new
6842b061fd395100115be5da:6842b060490a9b000d263094,NEUTRAL 街頭拉繩氣墊美型厚底涼鞋 黑(36-42),".embed-container { position: relative; padding-bottom: 56.25%; height: 0; overflow: hidden; max-width: 100%; } .embed-container iframe, .embed-container object, .embed-container embed { position: absolute; top: 0; left: 0; width:",https://www.fmshoes.com.tw/products/6842b061fd395100115be5da?variation=6842b060490a9b000d263094,https://img.shoplineapp.com/media/image_clips/6842afb0099c98000cad01b0/original.jpg?1749200816,1980 TWD,in stock,new
6842b061fd395100115be5da:6842b060490a9b000d263095,NEUTRAL 街頭拉繩氣墊美型厚底涼鞋 黑(36-42),".embed-container { position: relative; padding-bottom: 56.25%; height: 0; overflow: hidden; max-width: 100%; } .embed-container iframe, .embed-container object, .embed-container embed { position: absolute; top: 0; left: 0; width:",https://www.fmshoes.com.tw/products/6842b061fd395100115be5da?variation=6842b060490a9b000d263095,https://img.shoplineapp.com/media/image_clips/6842afb0099c98000cad01b0/original.jpg?1749200816,1980 TWD,in stock,new
6842b061fd395100115be5da:6842b060490a9b000d263096,NEUTRAL 街頭拉繩氣墊美型厚底涼鞋 黑(36-42),".embed-container { position: relative; padding-bottom: 56.25%; height: 0; overflow: hidden; max-width: 100%; } .embed-container iframe, .embed-container object, .embed-container embed { position: absolute; top: 0; left: 0; width:",https://www.fmshoes.com.tw/products/6842b061fd395100115be5da?variation=6842b060490a9b000d263096,https://img.shoplineapp.com/media/image_clips/6842afb0099c98000cad01b0/original.jpg?1749200816,1980 TWD,in stock,new
6842b061fd395100115be5da:6842b060490a9b000d263097,NEUTRAL 街頭拉繩氣墊美型厚底涼鞋 黑(36-42),".embed-container { position: relative; padding-bottom: 56.25%; height: 0; overflow: hidden; max-width: 100%; } .embed-container iframe, .embed-container object, .embed-container embed { position: absolute; top: 0; left: 0; width:",https://www.fmshoes.com.tw/products/6842b061fd395100115be5da?variation=6842b060490a9b000d263097,https://img.shoplineapp.com/media/image_clips/6842afb0099c98000cad01b0/original.jpg?1749200816,1980 TWD,in stock,new
6842b061fd395100115be5da:6842b060490a9b000d263098,NEUTRAL 街頭拉繩氣墊美型厚底涼鞋 黑(36-42),".embed-container { position: relative; padding-bottom: 56.25%; height: 0; overflow: hidden; max-width: 100%; } .embed-container iframe, .embed-container object, .embed-container embed { position: absolute; top: 0; left: 0; width:",https://www.fmshoes.com.tw/products/6842b061fd395100115be5da?variation=6842b060490a9b000d263098,https://img.shoplineapp.com/media/image_clips/6842afb0099c98000cad01b0/original.jpg?1749200816,1980 TWD,in stock,new
685b8364d8db5a000d691214:685b8362b69f59000d725e38,NEUTRAL 輕量美型健走涼鞋 米(36-42),".embed-container { position: relative; padding-bottom: 56.25%; height: 0; overflow: hidden; max-width: 100%; } .embed-container iframe, .embed-container object, .embed-container embed { position: absolute; top: 0; left: 0; width:",https://www.fmshoes.com.tw/products/685b8364d8db5a000d691214?variation=685b8362b69f59000d725e38,https://img.shoplineapp.com/media/image_clips/685b72378a66eb00104068dd/original.jpg?1750823479,1680 TWD,in stock,new
685b8364d8db5a000d691214:685b8362b69f59000d725e39,NEUTRAL 輕量美型健走涼鞋 米(36-42),".embed-container { position: relative; padding-bottom: 56.25%; height: 0; overflow: hidden; max-width: 100%; } .embed-container iframe, .embed-container object, .embed-container embed { position: absolute; top: 0; left: 0; width:",https://www.fmshoes.com.tw/products/685b8364d8db5a000d691214?variation=685b8362b69f59000d725e39,https://img.shoplineapp.com/media/image_clips/685b72378a66eb00104068dd/original.jpg?1750823479,1680 TWD,in stock,new
685b8364d8db5a000d691214:685b8362b69f59000d725e3a,NEUTRAL 輕量美型健走涼鞋 米(36-42),".embed-container { position: relative; padding-bottom: 56.25%; height: 0; overflow: hidden; max-width: 100%; } .embed-container iframe, .embed-container object, .embed-container embed { position: absolute; top: 0; left: 0; width:",https://www.fmshoes.com.tw/products/685b8364d8db5a000d691214?variation=685b8362b69f59000d725e3a,https://img.shoplineapp.com/media/image_clips/685b72378a66eb00104068dd/original.jpg?1750823479,1680 TWD,in stock,new
685b8364d8db5a000d691214:685b8362b69f59000d725e3b,NEUTRAL 輕量美型健走涼鞋 米(36-42),".embed-container { position: relative; padding-bottom: 56.25%; height: 0; overflow: hidden; max-width: 100%; } .embed-container iframe, .embed-container object, .embed-container embed { position: absolute; top: 0; left: 0; width:",https://www.fmshoes.com.tw/products/685b8364d8db5a000d691214?variation=685b8362b69f59000d725e3b,https://img.shoplineapp.com/media/image_clips/685b72378a66eb00104068dd/original.jpg?1750823479,1680 TWD,in stock,new
685b8364d8db5a000d691214:685b8362b69f59000d725e3c,NEUTRAL 輕量美型健走涼鞋 米(36-42),".embed-container { position: relative; padding-bottom: 56.25%; height: 0; overflow: hidden; max-width: 100%; } .embed-container iframe, .embed-container object, .embed-container embed { position: absolute; top: 0; left: 0; width:",https://www.fmshoes.com.tw/products/685b8364d8db5a000d691214?variation=685b8362b69f59000d725e3c,https://img.shoplineapp.com/media/image_clips/685b72378a66eb00104068dd/original.jpg?1750823479,1680 TWD,in stock,new
685b8364d8db5a000d691214:685b8362b69f59000d725e3d,NEUTRAL 輕量美型健走涼鞋 米(36-42),".embed-container { position: relative; padding-bottom: 56.25%; height: 0; overflow: hidden; max-width: 100%; } .embed-container iframe, .embed-container object, .embed-container embed { position: absolute; top: 0; left: 0; width:",https://www.fmshoes.com.tw/products/685b8364d8db5a000d691214?variation=685b8362b69f59000d725e3d,https://img.shoplineapp.com/media/image_clips/685b72378a66eb00104068dd/original.jpg?1750823479,1680 TWD,in stock,new
685b8364d8db5a000d691214:685b8362b69f59000d725e3e,NEUTRAL 輕量美型健走涼鞋 米(36-42),".embed-container { position: relative; padding-bottom: 56.25%; height: 0; overflow: hidden; max-width: 100%; } .embed-container iframe, .embed-container object, .embed-container embed { position: absolute; top: 0; left: 0; width:",https://www.fmshoes.com.tw/products/685b8364d8db5a000d691214?variation=685b8362b69f59000d725e3e,https://img.shoplineapp.com/media/image_clips/685b72378a66eb00104068dd/original.jpg?1750823479,1680 TWD,in stock,new
685b8470ab9b860011188955:685b8470e65366000de5b35e,NEUTRAL 輕量美型健走涼鞋 粉(36-42),".embed-container { position: relative; padding-bottom: 56.25%; height: 0; overflow: hidden; max-width: 100%; } .embed-container iframe, .embed-container object, .embed-container embed { position: absolute; top: 0; left: 0; width:",https://www.fmshoes.com.tw/products/685b8470ab9b860011188955?variation=685b8470e65366000de5b35e,https://img.shoplineapp.com/media/image_clips/685b83e59a37ac0011d5b614/original.jpg?1750828005,1680 TWD,in stock,new
685b8470ab9b860011188955:685b8470e65366000de5b35f,NEUTRAL 輕量美型健走涼鞋 粉(36-42),".embed-container { position: relative; padding-bottom: 56.25%; height: 0; overflow: hidden; max-width: 100%; } .embed-container iframe, .embed-container object, .embed-container embed { position: absolute; top: 0; left: 0; width:",https://www.fmshoes.com.tw/products/685b8470ab9b860011188955?variation=685b8470e65366000de5b35f,https://img.shoplineapp.com/media/image_clips/685b83e59a37ac0011d5b614/original.jpg?1750828005,1680 TWD,in stock,new
685b8470ab9b860011188955:685b8470e65366000de5b360,NEUTRAL 輕量美型健走涼鞋 粉(36-42),".embed-container { position: relative; padding-bottom: 56.25%; height: 0; overflow: hidden; max-width: 100%; } .embed-container iframe, .embed-container object, .embed-container embed { position: absolute; top: 0; left: 0; width:",https://www.fmshoes.com.tw/products/685b8470ab9b860011188955?variation=685b8470e65366000de5b360,https://img.shoplineapp.com/media/image_clips/685b83e59a37ac0011d5b614/original.jpg?1750828005,1680 TWD,in stock,new
685b8470ab9b860011188955:685b8470e65366000de5b361,NEUTRAL 輕量美型健走涼鞋 粉(36-42),".embed-container { position: relative; padding-bottom: 56.25%; height: 0; overflow: hidden; max-width: 100%; } .embed-container iframe, .embed-container object, .embed-container embed { position: absolute; top: 0; left: 0; width:",https://www.fmshoes.com.tw/products/685b8470ab9b860011188955?variation=685b8470e65366000de5b361,https://img.shoplineapp.com/media/image_clips/685b83e59a37ac0011d5b614/original.jpg?1750828005,1680 TWD,in stock,new
685b8470ab9b860011188955:685b8470e65366000de5b362,NEUTRAL 輕量美型健走涼鞋 粉(36-42),".embed-container { position: relative; padding-bottom: 56.25%; height: 0; overflow: hidden; max-width: 100%; } .embed-container iframe, .embed-container object, .embed-container embed { position: absolute; top: 0; left: 0; width:",https://www.fmshoes.com.tw/products/685b8470ab9b860011188955?variation=685b8470e65366000de5b362,https://img.shoplineapp.com/media/image_clips/685b83e59a37ac0011d5b614/original.jpg?1750828005,1680 TWD,in stock,new
685b8470ab9b860011188955:685b8470e65366000de5b363,NEUTRAL 輕量美型健走涼鞋 粉(36-42),".embed-container { position: relative; padding-bottom: 56.25%; height: 0; overflow: hidden; max-width: 100%; } .embed-container iframe, .embed-container object, .embed-container embed { position: absolute; top: 0; left: 0; width:",https://www.fmshoes.com.tw/products/685b8470ab9b860011188955?variation=685b8470e65366000de5b363,https://img.shoplineapp.com/media/image_clips/685b83e59a37ac0011d5b614/original.jpg?1750828005,1680 TWD,in stock,new
685b8470ab9b860011188955:685b8470e65366000de5b364,NEUTRAL 輕量美型健走涼鞋 粉(36-42),".embed-container { position: relative; padding-bottom: 56.25%; height: 0; overflow: hidden; max-width: 100%; } .embed-container iframe, .embed-container object, .embed-container embed { position: absolute; top: 0; left: 0; width:",https://www.fmshoes.com.tw/products/685b8470ab9b860011188955?variation=685b8470e65366000de5b364,https://img.shoplineapp.com/media/image_clips/685b83e59a37ac0011d5b614/original.jpg?1750828005,1680 TWD,in stock,new
685b88500879280010ebf419:685b884e1dda0f000cdb04a9,NEUTRAL 輕量美型健走涼鞋 灰藍(36-42),".embed-container { position: relative; padding-bottom: 56.25%; height: 0; overflow: hidden; max-width: 100%; } .embed-container iframe, .embed-container object, .embed-container embed { position: absolute; top: 0; left: 0; width:",https://www.fmshoes.com.tw/products/685b88500879280010ebf419?variation=685b884e1dda0f000cdb04a9,https://img.shoplineapp.com/media/image_clips/685b877c119af6000d74a5ca/original.jpg?1750828923,1680 TWD,in stock,new
685b88500879280010ebf419:685b884e1dda0f000cdb04aa,NEUTRAL 輕量美型健走涼鞋 灰藍(36-42),".embed-container { position: relative; padding-bottom: 56.25%; height: 0; overflow: hidden; max-width: 100%; } .embed-container iframe, .embed-container object, .embed-container embed { position: absolute; top: 0; left: 0; width:",https://www.fmshoes.com.tw/products/685b88500879280010ebf419?variation=685b884e1dda0f000cdb04aa,https://img.shoplineapp.com/media/image_clips/685b877c119af6000d74a5ca/original.jpg?1750828923,1680 TWD,in stock,new
685b88500879280010ebf419:685b884e1dda0f000cdb04ab,NEUTRAL 輕量美型健走涼鞋 灰藍(36-42),".embed-container { position: relative; padding-bottom: 56.25%; height: 0; overflow: hidden; max-width: 100%; } .embed-container iframe, .embed-container object, .embed-container embed { position: absolute; top: 0; left: 0; width:",https://www.fmshoes.com.tw/products/685b88500879280010ebf419?variation=685b884e1dda0f000cdb04ab,https://img.shoplineapp.com/media/image_clips/685b877c119af6000d74a5ca/original.jpg?1750828923,1680 TWD,in stock,new
685b88500879280010ebf419:685b884e1dda0f000cdb04ac,NEUTRAL 輕量美型健走涼鞋 灰藍(36-42),".embed-container { position: relative; padding-bottom: 56.25%; height: 0; overflow: hidden; max-width: 100%; } .embed-container iframe, .embed-container object, .embed-container embed { position: absolute; top: 0; left: 0; width:",https://www.fmshoes.com.tw/products/685b88500879280010ebf419?variation=685b884e1dda0f000cdb04ac,https://img.shoplineapp.com/media/image_clips/685b877c119af6000d74a5ca/original.jpg?1750828923,1680 TWD,in stock,new
685b88500879280010ebf419:685b884e1dda0f000cdb04ad,NEUTRAL 輕量美型健走涼鞋 灰藍(36-42),".embed-container { position: relative; padding-bottom: 56.25%; height: 0; overflow: hidden; max-width: 100%; } .embed-container iframe, .embed-container object, .embed-container embed { position: absolute; top: 0; left: 0; width:",https://www.fmshoes.com.tw/products/685b88500879280010ebf419?variation=685b884e1dda0f000cdb04ad,https://img.shoplineapp.com/media/image_clips/685b877c119af6000d74a5ca/original.jpg?1750828923,1680 TWD,in stock,new
685b88500879280010ebf419:685b884e1dda0f000cdb04ae,NEUTRAL 輕量美型健走涼鞋 灰藍(36-42),".embed-container { position: relative; padding-bottom: 56.25%; height: 0; overflow: hidden; max-width: 100%; } .embed-container iframe, .embed-container object, .embed-container embed { position: absolute; top: 0; left: 0; width:",https://www.fmshoes.com.tw/products/685b88500879280010ebf419?variation=685b884e1dda0f000cdb04ae,https://img.shoplineapp.com/media/image_clips/685b877c119af6000d74a5ca/original.jpg?1750828923,1680 TWD,in stock,new
685b8918dd4c23000c46d459:685b8916bba5b700094098f8,NEUTRAL 輕量美型健走涼鞋 黑(36-42),".embed-container { position: relative; padding-bottom: 56.25%; height: 0; overflow: hidden; max-width: 100%; } .embed-container iframe, .embed-container object, .embed-container embed { position: absolute; top: 0; left: 0; width:",https://www.fmshoes.com.tw/products/685b8918dd4c23000c46d459?variation=685b8916bba5b700094098f8,https://img.shoplineapp.com/media/image_clips/685b88765ba77000102cd56f/original.jpg?1750829173,1680 TWD,in stock,new
685b8918dd4c23000c46d459:685b8916bba5b700094098f9,NEUTRAL 輕量美型健走涼鞋 黑(36-42),".embed-container { position: relative; padding-bottom: 56.25%; height: 0; overflow: hidden; max-width: 100%; } .embed-container iframe, .embed-container object, .embed-container embed { position: absolute; top: 0; left: 0; width:",https://www.fmshoes.com.tw/products/685b8918dd4c23000c46d459?variation=685b8916bba5b700094098f9,https://img.shoplineapp.com/media/image_clips/685b88765ba77000102cd56f/original.jpg?1750829173,1680 TWD,in stock,new
685b8918dd4c23000c46d459:685b8916bba5b700094098fa,NEUTRAL 輕量美型健走涼鞋 黑(36-42),".embed-container { position: relative; padding-bottom: 56.25%; height: 0; overflow: hidden; max-width: 100%; } .embed-container iframe, .embed-container object, .embed-container embed { position: absolute; top: 0; left: 0; width:",https://www.fmshoes.com.tw/products/685b8918dd4c23000c46d459?variation=685b8916bba5b700094098fa,https://img.shoplineapp.com/media/image_clips/685b88765ba77000102cd56f/original.jpg?1750829173,1680 TWD,in stock,new
685b8918dd4c23000c46d459:685b8916bba5b700094098fb,NEUTRAL 輕量美型健走涼鞋 黑(36-42),".embed-container { position: relative; padding-bottom: 56.25%; height: 0; overflow: hidden; max-width: 100%; } .embed-container iframe, .embed-container object, .embed-container embed { position: absolute; top: 0; left: 0; width:",https://www.fmshoes.com.tw/products/685b8918dd4c23000c46d459?variation=685b8916bba5b700094098fb,https://img.shoplineapp.com/media/image_clips/685b88765ba77000102cd56f/original.jpg?1750829173,1680 TWD,in stock,new
685b8918dd4c23000c46d459:685b8916bba5b700094098fc,NEUTRAL 輕量美型健走涼鞋 黑(36-42),".embed-container { position: relative; padding-bottom: 56.25%; height: 0; overflow: hidden; max-width: 100%; } .embed-container iframe, .embed-container object, .embed-container embed { position: absolute; top: 0; left: 0; width:",https://www.fmshoes.com.tw/products/685b8918dd4c23000c46d459?variation=685b8916bba5b700094098fc,https://img.shoplineapp.com/media/image_clips/685b88765ba77000102cd56f/original.jpg?1750829173,1680 TWD,in stock,new
687603e2b5fdeb000cd38c64:687603e1ae8ef503390507c0,NEUTRAL 雲感輕彈增高秒穿鞋 奶茶白(36-46),".embed-container { position: relative; padding-bottom: 56.25%; height: 0; overflow: hidden; max-width: 100%; } .embed-container iframe, .embed-container object, .embed-container embed { position: absolute; top: 0; left: 0; width:",https://www.fmshoes.com.tw/products/687603e2b5fdeb000cd38c64?variation=687603e1ae8ef503390507c0,https://img.shoplineapp.com/media/image_clips/687f0871fca35c0014aa38be/original.jpg?1753155697,1890 TWD,in stock,new
687603e2b5fdeb000cd38c64:687603e1ae8ef503390507c1,NEUTRAL 雲感輕彈增高秒穿鞋 奶茶白(36-46),".embed-container { position: relative; padding-bottom: 56.25%; height: 0; overflow: hidden; max-width: 100%; } .embed-container iframe, .embed-container object, .embed-container embed { position: absolute; top: 0; left: 0; width:",https://www.fmshoes.com.tw/products/687603e2b5fdeb000cd38c64?variation=687603e1ae8ef503390507c1,https://img.shoplineapp.com/media/image_clips/687f0871fca35c0014aa38be/original.jpg?1753155697,1890 TWD,in stock,new
687603e2b5fdeb000cd38c64:687603e1ae8ef503390507c2,NEUTRAL 雲感輕彈增高秒穿鞋 奶茶白(36-46),".embed-container { position: relative; padding-bottom: 56.25%; height: 0; overflow: hidden; max-width: 100%; } .embed-container iframe, .embed-container object, .embed-container embed { position: absolute; top: 0; left: 0; width:",https://www.fmshoes.com.tw/products/687603e2b5fdeb000cd38c64?variation=687603e1ae8ef503390507c2,https://img.shoplineapp.com/media/image_clips/687f0871fca35c0014aa38be/original.jpg?1753155697,1890 TWD,in stock,new
687603e2b5fdeb000cd38c64:687603e1ae8ef503390507c3,NEUTRAL 雲感輕彈增高秒穿鞋 奶茶白(36-46),".embed-container { position: relative; padding-bottom: 56.25%; height: 0; overflow: hidden; max-width: 100%; } .embed-container iframe, .embed-container object, .embed-container embed { position: absolute; top: 0; left: 0; width:",https://www.fmshoes.com.tw/products/687603e2b5fdeb000cd38c64?variation=687603e1ae8ef503390507c3,https://img.shoplineapp.com/media/image_clips/687f0871fca35c0014aa38be/original.jpg?1753155697,1890 TWD,in stock,new
687603e2b5fdeb000cd38c64:687603e1ae8ef503390507c4,NEUTRAL 雲感輕彈增高秒穿鞋 奶茶白(36-46),".embed-container { position: relative; padding-bottom: 56.25%; height: 0; overflow: hidden; max-width: 100%; } .embed-container iframe, .embed-container object, .embed-container embed { position: absolute; top: 0; left: 0; width:",https://www.fmshoes.com.tw/products/687603e2b5fdeb000cd38c64?variation=687603e1ae8ef503390507c4,https://img.shoplineapp.com/media/image_clips/687f0871fca35c0014aa38be/original.jpg?1753155697,1890 TWD,in stock,new
687603e2b5fdeb000cd38c64:687603e1ae8ef503390507c5,NEUTRAL 雲感輕彈增高秒穿鞋 奶茶白(36-46),".embed-container { position: relative; padding-bottom: 56.25%; height: 0; overflow: hidden; max-width: 100%; } .embed-container iframe, .embed-container object, .embed-container embed { position: absolute; top: 0; left: 0; width:",https://www.fmshoes.com.tw/products/687603e2b5fdeb000cd38c64?variation=687603e1ae8ef503390507c5,https://img.shoplineapp.com/media/image_clips/687f0871fca35c0014aa38be/original.jpg?1753155697,1890 TWD,in stock,new
687603e2b5fdeb000cd38c64:687603e1ae8ef503390507c6,NEUTRAL 雲感輕彈增高秒穿鞋 奶茶白(36-46),".embed-container { position: relative; padding-bottom: 56.25%; height: 0; overflow: hidden; max-width: 100%; } .embed-container iframe, .embed-container object, .embed-container embed { position: absolute; top: 0; left: 0; width:",https://www.fmshoes.com.tw/products/687603e2b5fdeb000cd38c64?variation=687603e1ae8ef503390507c6,https://img.shoplineapp.com/media/image_clips/687f0871fca35c0014aa38be/original.jpg?1753155697,1890 TWD,in stock,new
687603e2b5fdeb000cd38c64:687603e1ae8ef503390507c7,NEUTRAL 雲感輕彈增高秒穿鞋 奶茶白(36-46),".embed-container { position: relative; padding-bottom: 56.25%; height: 0; overflow: hidden; max-width: 100%; } .embed-container iframe, .embed-container object, .embed-container embed { position: absolute; top: 0; left: 0; width:",https://www.fmshoes.com.tw/products/687603e2b5fdeb000cd38c64?variation=687603e1ae8ef503390507c7,https://img.shoplineapp.com/media/image_clips/687f0871fca35c0014aa38be/original.jpg?1753155697,1890 TWD,in stock,new
687603e2b5fdeb000cd38c64:687603e1ae8ef503390507c8,NEUTRAL 雲感輕彈增高秒穿鞋 奶茶白(36-46),".embed-container { position: relative; padding-bottom: 56.25%; height: 0; overflow: hidden; max-width: 100%; } .embed-container iframe, .embed-container object, .embed-container embed { position: absolute; top: 0; left: 0; width:",https://www.fmshoes.com.tw/products/687603e2b5fdeb000cd38c64?variation=687603e1ae8ef503390507c8,https://img.shoplineapp.com/media/image_clips/687f0871fca35c0014aa38be/original.jpg?1753155697,1890 TWD,in stock,new
687603e2b5fdeb000cd38c64:687603e1ae8ef503390507c9,NEUTRAL 雲感輕彈增高秒穿鞋 奶茶白(36-46),".embed-container { position: relative; padding-bottom: 56.25%; height: 0; overflow: hidden; max-width: 100%; } .embed-container iframe, .embed-container object, .embed-container embed { position: absolute; top: 0; left: 0; width:",https://www.fmshoes.com.tw/products/687603e2b5fdeb000cd38c64?variation=687603e1ae8ef503390507c9,https://img.shoplineapp.com/media/image_clips/687f0871fca35c0014aa38be/original.jpg?1753155697,1890 TWD,in stock,new
687603e2b5fdeb000cd38c64:687603e1ae8ef503390507ca,NEUTRAL 雲感輕彈增高秒穿鞋 奶茶白(36-46),".embed-container { position: relative; padding-bottom: 56.25%; height: 0; overflow: hidden; max-width: 100%; } .embed-container iframe, .embed-container object, .embed-container embed { position: absolute; top: 0; left: 0; width:",https://www.fmshoes.com.tw/products/687603e2b5fdeb000cd38c64?variation=687603e1ae8ef503390507ca,https://img.shoplineapp.com/media/image_clips/687f0871fca35c0014aa38be/original.jpg?1753155697,1890 TWD,in stock,new
687604d2a0c8350018617b6c:687604d06542a800104630d1,NEUTRAL 雲感輕彈增高秒穿鞋 黑白(36-46),".embed-container { position: relative; padding-bottom: 56.25%; height: 0; overflow: hidden; max-width: 100%; } .embed-container iframe, .embed-container object, .embed-container embed { position: absolute; top: 0; left: 0; width:",https://www.fmshoes.com.tw/products/687604d2a0c8350018617b6c?variation=687604d06542a800104630d1,https://img.shoplineapp.com/media/image_clips/6881c4bb85104e0742639cf2/original.jpg?1753334971=&owner_id=627e1d404e691000311b0a4f,1890 TWD,in stock,new
687604d2a0c8350018617b6c:687604d06542a800104630d2,NEUTRAL 雲感輕彈增高秒穿鞋 黑白(36-46),".embed-container { position: relative; padding-bottom: 56.25%; height: 0; overflow: hidden; max-width: 100%; } .embed-container iframe, .embed-container object, .embed-container embed { position: absolute; top: 0; left: 0; width:",https://www.fmshoes.com.tw/products/687604d2a0c8350018617b6c?variation=687604d06542a800104630d2,https://img.shoplineapp.com/media/image_clips/6881c4bb85104e0742639cf2/original.jpg?1753334971=&owner_id=627e1d404e691000311b0a4f,1890 TWD,in stock,new
687604d2a0c8350018617b6c:687604d06542a800104630d3,NEUTRAL 雲感輕彈增高秒穿鞋 黑白(36-46),".embed-container { position: relative; padding-bottom: 56.25%; height: 0; overflow: hidden; max-width: 100%; } .embed-container iframe, .embed-container object, .embed-container embed { position: absolute; top: 0; left: 0; width:",https://www.fmshoes.com.tw/products/687604d2a0c8350018617b6c?variation=687604d06542a800104630d3,https://img.shoplineapp.com/media/image_clips/6881c4bb85104e0742639cf2/original.jpg?1753334971=&owner_id=627e1d404e691000311b0a4f,1890 TWD,in stock,new
687604d2a0c8350018617b6c:687604d06542a800104630d4,NEUTRAL 雲感輕彈增高秒穿鞋 黑白(36-46),".embed-container { position: relative; padding-bottom: 56.25%; height: 0; overflow: hidden; max-width: 100%; } .embed-container iframe, .embed-container object, .embed-container embed { position: absolute; top: 0; left: 0; width:",https://www.fmshoes.com.tw/products/687604d2a0c8350018617b6c?variation=687604d06542a800104630d4,https://img.shoplineapp.com/media/image_clips/6881c4bb85104e0742639cf2/original.jpg?1753334971=&owner_id=627e1d404e691000311b0a4f,1890 TWD,in stock,new
687604d2a0c8350018617b6c:687604d06542a800104630d5,NEUTRAL 雲感輕彈增高秒穿鞋 黑白(36-46),".embed-container { position: relative; padding-bottom: 56.25%; height: 0; overflow: hidden; max-width: 100%; } .embed-container iframe, .embed-container object, .embed-container embed { position: absolute; top: 0; left: 0; width:",https://www.fmshoes.com.tw/products/687604d2a0c8350018617b6c?variation=687604d06542a800104630d5,https://img.shoplineapp.com/media/image_clips/6881c4bb85104e0742639cf2/original.jpg?1753334971=&owner_id=627e1d404e691000311b0a4f,1890 TWD,in stock,new
687604d2a0c8350018617b6c:687604d06542a800104630d6,NEUTRAL 雲感輕彈增高秒穿鞋 黑白(36-46),".embed-container { position: relative; padding-bottom: 56.25%; height: 0; overflow: hidden; max-width: 100%; } .embed-container iframe, .embed-container object, .embed-container embed { position: absolute; top: 0; left: 0; width:",https://www.fmshoes.com.tw/products/687604d2a0c8350018617b6c?variation=687604d06542a800104630d6,https://img.shoplineapp.com/media/image_clips/6881c4bb85104e0742639cf2/original.jpg?1753334971=&owner_id=627e1d404e691000311b0a4f,1890 TWD,in stock,new
687604d2a0c8350018617b6c:687604d06542a800104630d7,NEUTRAL 雲感輕彈增高秒穿鞋 黑白(36-46),".embed-container { position: relative; padding-bottom: 56.25%; height: 0; overflow: hidden; max-width: 100%; } .embed-container iframe, .embed-container object, .embed-container embed { position: absolute; top: 0; left: 0; width:",https://www.fmshoes.com.tw/products/687604d2a0c8350018617b6c?variation=687604d06542a800104630d7,https://img.shoplineapp.com/media/image_clips/6881c4bb85104e0742639cf2/original.jpg?1753334971=&owner_id=627e1d404e691000311b0a4f,1890 TWD,in stock,new
687604d2a0c8350018617b6c:687604d06542a800104630d8,NEUTRAL 雲感輕彈增高秒穿鞋 黑白(36-46),".embed-container { position: relative; padding-bottom: 56.25%; height: 0; overflow: hidden; max-width: 100%; } .embed-container iframe, .embed-container object, .embed-container embed { position: absolute; top: 0; left: 0; width:",https://www.fmshoes.com.tw/products/687604d2a0c8350018617b6c?variation=687604d06542a800104630d8,https://img.shoplineapp.com/media/image_clips/6881c4bb85104e0742639cf2/original.jpg?1753334971=&owner_id=627e1d404e691000311b0a4f,1890 TWD,in stock,new
687604d2a0c8350018617b6c:687604d06542a800104630d9,NEUTRAL 雲感輕彈增高秒穿鞋 黑白(36-46),".embed-container { position: relative; padding-bottom: 56.25%; height: 0; overflow: hidden; max-width: 100%; } .embed-container iframe, .embed-container object, .embed-container embed { position: absolute; top: 0; left: 0; width:",https://www.fmshoes.com.tw/products/687604d2a0c8350018617b6c?variation=687604d06542a800104630d9,https://img.shoplineapp.com/media/image_clips/6881c4bb85104e0742639cf2/original.jpg?1753334971=&owner_id=627e1d404e691000311b0a4f,1890 TWD,in stock,new
687604d2a0c8350018617b6c:687604d06542a800104630da,NEUTRAL 雲感輕彈增高秒穿鞋 黑白(36-46),".embed-container { position: relative; padding-bottom: 56.25%; height: 0; overflow: hidden; max-width: 100%; } .embed-container iframe, .embed-container object, .embed-container embed { position: absolute; top: 0; left: 0; width:",https://www.fmshoes.com.tw/products/687604d2a0c8350018617b6c?variation=687604d06542a800104630da,https://img.shoplineapp.com/media/image_clips/6881c4bb85104e0742639cf2/original.jpg?1753334971=&owner_id=627e1d404e691000311b0a4f,1890 TWD,in stock,new
687604d2a0c8350018617b6c:687604d06542a800104630db,NEUTRAL 雲感輕彈增高秒穿鞋 黑白(36-46),".embed-container { position: relative; padding-bottom: 56.25%; height: 0; overflow: hidden; max-width: 100%; } .embed-container iframe, .embed-container object, .embed-container embed { position: absolute; top: 0; left: 0; width:",https://www.fmshoes.com.tw/products/687604d2a0c8350018617b6c?variation=687604d06542a800104630db,https://img.shoplineapp.com/media/image_clips/6881c4bb85104e0742639cf2/original.jpg?1753334971=&owner_id=627e1d404e691000311b0a4f,1890 TWD,in stock,new
6878ab7af2b989000eda16cc:6878ab78e4d149000c9773f0,FM SHOES 全真皮足弓減壓麂皮饅頭鞋 棕(36-44),".embed-container { position: relative; padding-bottom: 56.25%; height: 0; overflow: hidden; max-width: 100%; } .embed-container iframe, .embed-container object, .embed-container embed { position: absolute; top: 0; left: 0; width:",https://www.fmshoes.com.tw/products/6878ab7af2b989000eda16cc?variation=6878ab78e4d149000c9773f0,https://img.shoplineapp.com/media/image_clips/6878a9902c1a44001474cd2d/original.jpg?1752738192,1980 TWD,in stock,new
6878ab7af2b989000eda16cc:6878ab78e4d149000c9773f1,FM SHOES 全真皮足弓減壓麂皮饅頭鞋 棕(36-44),".embed-container { position: relative; padding-bottom: 56.25%; height: 0; overflow: hidden; max-width: 100%; } .embed-container iframe, .embed-container object, .embed-container embed { position: absolute; top: 0; left: 0; width:",https://www.fmshoes.com.tw/products/6878ab7af2b989000eda16cc?variation=6878ab78e4d149000c9773f1,https://img.shoplineapp.com/media/image_clips/6878a9902c1a44001474cd2d/original.jpg?1752738192,1980 TWD,in stock,new
6878ab7af2b989000eda16cc:6878ab78e4d149000c9773f2,FM SHOES 全真皮足弓減壓麂皮饅頭鞋 棕(36-44),".embed-container { position: relative; padding-bottom: 56.25%; height: 0; overflow: hidden; max-width: 100%; } .embed-container iframe, .embed-container object, .embed-container embed { position: absolute; top: 0; left: 0; width:",https://www.fmshoes.com.tw/products/6878ab7af2b989000eda16cc?variation=6878ab78e4d149000c9773f2,https://img.shoplineapp.com/media/image_clips/6878a9902c1a44001474cd2d/original.jpg?1752738192,1980 TWD,in stock,new
6878ab7af2b989000eda16cc:6878ab78e4d149000c9773f3,FM SHOES 全真皮足弓減壓麂皮饅頭鞋 棕(36-44),".embed-container { position: relative; padding-bottom: 56.25%; height: 0; overflow: hidden; max-width: 100%; } .embed-container iframe, .embed-container object, .embed-container embed { position: absolute; top: 0; left: 0; width:",https://www.fmshoes.com.tw/products/6878ab7af2b989000eda16cc?variation=6878ab78e4d149000c9773f3,https://img.shoplineapp.com/media/image_clips/6878a9902c1a44001474cd2d/original.jpg?1752738192,1980 TWD,in stock,new
6878ab7af2b989000eda16cc:6878ab78e4d149000c9773f4,FM SHOES 全真皮足弓減壓麂皮饅頭鞋 棕(36-44),".embed-container { position: relative; padding-bottom: 56.25%; height: 0; overflow: hidden; max-width: 100%; } .embed-container iframe, .embed-container object, .embed-container embed { position: absolute; top: 0; left: 0; width:",https://www.fmshoes.com.tw/products/6878ab7af2b989000eda16cc?variation=6878ab78e4d149000c9773f4,https://img.shoplineapp.com/media/image_clips/6878a9902c1a44001474cd2d/original.jpg?1752738192,1980 TWD,in stock,new
6878ab7af2b989000eda16cc:68d2651e148103000a8ff08b,FM SHOES 全真皮足弓減壓麂皮饅頭鞋 棕(36-44),".embed-container { position: relative; padding-bottom: 56.25%; height: 0; overflow: hidden; max-width: 100%; } .embed-container iframe, .embed-container object, .embed-container embed { position: absolute; top: 0; left: 0; width:",https://www.fmshoes.com.tw/products/6878ab7af2b989000eda16cc?variation=68d2651e148103000a8ff08b,https://img.shoplineapp.com/media/image_clips/6878a9902c1a44001474cd2d/original.jpg?1752738192,1980 TWD,in stock,new
6878ab7af2b989000eda16cc:68d2651e148103000a8ff08c,FM SHOES 全真皮足弓減壓麂皮饅頭鞋 棕(36-44),".embed-container { position: relative; padding-bottom: 56.25%; height: 0; overflow: hidden; max-width: 100%; } .embed-container iframe, .embed-container object, .embed-container embed { position: absolute; top: 0; left: 0; width:",https://www.fmshoes.com.tw/products/6878ab7af2b989000eda16cc?variation=68d2651e148103000a8ff08c,https://img.shoplineapp.com/media/image_clips/6878a9902c1a44001474cd2d/original.jpg?1752738192,1980 TWD,in stock,new
6878ab7af2b989000eda16cc:68d2651e148103000a8ff08d,FM SHOES 全真皮足弓減壓麂皮饅頭鞋 棕(36-44),".embed-container { position: relative; padding-bottom: 56.25%; height: 0; overflow: hidden; max-width: 100%; } .embed-container iframe, .embed-container object, .embed-container embed { position: absolute; top: 0; left: 0; width:",https://www.fmshoes.com.tw/products/6878ab7af2b989000eda16cc?variation=68d2651e148103000a8ff08d,https://img.shoplineapp.com/media/image_clips/6878a9902c1a44001474cd2d/original.jpg?1752738192,1980 TWD,in stock,new
6878ab7af2b989000eda16cc:68d2651e148103000a8ff08e,FM SHOES 全真皮足弓減壓麂皮饅頭鞋 棕(36-44),".embed-container { position: relative; padding-bottom: 56.25%; height: 0; overflow: hidden; max-width: 100%; } .embed-container iframe, .embed-container object, .embed-container embed { position: absolute; top: 0; left: 0; width:",https://www.fmshoes.com.tw/products/6878ab7af2b989000eda16cc?variation=68d2651e148103000a8ff08e,https://img.shoplineapp.com/media/image_clips/6878a9902c1a44001474cd2d/original.jpg?1752738192,1980 TWD,in stock,new
6878abe615cab9001218c945:6878abe5703af80016e3244c,FM SHOES 全真皮足弓減壓麂皮饅頭鞋 卡其(36-44),".embed-container { position: relative; padding-bottom: 56.25%; height: 0; overflow: hidden; max-width: 100%; } .embed-container iframe, .embed-container object, .embed-container embed { position: absolute; top: 0; left: 0; width:",https://www.fmshoes.com.tw/products/6878abe615cab9001218c945?variation=6878abe5703af80016e3244c,https://img.shoplineapp.com/media/image_clips/6878ab920a2c90000cd7629c/original.jpg?1752738705,1980 TWD,in stock,new
6878abe615cab9001218c945:6878abe5703af80016e3244d,FM SHOES 全真皮足弓減壓麂皮饅頭鞋 卡其(36-44),".embed-container { position: relative; padding-bottom: 56.25%; height: 0; overflow: hidden; max-width: 100%; } .embed-container iframe, .embed-container object, .embed-container embed { position: absolute; top: 0; left: 0; width:",https://www.fmshoes.com.tw/products/6878abe615cab9001218c945?variation=6878abe5703af80016e3244d,https://img.shoplineapp.com/media/image_clips/6878ab920a2c90000cd7629c/original.jpg?1752738705,1980 TWD,in stock,new
6878abe615cab9001218c945:6878abe5703af80016e3244e,FM SHOES 全真皮足弓減壓麂皮饅頭鞋 卡其(36-44),".embed-container { position: relative; padding-bottom: 56.25%; height: 0; overflow: hidden; max-width: 100%; } .embed-container iframe, .embed-container object, .embed-container embed { position: absolute; top: 0; left: 0; width:",https://www.fmshoes.com.tw/products/6878abe615cab9001218c945?variation=6878abe5703af80016e3244e,https://img.shoplineapp.com/media/image_clips/6878ab920a2c90000cd7629c/original.jpg?1752738705,1980 TWD,in stock,new
6878abe615cab9001218c945:6878abe5703af80016e3244f,FM SHOES 全真皮足弓減壓麂皮饅頭鞋 卡其(36-44),".embed-container { position: relative; padding-bottom: 56.25%; height: 0; overflow: hidden; max-width: 100%; } .embed-container iframe, .embed-container object, .embed-container embed { position: absolute; top: 0; left: 0; width:",https://www.fmshoes.com.tw/products/6878abe615cab9001218c945?variation=6878abe5703af80016e3244f,https://img.shoplineapp.com/media/image_clips/6878ab920a2c90000cd7629c/original.jpg?1752738705,1980 TWD,in stock,new
6878abe615cab9001218c945:6878abe5703af80016e32450,FM SHOES 全真皮足弓減壓麂皮饅頭鞋 卡其(36-44),".embed-container { position: relative; padding-bottom: 56.25%; height: 0; overflow: hidden; max-width: 100%; } .embed-container iframe, .embed-container object, .embed-container embed { position: absolute; top: 0; left: 0; width:",https://www.fmshoes.com.tw/products/6878abe615cab9001218c945?variation=6878abe5703af80016e32450,https://img.shoplineapp.com/media/image_clips/6878ab920a2c90000cd7629c/original.jpg?1752738705,1980 TWD,in stock,new
6878abe615cab9001218c945:68d26578f3cbcf0013c62942,FM SHOES 全真皮足弓減壓麂皮饅頭鞋 卡其(36-44),".embed-container { position: relative; padding-bottom: 56.25%; height: 0; overflow: hidden; max-width: 100%; } .embed-container iframe, .embed-container object, .embed-container embed { position: absolute; top: 0; left: 0; width:",https://www.fmshoes.com.tw/products/6878abe615cab9001218c945?variation=68d26578f3cbcf0013c62942,https://img.shoplineapp.com/media/image_clips/6878ab920a2c90000cd7629c/original.jpg?1752738705,1980 TWD,in stock,new
6878abe615cab9001218c945:68d26578f3cbcf0013c62943,FM SHOES 全真皮足弓減壓麂皮饅頭鞋 卡其(36-44),".embed-container { position: relative; padding-bottom: 56.25%; height: 0; overflow: hidden; max-width: 100%; } .embed-container iframe, .embed-container object, .embed-container embed { position: absolute; top: 0; left: 0; width:",https://www.fmshoes.com.tw/products/6878abe615cab9001218c945?variation=68d26578f3cbcf0013c62943,https://img.shoplineapp.com/media/image_clips/6878ab920a2c90000cd7629c/original.jpg?1752738705,1980 TWD,in stock,new
6878abe615cab9001218c945:68d26578f3cbcf0013c62944,FM SHOES 全真皮足弓減壓麂皮饅頭鞋 卡其(36-44),".embed-container { position: relative; padding-bottom: 56.25%; height: 0; overflow: hidden; max-width: 100%; } .embed-container iframe, .embed-container object, .embed-container embed { position: absolute; top: 0; left: 0; width:",https://www.fmshoes.com.tw/products/6878abe615cab9001218c945?variation=68d26578f3cbcf0013c62944,https://img.shoplineapp.com/media/image_clips/6878ab920a2c90000cd7629c/original.jpg?1752738705,1980 TWD,in stock,new
6878abe615cab9001218c945:68d26578f3cbcf0013c62945,FM SHOES 全真皮足弓減壓麂皮饅頭鞋 卡其(36-44),".embed-container { position: relative; padding-bottom: 56.25%; height: 0; overflow: hidden; max-width: 100%; } .embed-container iframe, .embed-container object, .embed-container embed { position: absolute; top: 0; left: 0; width:",https://www.fmshoes.com.tw/products/6878abe615cab9001218c945?variation=68d26578f3cbcf0013c62945,https://img.shoplineapp.com/media/image_clips/6878ab920a2c90000cd7629c/original.jpg?1752738705,1980 TWD,in stock,new
6878ac791278cb00101bb850:6878ac77f0cd600008bd2aa9,FM SHOES 全真皮足弓減壓麂皮饅頭鞋 白(36-43),".embed-container { position: relative; padding-bottom: 56.25%; height: 0; overflow: hidden; max-width: 100%; } .embed-container iframe, .embed-container object, .embed-container embed { position: absolute; top: 0; left: 0; width:",https://www.fmshoes.com.tw/products/6878ac791278cb00101bb850?variation=6878ac77f0cd600008bd2aa9,https://img.shoplineapp.com/media/image_clips/6878ac2a6b8c48000a9e2c4d/original.jpg?1752738858,1980 TWD,in stock,new
6878ac791278cb00101bb850:6878ac77f0cd600008bd2aaa,FM SHOES 全真皮足弓減壓麂皮饅頭鞋 白(36-43),".embed-container { position: relative; padding-bottom: 56.25%; height: 0; overflow: hidden; max-width: 100%; } .embed-container iframe, .embed-container object, .embed-container embed { position: absolute; top: 0; left: 0; width:",https://www.fmshoes.com.tw/products/6878ac791278cb00101bb850?variation=6878ac77f0cd600008bd2aaa,https://img.shoplineapp.com/media/image_clips/6878ac2a6b8c48000a9e2c4d/original.jpg?1752738858,1980 TWD,in stock,new
6878ac791278cb00101bb850:6878ac77f0cd600008bd2aab,FM SHOES 全真皮足弓減壓麂皮饅頭鞋 白(36-43),".embed-container { position: relative; padding-bottom: 56.25%; height: 0; overflow: hidden; max-width: 100%; } .embed-container iframe, .embed-container object, .embed-container embed { position: absolute; top: 0; left: 0; width:",https://www.fmshoes.com.tw/products/6878ac791278cb00101bb850?variation=6878ac77f0cd600008bd2aab,https://img.shoplineapp.com/media/image_clips/6878ac2a6b8c48000a9e2c4d/original.jpg?1752738858,1980 TWD,in stock,new
6878ac791278cb00101bb850:6878ac77f0cd600008bd2aac,FM SHOES 全真皮足弓減壓麂皮饅頭鞋 白(36-43),".embed-container { position: relative; padding-bottom: 56.25%; height: 0; overflow: hidden; max-width: 100%; } .embed-container iframe, .embed-container object, .embed-container embed { position: absolute; top: 0; left: 0; width:",https://www.fmshoes.com.tw/products/6878ac791278cb00101bb850?variation=6878ac77f0cd600008bd2aac,https://img.shoplineapp.com/media/image_clips/6878ac2a6b8c48000a9e2c4d/original.jpg?1752738858,1980 TWD,in stock,new
6878ac791278cb00101bb850:6878ac77f0cd600008bd2aad,FM SHOES 全真皮足弓減壓麂皮饅頭鞋 白(36-43),".embed-container { position: relative; padding-bottom: 56.25%; height: 0; overflow: hidden; max-width: 100%; } .embed-container iframe, .embed-container object, .embed-container embed { position: absolute; top: 0; left: 0; width:",https://www.fmshoes.com.tw/products/6878ac791278cb00101bb850?variation=6878ac77f0cd600008bd2aad,https://img.shoplineapp.com/media/image_clips/6878ac2a6b8c48000a9e2c4d/original.jpg?1752738858,1980 TWD,in stock,new
6878ac791278cb00101bb850:68d2659f148103000a8ff091,FM SHOES 全真皮足弓減壓麂皮饅頭鞋 白(36-43),".embed-container { position: relative; padding-bottom: 56.25%; height: 0; overflow: hidden; max-width: 100%; } .embed-container iframe, .embed-container object, .embed-container embed { position: absolute; top: 0; left: 0; width:",https://www.fmshoes.com.tw/products/6878ac791278cb00101bb850?variation=68d2659f148103000a8ff091,https://img.shoplineapp.com/media/image_clips/6878ac2a6b8c48000a9e2c4d/original.jpg?1752738858,1980 TWD,in stock,new
6878ac791278cb00101bb850:68d2659f148103000a8ff092,FM SHOES 全真皮足弓減壓麂皮饅頭鞋 白(36-43),".embed-container { position: relative; padding-bottom: 56.25%; height: 0; overflow: hidden; max-width: 100%; } .embed-container iframe, .embed-container object, .embed-container embed { position: absolute; top: 0; left: 0; width:",https://www.fmshoes.com.tw/products/6878ac791278cb00101bb850?variation=68d2659f148103000a8ff092,https://img.shoplineapp.com/media/image_clips/6878ac2a6b8c48000a9e2c4d/original.jpg?1752738858,1980 TWD,in stock,new
6878ac791278cb00101bb850:69fc1cbc97db19000e3d882c,FM SHOES 全真皮足弓減壓麂皮饅頭鞋 白(36-43),".embed-container { position: relative; padding-bottom: 56.25%; height: 0; overflow: hidden; max-width: 100%; } .embed-container iframe, .embed-container object, .embed-container embed { position: absolute; top: 0; left: 0; width:",https://www.fmshoes.com.tw/products/6878ac791278cb00101bb850?variation=69fc1cbc97db19000e3d882c,https://img.shoplineapp.com/media/image_clips/6878ac2a6b8c48000a9e2c4d/original.jpg?1752738858,1980 TWD,in stock,new
68cb9d2945512a0012288073:68cb9d272e0654000a85ee53,NEUTRAL +5°C 極境登山靴｜防水防風 × 冰爪兩用 銀灰(35-45),版 型 正常版(照原本尺寸購買)   產 地 台灣   鞋 面 防潑水尼龍面料   內 裏 透氣舒適內裡+除臭乳膠鞋墊   鞋 底 超輕橡膠防滑刻紋底+金屬冰爪   重 量 900公克 跟 型     筒 高  筒 圍,https://www.fmshoes.com.tw/products/68cb9d2945512a0012288073?variation=68cb9d272e0654000a85ee53,https://img.shoplineapp.com/media/image_clips/68d10cc7fc7160090ca535ac/original.jpg?1758530759=&owner_id=627e1d404e691000311b0a4f,2980 TWD,in stock,new
68cb9d2945512a0012288073:68cb9d272e0654000a85ee56,NEUTRAL +5°C 極境登山靴｜防水防風 × 冰爪兩用 銀灰(35-45),版 型 正常版(照原本尺寸購買)   產 地 台灣   鞋 面 防潑水尼龍面料   內 裏 透氣舒適內裡+除臭乳膠鞋墊   鞋 底 超輕橡膠防滑刻紋底+金屬冰爪   重 量 900公克 跟 型     筒 高  筒 圍,https://www.fmshoes.com.tw/products/68cb9d2945512a0012288073?variation=68cb9d272e0654000a85ee56,https://img.shoplineapp.com/media/image_clips/68d10cc7fc7160090ca535ac/original.jpg?1758530759=&owner_id=627e1d404e691000311b0a4f,2980 TWD,in stock,new
68cb9d2945512a0012288073:68cb9d272e0654000a85ee57,NEUTRAL +5°C 極境登山靴｜防水防風 × 冰爪兩用 銀灰(35-45),版 型 正常版(照原本尺寸購買)   產 地 台灣   鞋 面 防潑水尼龍面料   內 裏 透氣舒適內裡+除臭乳膠鞋墊   鞋 底 超輕橡膠防滑刻紋底+金屬冰爪   重 量 900公克 跟 型     筒 高  筒 圍,https://www.fmshoes.com.tw/products/68cb9d2945512a0012288073?variation=68cb9d272e0654000a85ee57,https://img.shoplineapp.com/media/image_clips/68d10cc7fc7160090ca535ac/original.jpg?1758530759=&owner_id=627e1d404e691000311b0a4f,2980 TWD,in stock,new
68cb9d2945512a0012288073:68cb9d272e0654000a85ee58,NEUTRAL +5°C 極境登山靴｜防水防風 × 冰爪兩用 銀灰(35-45),版 型 正常版(照原本尺寸購買)   產 地 台灣   鞋 面 防潑水尼龍面料   內 裏 透氣舒適內裡+除臭乳膠鞋墊   鞋 底 超輕橡膠防滑刻紋底+金屬冰爪   重 量 900公克 跟 型     筒 高  筒 圍,https://www.fmshoes.com.tw/products/68cb9d2945512a0012288073?variation=68cb9d272e0654000a85ee58,https://img.shoplineapp.com/media/image_clips/68d10cc7fc7160090ca535ac/original.jpg?1758530759=&owner_id=627e1d404e691000311b0a4f,2980 TWD,in stock,new
68cb9d2945512a0012288073:68cb9d272e0654000a85ee59,NEUTRAL +5°C 極境登山靴｜防水防風 × 冰爪兩用 銀灰(35-45),版 型 正常版(照原本尺寸購買)   產 地 台灣   鞋 面 防潑水尼龍面料   內 裏 透氣舒適內裡+除臭乳膠鞋墊   鞋 底 超輕橡膠防滑刻紋底+金屬冰爪   重 量 900公克 跟 型     筒 高  筒 圍,https://www.fmshoes.com.tw/products/68cb9d2945512a0012288073?variation=68cb9d272e0654000a85ee59,https://img.shoplineapp.com/media/image_clips/68d10cc7fc7160090ca535ac/original.jpg?1758530759=&owner_id=627e1d404e691000311b0a4f,2980 TWD,in stock,new
68cb9d2945512a0012288073:68cb9d272e0654000a85ee5a,NEUTRAL +5°C 極境登山靴｜防水防風 × 冰爪兩用 銀灰(35-45),版 型 正常版(照原本尺寸購買)   產 地 台灣   鞋 面 防潑水尼龍面料   內 裏 透氣舒適內裡+除臭乳膠鞋墊   鞋 底 超輕橡膠防滑刻紋底+金屬冰爪   重 量 900公克 跟 型     筒 高  筒 圍,https://www.fmshoes.com.tw/products/68cb9d2945512a0012288073?variation=68cb9d272e0654000a85ee5a,https://img.shoplineapp.com/media/image_clips/68d10cc7fc7160090ca535ac/original.jpg?1758530759=&owner_id=627e1d404e691000311b0a4f,2980 TWD,in stock,new
68cb9d2945512a0012288073:68cb9d272e0654000a85ee5d,NEUTRAL +5°C 極境登山靴｜防水防風 × 冰爪兩用 銀灰(35-45),版 型 正常版(照原本尺寸購買)   產 地 台灣   鞋 面 防潑水尼龍面料   內 裏 透氣舒適內裡+除臭乳膠鞋墊   鞋 底 超輕橡膠防滑刻紋底+金屬冰爪   重 量 900公克 跟 型     筒 高  筒 圍,https://www.fmshoes.com.tw/products/68cb9d2945512a0012288073?variation=68cb9d272e0654000a85ee5d,https://img.shoplineapp.com/media/image_clips/68d10cc7fc7160090ca535ac/original.jpg?1758530759=&owner_id=627e1d404e691000311b0a4f,2980 TWD,in stock,new
68cb9ddc39d732001875bd7a:68cb9dda95b2e1000e40415b,NEUTRAL +5°C 極境登山靴｜防水防風 × 冰爪兩用 灰黃(35-45),版 型 正常版(照原本尺寸購買)   產 地 台灣   鞋 面 防潑水尼龍面料   內 裏 透氣舒適內裡+除臭乳膠鞋墊   鞋 底 超輕橡膠防滑刻紋底+金屬冰爪   重 量 900公克 跟 型     筒 高  筒 圍,https://www.fmshoes.com.tw/products/68cb9ddc39d732001875bd7a?variation=68cb9dda95b2e1000e40415b,https://img.shoplineapp.com/media/image_clips/68d10be004d1d8000c494328/original.jpg?1758530528=&owner_id=627e1d404e691000311b0a4f,2980 TWD,in stock,new
68cb9ddc39d732001875bd7a:68cb9dda95b2e1000e40415c,NEUTRAL +5°C 極境登山靴｜防水防風 × 冰爪兩用 灰黃(35-45),版 型 正常版(照原本尺寸購買)   產 地 台灣   鞋 面 防潑水尼龍面料   內 裏 透氣舒適內裡+除臭乳膠鞋墊   鞋 底 超輕橡膠防滑刻紋底+金屬冰爪   重 量 900公克 跟 型     筒 高  筒 圍,https://www.fmshoes.com.tw/products/68cb9ddc39d732001875bd7a?variation=68cb9dda95b2e1000e40415c,https://img.shoplineapp.com/media/image_clips/68d10be004d1d8000c494328/original.jpg?1758530528=&owner_id=627e1d404e691000311b0a4f,2980 TWD,in stock,new
68cb9ddc39d732001875bd7a:68cb9dda95b2e1000e40415d,NEUTRAL +5°C 極境登山靴｜防水防風 × 冰爪兩用 灰黃(35-45),版 型 正常版(照原本尺寸購買)   產 地 台灣   鞋 面 防潑水尼龍面料   內 裏 透氣舒適內裡+除臭乳膠鞋墊   鞋 底 超輕橡膠防滑刻紋底+金屬冰爪   重 量 900公克 跟 型     筒 高  筒 圍,https://www.fmshoes.com.tw/products/68cb9ddc39d732001875bd7a?variation=68cb9dda95b2e1000e40415d,https://img.shoplineapp.com/media/image_clips/68d10be004d1d8000c494328/original.jpg?1758530528=&owner_id=627e1d404e691000311b0a4f,2980 TWD,in stock,new
68cb9ddc39d732001875bd7a:68cb9dda95b2e1000e40415e,NEUTRAL +5°C 極境登山靴｜防水防風 × 冰爪兩用 灰黃(35-45),版 型 正常版(照原本尺寸購買)   產 地 台灣   鞋 面 防潑水尼龍面料   內 裏 透氣舒適內裡+除臭乳膠鞋墊   鞋 底 超輕橡膠防滑刻紋底+金屬冰爪   重 量 900公克 跟 型     筒 高  筒 圍,https://www.fmshoes.com.tw/products/68cb9ddc39d732001875bd7a?variation=68cb9dda95b2e1000e40415e,https://img.shoplineapp.com/media/image_clips/68d10be004d1d8000c494328/original.jpg?1758530528=&owner_id=627e1d404e691000311b0a4f,2980 TWD,in stock,new
68cb9ddc39d732001875bd7a:68cb9dda95b2e1000e40415f,NEUTRAL +5°C 極境登山靴｜防水防風 × 冰爪兩用 灰黃(35-45),版 型 正常版(照原本尺寸購買)   產 地 台灣   鞋 面 防潑水尼龍面料   內 裏 透氣舒適內裡+除臭乳膠鞋墊   鞋 底 超輕橡膠防滑刻紋底+金屬冰爪   重 量 900公克 跟 型     筒 高  筒 圍,https://www.fmshoes.com.tw/products/68cb9ddc39d732001875bd7a?variation=68cb9dda95b2e1000e40415f,https://img.shoplineapp.com/media/image_clips/68d10be004d1d8000c494328/original.jpg?1758530528=&owner_id=627e1d404e691000311b0a4f,2980 TWD,in stock,new
68cb9ddc39d732001875bd7a:68cb9dda95b2e1000e404160,NEUTRAL +5°C 極境登山靴｜防水防風 × 冰爪兩用 灰黃(35-45),版 型 正常版(照原本尺寸購買)   產 地 台灣   鞋 面 防潑水尼龍面料   內 裏 透氣舒適內裡+除臭乳膠鞋墊   鞋 底 超輕橡膠防滑刻紋底+金屬冰爪   重 量 900公克 跟 型     筒 高  筒 圍,https://www.fmshoes.com.tw/products/68cb9ddc39d732001875bd7a?variation=68cb9dda95b2e1000e404160,https://img.shoplineapp.com/media/image_clips/68d10be004d1d8000c494328/original.jpg?1758530528=&owner_id=627e1d404e691000311b0a4f,2980 TWD,in stock,new
68cb9ddc39d732001875bd7a:68cb9dda95b2e1000e404161,NEUTRAL +5°C 極境登山靴｜防水防風 × 冰爪兩用 灰黃(35-45),版 型 正常版(照原本尺寸購買)   產 地 台灣   鞋 面 防潑水尼龍面料   內 裏 透氣舒適內裡+除臭乳膠鞋墊   鞋 底 超輕橡膠防滑刻紋底+金屬冰爪   重 量 900公克 跟 型     筒 高  筒 圍,https://www.fmshoes.com.tw/products/68cb9ddc39d732001875bd7a?variation=68cb9dda95b2e1000e404161,https://img.shoplineapp.com/media/image_clips/68d10be004d1d8000c494328/original.jpg?1758530528=&owner_id=627e1d404e691000311b0a4f,2980 TWD,in stock,new
68cba0bdadd479000c502433:68cba0bc93c5020008e95ef3,NEUTRAL 經典六角烤漆釦減壓拖鞋 深咖(35-44),NEUTRAL 經典六角烤漆釦減壓拖鞋 深咖(35-44),https://www.fmshoes.com.tw/products/68cba0bdadd479000c502433?variation=68cba0bc93c5020008e95ef3,https://img.shoplineapp.com/media/image_clips/68cce5a587bee50010e63292/original.jpg?1758258597=&owner_id=627e1d404e691000311b0a4f,1480 TWD,in stock,new
68cba0bdadd479000c502433:68cba0bc93c5020008e95ef4,NEUTRAL 經典六角烤漆釦減壓拖鞋 深咖(35-44),NEUTRAL 經典六角烤漆釦減壓拖鞋 深咖(35-44),https://www.fmshoes.com.tw/products/68cba0bdadd479000c502433?variation=68cba0bc93c5020008e95ef4,https://img.shoplineapp.com/media/image_clips/68cce5a587bee50010e63292/original.jpg?1758258597=&owner_id=627e1d404e691000311b0a4f,1480 TWD,in stock,new
68cba0bdadd479000c502433:68cba0bc93c5020008e95ef5,NEUTRAL 經典六角烤漆釦減壓拖鞋 深咖(35-44),NEUTRAL 經典六角烤漆釦減壓拖鞋 深咖(35-44),https://www.fmshoes.com.tw/products/68cba0bdadd479000c502433?variation=68cba0bc93c5020008e95ef5,https://img.shoplineapp.com/media/image_clips/68cce5a587bee50010e63292/original.jpg?1758258597=&owner_id=627e1d404e691000311b0a4f,1480 TWD,in stock,new
68cba0bdadd479000c502433:68cba0bc93c5020008e95ef6,NEUTRAL 經典六角烤漆釦減壓拖鞋 深咖(35-44),NEUTRAL 經典六角烤漆釦減壓拖鞋 深咖(35-44),https://www.fmshoes.com.tw/products/68cba0bdadd479000c502433?variation=68cba0bc93c5020008e95ef6,https://img.shoplineapp.com/media/image_clips/68cce5a587bee50010e63292/original.jpg?1758258597=&owner_id=627e1d404e691000311b0a4f,1480 TWD,in stock,new
68cba0bdadd479000c502433:68cba0bc93c5020008e95ef7,NEUTRAL 經典六角烤漆釦減壓拖鞋 深咖(35-44),NEUTRAL 經典六角烤漆釦減壓拖鞋 深咖(35-44),https://www.fmshoes.com.tw/products/68cba0bdadd479000c502433?variation=68cba0bc93c5020008e95ef7,https://img.shoplineapp.com/media/image_clips/68cce5a587bee50010e63292/original.jpg?1758258597=&owner_id=627e1d404e691000311b0a4f,1480 TWD,in stock,new
68cba0bdadd479000c502433:68cba0bc93c5020008e95ef8,NEUTRAL 經典六角烤漆釦減壓拖鞋 深咖(35-44),NEUTRAL 經典六角烤漆釦減壓拖鞋 深咖(35-44),https://www.fmshoes.com.tw/products/68cba0bdadd479000c502433?variation=68cba0bc93c5020008e95ef8,https://img.shoplineapp.com/media/image_clips/68cce5a587bee50010e63292/original.jpg?1758258597=&owner_id=627e1d404e691000311b0a4f,1480 TWD,in stock,new
68cba16a96900300109d008a:68cba16895b2e1000c404162,NEUTRAL 經典六角烤漆釦減壓拖鞋 灰(35-44),NEUTRAL 經典六角烤漆釦減壓拖鞋 灰(35-44),https://www.fmshoes.com.tw/products/68cba16a96900300109d008a?variation=68cba16895b2e1000c404162,https://img.shoplineapp.com/media/image_clips/68cce6ef6e3c8f0012851e79/original.jpg?1758258926=&owner_id=627e1d404e691000311b0a4f,1480 TWD,in stock,new
68cba16a96900300109d008a:68cba16895b2e1000c404163,NEUTRAL 經典六角烤漆釦減壓拖鞋 灰(35-44),NEUTRAL 經典六角烤漆釦減壓拖鞋 灰(35-44),https://www.fmshoes.com.tw/products/68cba16a96900300109d008a?variation=68cba16895b2e1000c404163,https://img.shoplineapp.com/media/image_clips/68cce6ef6e3c8f0012851e79/original.jpg?1758258926=&owner_id=627e1d404e691000311b0a4f,1480 TWD,in stock,new
68cba16a96900300109d008a:68cba16895b2e1000c404164,NEUTRAL 經典六角烤漆釦減壓拖鞋 灰(35-44),NEUTRAL 經典六角烤漆釦減壓拖鞋 灰(35-44),https://www.fmshoes.com.tw/products/68cba16a96900300109d008a?variation=68cba16895b2e1000c404164,https://img.shoplineapp.com/media/image_clips/68cce6ef6e3c8f0012851e79/original.jpg?1758258926=&owner_id=627e1d404e691000311b0a4f,1480 TWD,in stock,new
68cba16a96900300109d008a:68cba16895b2e1000c404165,NEUTRAL 經典六角烤漆釦減壓拖鞋 灰(35-44),NEUTRAL 經典六角烤漆釦減壓拖鞋 灰(35-44),https://www.fmshoes.com.tw/products/68cba16a96900300109d008a?variation=68cba16895b2e1000c404165,https://img.shoplineapp.com/media/image_clips/68cce6ef6e3c8f0012851e79/original.jpg?1758258926=&owner_id=627e1d404e691000311b0a4f,1480 TWD,in stock,new
68cba16a96900300109d008a:68cba16895b2e1000c404166,NEUTRAL 經典六角烤漆釦減壓拖鞋 灰(35-44),NEUTRAL 經典六角烤漆釦減壓拖鞋 灰(35-44),https://www.fmshoes.com.tw/products/68cba16a96900300109d008a?variation=68cba16895b2e1000c404166,https://img.shoplineapp.com/media/image_clips/68cce6ef6e3c8f0012851e79/original.jpg?1758258926=&owner_id=627e1d404e691000311b0a4f,1480 TWD,in stock,new
68cba16a96900300109d008a:68cba16895b2e1000c404167,NEUTRAL 經典六角烤漆釦減壓拖鞋 灰(35-44),NEUTRAL 經典六角烤漆釦減壓拖鞋 灰(35-44),https://www.fmshoes.com.tw/products/68cba16a96900300109d008a?variation=68cba16895b2e1000c404167,https://img.shoplineapp.com/media/image_clips/68cce6ef6e3c8f0012851e79/original.jpg?1758258926=&owner_id=627e1d404e691000311b0a4f,1480 TWD,in stock,new
68cba16a96900300109d008a:68cba16895b2e1000c404168,NEUTRAL 經典六角烤漆釦減壓拖鞋 灰(35-44),NEUTRAL 經典六角烤漆釦減壓拖鞋 灰(35-44),https://www.fmshoes.com.tw/products/68cba16a96900300109d008a?variation=68cba16895b2e1000c404168,https://img.shoplineapp.com/media/image_clips/68cce6ef6e3c8f0012851e79/original.jpg?1758258926=&owner_id=627e1d404e691000311b0a4f,1480 TWD,in stock,new
68cba16a96900300109d008a:68cba16895b2e1000c404169,NEUTRAL 經典六角烤漆釦減壓拖鞋 灰(35-44),NEUTRAL 經典六角烤漆釦減壓拖鞋 灰(35-44),https://www.fmshoes.com.tw/products/68cba16a96900300109d008a?variation=68cba16895b2e1000c404169,https://img.shoplineapp.com/media/image_clips/68cce6ef6e3c8f0012851e79/original.jpg?1758258926=&owner_id=627e1d404e691000311b0a4f,1480 TWD,in stock,new
68cba16a96900300109d008a:68cba16895b2e1000c40416a,NEUTRAL 經典六角烤漆釦減壓拖鞋 灰(35-44),NEUTRAL 經典六角烤漆釦減壓拖鞋 灰(35-44),https://www.fmshoes.com.tw/products/68cba16a96900300109d008a?variation=68cba16895b2e1000c40416a,https://img.shoplineapp.com/media/image_clips/68cce6ef6e3c8f0012851e79/original.jpg?1758258926=&owner_id=627e1d404e691000311b0a4f,1480 TWD,in stock,new
68cba201cf2f9c000aebf14d:68cba1ff60edeb000ae4ecf2,NEUTRAL 經典六角烤漆釦減壓拖鞋 粉(35-42),NEUTRAL 經典六角烤漆釦減壓拖鞋 粉(35-42),https://www.fmshoes.com.tw/products/68cba201cf2f9c000aebf14d?variation=68cba1ff60edeb000ae4ecf2,https://img.shoplineapp.com/media/image_clips/68cce7be19cfac000c180c02/original.jpg?1758259134=&owner_id=627e1d404e691000311b0a4f,1480 TWD,in stock,new
68cba201cf2f9c000aebf14d:68cba1ff60edeb000ae4ecf3,NEUTRAL 經典六角烤漆釦減壓拖鞋 粉(35-42),NEUTRAL 經典六角烤漆釦減壓拖鞋 粉(35-42),https://www.fmshoes.com.tw/products/68cba201cf2f9c000aebf14d?variation=68cba1ff60edeb000ae4ecf3,https://img.shoplineapp.com/media/image_clips/68cce7be19cfac000c180c02/original.jpg?1758259134=&owner_id=627e1d404e691000311b0a4f,1480 TWD,in stock,new
68cba201cf2f9c000aebf14d:68cba1ff60edeb000ae4ecf4,NEUTRAL 經典六角烤漆釦減壓拖鞋 粉(35-42),NEUTRAL 經典六角烤漆釦減壓拖鞋 粉(35-42),https://www.fmshoes.com.tw/products/68cba201cf2f9c000aebf14d?variation=68cba1ff60edeb000ae4ecf4,https://img.shoplineapp.com/media/image_clips/68cce7be19cfac000c180c02/original.jpg?1758259134=&owner_id=627e1d404e691000311b0a4f,1480 TWD,in stock,new
68cba201cf2f9c000aebf14d:68cba1ff60edeb000ae4ecf6,NEUTRAL 經典六角烤漆釦減壓拖鞋 粉(35-42),NEUTRAL 經典六角烤漆釦減壓拖鞋 粉(35-42),https://www.fmshoes.com.tw/products/68cba201cf2f9c000aebf14d?variation=68cba1ff60edeb000ae4ecf6,https://img.shoplineapp.com/media/image_clips/68cce7be19cfac000c180c02/original.jpg?1758259134=&owner_id=627e1d404e691000311b0a4f,1480 TWD,in stock,new
68cba201cf2f9c000aebf14d:68cba1ff60edeb000ae4ecf7,NEUTRAL 經典六角烤漆釦減壓拖鞋 粉(35-42),NEUTRAL 經典六角烤漆釦減壓拖鞋 粉(35-42),https://www.fmshoes.com.tw/products/68cba201cf2f9c000aebf14d?variation=68cba1ff60edeb000ae4ecf7,https://img.shoplineapp.com/media/image_clips/68cce7be19cfac000c180c02/original.jpg?1758259134=&owner_id=627e1d404e691000311b0a4f,1480 TWD,in stock,new
68cba201cf2f9c000aebf14d:68cba1ff60edeb000ae4ecf8,NEUTRAL 經典六角烤漆釦減壓拖鞋 粉(35-42),NEUTRAL 經典六角烤漆釦減壓拖鞋 粉(35-42),https://www.fmshoes.com.tw/products/68cba201cf2f9c000aebf14d?variation=68cba1ff60edeb000ae4ecf8,https://img.shoplineapp.com/media/image_clips/68cce7be19cfac000c180c02/original.jpg?1758259134=&owner_id=627e1d404e691000311b0a4f,1480 TWD,in stock,new
68cba2cba74ff5001649ee09:68cba2c9e928f4000c7e2d1d,NEUTRAL 經典皮革拉鍊內增高防潑水郊山靴 黑(36-45),NEUTRAL 經典皮革拉鍊內增高防潑水郊山靴 黑(36-45),https://www.fmshoes.com.tw/products/68cba2cba74ff5001649ee09?variation=68cba2c9e928f4000c7e2d1d,https://img.shoplineapp.com/media/image_clips/68e4a61b03b20b00129878a8/original.jpg?1759815195=&owner_id=627e1d404e691000311b0a4f,2280 TWD,in stock,new
68cba2cba74ff5001649ee09:68cba2c9e928f4000c7e2d1e,NEUTRAL 經典皮革拉鍊內增高防潑水郊山靴 黑(36-45),NEUTRAL 經典皮革拉鍊內增高防潑水郊山靴 黑(36-45),https://www.fmshoes.com.tw/products/68cba2cba74ff5001649ee09?variation=68cba2c9e928f4000c7e2d1e,https://img.shoplineapp.com/media/image_clips/68e4a61b03b20b00129878a8/original.jpg?1759815195=&owner_id=627e1d404e691000311b0a4f,2280 TWD,in stock,new
68cba2cba74ff5001649ee09:68cba2c9e928f4000c7e2d1f,NEUTRAL 經典皮革拉鍊內增高防潑水郊山靴 黑(36-45),NEUTRAL 經典皮革拉鍊內增高防潑水郊山靴 黑(36-45),https://www.fmshoes.com.tw/products/68cba2cba74ff5001649ee09?variation=68cba2c9e928f4000c7e2d1f,https://img.shoplineapp.com/media/image_clips/68e4a61b03b20b00129878a8/original.jpg?1759815195=&owner_id=627e1d404e691000311b0a4f,2280 TWD,in stock,new
68cba2cba74ff5001649ee09:68cba2c9e928f4000c7e2d21,NEUTRAL 經典皮革拉鍊內增高防潑水郊山靴 黑(36-45),NEUTRAL 經典皮革拉鍊內增高防潑水郊山靴 黑(36-45),https://www.fmshoes.com.tw/products/68cba2cba74ff5001649ee09?variation=68cba2c9e928f4000c7e2d21,https://img.shoplineapp.com/media/image_clips/68e4a61b03b20b00129878a8/original.jpg?1759815195=&owner_id=627e1d404e691000311b0a4f,2280 TWD,in stock,new
68cba2cba74ff5001649ee09:68cba2c9e928f4000c7e2d22,NEUTRAL 經典皮革拉鍊內增高防潑水郊山靴 黑(36-45),NEUTRAL 經典皮革拉鍊內增高防潑水郊山靴 黑(36-45),https://www.fmshoes.com.tw/products/68cba2cba74ff5001649ee09?variation=68cba2c9e928f4000c7e2d22,https://img.shoplineapp.com/media/image_clips/68e4a61b03b20b00129878a8/original.jpg?1759815195=&owner_id=627e1d404e691000311b0a4f,2280 TWD,in stock,new
68cba2cba74ff5001649ee09:68cba2c9e928f4000c7e2d23,NEUTRAL 經典皮革拉鍊內增高防潑水郊山靴 黑(36-45),NEUTRAL 經典皮革拉鍊內增高防潑水郊山靴 黑(36-45),https://www.fmshoes.com.tw/products/68cba2cba74ff5001649ee09?variation=68cba2c9e928f4000c7e2d23,https://img.shoplineapp.com/media/image_clips/68e4a61b03b20b00129878a8/original.jpg?1759815195=&owner_id=627e1d404e691000311b0a4f,2280 TWD,in stock,new
68cba2cba74ff5001649ee09:68cba2c9e928f4000c7e2d24,NEUTRAL 經典皮革拉鍊內增高防潑水郊山靴 黑(36-45),NEUTRAL 經典皮革拉鍊內增高防潑水郊山靴 黑(36-45),https://www.fmshoes.com.tw/products/68cba2cba74ff5001649ee09?variation=68cba2c9e928f4000c7e2d24,https://img.shoplineapp.com/media/image_clips/68e4a61b03b20b00129878a8/original.jpg?1759815195=&owner_id=627e1d404e691000311b0a4f,2280 TWD,in stock,new
68cba2cba74ff5001649ee09:68cba2c9e928f4000c7e2d25,NEUTRAL 經典皮革拉鍊內增高防潑水郊山靴 黑(36-45),NEUTRAL 經典皮革拉鍊內增高防潑水郊山靴 黑(36-45),https://www.fmshoes.com.tw/products/68cba2cba74ff5001649ee09?variation=68cba2c9e928f4000c7e2d25,https://img.shoplineapp.com/media/image_clips/68e4a61b03b20b00129878a8/original.jpg?1759815195=&owner_id=627e1d404e691000311b0a4f,2280 TWD,in stock,new
68cba2cba74ff5001649ee09:68cba2c9e928f4000c7e2d26,NEUTRAL 經典皮革拉鍊內增高防潑水郊山靴 黑(36-45),NEUTRAL 經典皮革拉鍊內增高防潑水郊山靴 黑(36-45),https://www.fmshoes.com.tw/products/68cba2cba74ff5001649ee09?variation=68cba2c9e928f4000c7e2d26,https://img.shoplineapp.com/media/image_clips/68e4a61b03b20b00129878a8/original.jpg?1759815195=&owner_id=627e1d404e691000311b0a4f,2280 TWD,in stock,new
68cba37147b0c5000a98244d:68cba36fba928f000c0911d6,NEUTRAL 經典皮革拉鍊內增高防潑水郊山靴 卡其(36-43),NEUTRAL 經典皮革拉鍊內增高防潑水郊山靴 卡其(36-43),https://www.fmshoes.com.tw/products/68cba37147b0c5000a98244d?variation=68cba36fba928f000c0911d6,https://img.shoplineapp.com/media/image_clips/68e4a7537a592900166411f0/original.jpg?1759815507=&owner_id=627e1d404e691000311b0a4f,2280 TWD,in stock,new
68cba37147b0c5000a98244d:68cba36fba928f000c0911da,NEUTRAL 經典皮革拉鍊內增高防潑水郊山靴 卡其(36-43),NEUTRAL 經典皮革拉鍊內增高防潑水郊山靴 卡其(36-43),https://www.fmshoes.com.tw/products/68cba37147b0c5000a98244d?variation=68cba36fba928f000c0911da,https://img.shoplineapp.com/media/image_clips/68e4a7537a592900166411f0/original.jpg?1759815507=&owner_id=627e1d404e691000311b0a4f,2280 TWD,in stock,new
68cba37147b0c5000a98244d:68cba36fba928f000c0911dc,NEUTRAL 經典皮革拉鍊內增高防潑水郊山靴 卡其(36-43),NEUTRAL 經典皮革拉鍊內增高防潑水郊山靴 卡其(36-43),https://www.fmshoes.com.tw/products/68cba37147b0c5000a98244d?variation=68cba36fba928f000c0911dc,https://img.shoplineapp.com/media/image_clips/68e4a7537a592900166411f0/original.jpg?1759815507=&owner_id=627e1d404e691000311b0a4f,2280 TWD,in stock,new
68cbbb096a4a2e0016b03c9b:68cbbb07547753000c2bf160,FM SHOES 精品防潑水筒圍伸縮拼接長靴 黑(36-43),FM SHOES 精品防潑水筒圍伸縮拼接長靴 黑(36-43),https://www.fmshoes.com.tw/products/68cbbb096a4a2e0016b03c9b?variation=68cbbb07547753000c2bf160,https://img.shoplineapp.com/media/image_clips/68f1bb147e103e000cfbc488/original.jpg?1760672532=&owner_id=627e1d404e691000311b0a4f,2480 TWD,in stock,new
68cbbb096a4a2e0016b03c9b:68cbbb07547753000c2bf161,FM SHOES 精品防潑水筒圍伸縮拼接長靴 黑(36-43),FM SHOES 精品防潑水筒圍伸縮拼接長靴 黑(36-43),https://www.fmshoes.com.tw/products/68cbbb096a4a2e0016b03c9b?variation=68cbbb07547753000c2bf161,https://img.shoplineapp.com/media/image_clips/68f1bb147e103e000cfbc488/original.jpg?1760672532=&owner_id=627e1d404e691000311b0a4f,2480 TWD,in stock,new
68cbbb096a4a2e0016b03c9b:68cbbb07547753000c2bf163,FM SHOES 精品防潑水筒圍伸縮拼接長靴 黑(36-43),FM SHOES 精品防潑水筒圍伸縮拼接長靴 黑(36-43),https://www.fmshoes.com.tw/products/68cbbb096a4a2e0016b03c9b?variation=68cbbb07547753000c2bf163,https://img.shoplineapp.com/media/image_clips/68f1bb147e103e000cfbc488/original.jpg?1760672532=&owner_id=627e1d404e691000311b0a4f,2480 TWD,in stock,new
68cbbb096a4a2e0016b03c9b:68cbbb07547753000c2bf164,FM SHOES 精品防潑水筒圍伸縮拼接長靴 黑(36-43),FM SHOES 精品防潑水筒圍伸縮拼接長靴 黑(36-43),https://www.fmshoes.com.tw/products/68cbbb096a4a2e0016b03c9b?variation=68cbbb07547753000c2bf164,https://img.shoplineapp.com/media/image_clips/68f1bb147e103e000cfbc488/original.jpg?1760672532=&owner_id=627e1d404e691000311b0a4f,2480 TWD,in stock,new
68cbbb096a4a2e0016b03c9b:68cbbb07547753000c2bf165,FM SHOES 精品防潑水筒圍伸縮拼接長靴 黑(36-43),FM SHOES 精品防潑水筒圍伸縮拼接長靴 黑(36-43),https://www.fmshoes.com.tw/products/68cbbb096a4a2e0016b03c9b?variation=68cbbb07547753000c2bf165,https://img.shoplineapp.com/media/image_clips/68f1bb147e103e000cfbc488/original.jpg?1760672532=&owner_id=627e1d404e691000311b0a4f,2480 TWD,in stock,new
68cbbb096a4a2e0016b03c9b:68cbbb07547753000c2bf166,FM SHOES 精品防潑水筒圍伸縮拼接長靴 黑(36-43),FM SHOES 精品防潑水筒圍伸縮拼接長靴 黑(36-43),https://www.fmshoes.com.tw/products/68cbbb096a4a2e0016b03c9b?variation=68cbbb07547753000c2bf166,https://img.shoplineapp.com/media/image_clips/68f1bb147e103e000cfbc488/original.jpg?1760672532=&owner_id=627e1d404e691000311b0a4f,2480 TWD,in stock,new
68cbbc5300026d00148c38c4:68cbbc512b9c89001474320f,NEUTRAL +5°C 防潑水二穿保暖鞋 黑(36-45),NEUTRAL +5°C 防潑水二穿保暖鞋 黑(36-45),https://www.fmshoes.com.tw/products/68cbbc5300026d00148c38c4?variation=68cbbc512b9c89001474320f,https://img.shoplineapp.com/media/image_clips/68f1b95178bdef0016b5719c/original.jpg?1760672081=&owner_id=627e1d404e691000311b0a4f,1280 TWD,in stock,new
68cbbc5300026d00148c38c4:68cbbc512b9c890014743210,NEUTRAL +5°C 防潑水二穿保暖鞋 黑(36-45),NEUTRAL +5°C 防潑水二穿保暖鞋 黑(36-45),https://www.fmshoes.com.tw/products/68cbbc5300026d00148c38c4?variation=68cbbc512b9c890014743210,https://img.shoplineapp.com/media/image_clips/68f1b95178bdef0016b5719c/original.jpg?1760672081=&owner_id=627e1d404e691000311b0a4f,1280 TWD,in stock,new
68cbbc5300026d00148c38c4:68cbbc512b9c890014743211,NEUTRAL +5°C 防潑水二穿保暖鞋 黑(36-45),NEUTRAL +5°C 防潑水二穿保暖鞋 黑(36-45),https://www.fmshoes.com.tw/products/68cbbc5300026d00148c38c4?variation=68cbbc512b9c890014743211,https://img.shoplineapp.com/media/image_clips/68f1b95178bdef0016b5719c/original.jpg?1760672081=&owner_id=627e1d404e691000311b0a4f,1280 TWD,in stock,new
68cbbc5300026d00148c38c4:68cbbc512b9c890014743212,NEUTRAL +5°C 防潑水二穿保暖鞋 黑(36-45),NEUTRAL +5°C 防潑水二穿保暖鞋 黑(36-45),https://www.fmshoes.com.tw/products/68cbbc5300026d00148c38c4?variation=68cbbc512b9c890014743212,https://img.shoplineapp.com/media/image_clips/68f1b95178bdef0016b5719c/original.jpg?1760672081=&owner_id=627e1d404e691000311b0a4f,1280 TWD,in stock,new
68cbbc5300026d00148c38c4:68cbbc512b9c890014743213,NEUTRAL +5°C 防潑水二穿保暖鞋 黑(36-45),NEUTRAL +5°C 防潑水二穿保暖鞋 黑(36-45),https://www.fmshoes.com.tw/products/68cbbc5300026d00148c38c4?variation=68cbbc512b9c890014743213,https://img.shoplineapp.com/media/image_clips/68f1b95178bdef0016b5719c/original.jpg?1760672081=&owner_id=627e1d404e691000311b0a4f,1280 TWD,in stock,new
68cbbd5ebee355000eccf482:68cbbd5dcd8b6c0016def514,NEUTRAL +5°C 防潑水二穿保暖鞋 卡其(36-45),NEUTRAL +5°C 防潑水二穿保暖鞋 卡其(36-45),https://www.fmshoes.com.tw/products/68cbbd5ebee355000eccf482?variation=68cbbd5dcd8b6c0016def514,https://img.shoplineapp.com/media/image_clips/68f1ba84cf2bbd000ae7515b/original.jpg?1760672388=&owner_id=627e1d404e691000311b0a4f,1280 TWD,in stock,new
68cbbd5ebee355000eccf482:68cbbd5dcd8b6c0016def515,NEUTRAL +5°C 防潑水二穿保暖鞋 卡其(36-45),NEUTRAL +5°C 防潑水二穿保暖鞋 卡其(36-45),https://www.fmshoes.com.tw/products/68cbbd5ebee355000eccf482?variation=68cbbd5dcd8b6c0016def515,https://img.shoplineapp.com/media/image_clips/68f1ba84cf2bbd000ae7515b/original.jpg?1760672388=&owner_id=627e1d404e691000311b0a4f,1280 TWD,in stock,new
68cbbd5ebee355000eccf482:68cbbd5dcd8b6c0016def516,NEUTRAL +5°C 防潑水二穿保暖鞋 卡其(36-45),NEUTRAL +5°C 防潑水二穿保暖鞋 卡其(36-45),https://www.fmshoes.com.tw/products/68cbbd5ebee355000eccf482?variation=68cbbd5dcd8b6c0016def516,https://img.shoplineapp.com/media/image_clips/68f1ba84cf2bbd000ae7515b/original.jpg?1760672388=&owner_id=627e1d404e691000311b0a4f,1280 TWD,in stock,new
68cbbd5ebee355000eccf482:68cbbd5dcd8b6c0016def517,NEUTRAL +5°C 防潑水二穿保暖鞋 卡其(36-45),NEUTRAL +5°C 防潑水二穿保暖鞋 卡其(36-45),https://www.fmshoes.com.tw/products/68cbbd5ebee355000eccf482?variation=68cbbd5dcd8b6c0016def517,https://img.shoplineapp.com/media/image_clips/68f1ba84cf2bbd000ae7515b/original.jpg?1760672388=&owner_id=627e1d404e691000311b0a4f,1280 TWD,in stock,new
68cbbd5ebee355000eccf482:68cbbd5dcd8b6c0016def518,NEUTRAL +5°C 防潑水二穿保暖鞋 卡其(36-45),NEUTRAL +5°C 防潑水二穿保暖鞋 卡其(36-45),https://www.fmshoes.com.tw/products/68cbbd5ebee355000eccf482?variation=68cbbd5dcd8b6c0016def518,https://img.shoplineapp.com/media/image_clips/68f1ba84cf2bbd000ae7515b/original.jpg?1760672388=&owner_id=627e1d404e691000311b0a4f,1280 TWD,in stock,new
68cbbd5ebee355000eccf482:68cbbd5dcd8b6c0016def519,NEUTRAL +5°C 防潑水二穿保暖鞋 卡其(36-45),NEUTRAL +5°C 防潑水二穿保暖鞋 卡其(36-45),https://www.fmshoes.com.tw/products/68cbbd5ebee355000eccf482?variation=68cbbd5dcd8b6c0016def519,https://img.shoplineapp.com/media/image_clips/68f1ba84cf2bbd000ae7515b/original.jpg?1760672388=&owner_id=627e1d404e691000311b0a4f,1280 TWD,in stock,new
68cbbd5ebee355000eccf482:68cbbd5dcd8b6c0016def51a,NEUTRAL +5°C 防潑水二穿保暖鞋 卡其(36-45),NEUTRAL +5°C 防潑水二穿保暖鞋 卡其(36-45),https://www.fmshoes.com.tw/products/68cbbd5ebee355000eccf482?variation=68cbbd5dcd8b6c0016def51a,https://img.shoplineapp.com/media/image_clips/68f1ba84cf2bbd000ae7515b/original.jpg?1760672388=&owner_id=627e1d404e691000311b0a4f,1280 TWD,in stock,new
68cbc9a46e99540010e41cae:68cbc9a1c65b09001453d20e,FM SHOES 經典斜口紓壓防潑水跟鞋 黑(35-43),FM SHOES 經典斜口紓壓防潑水跟鞋 黑(35-43),https://www.fmshoes.com.tw/products/68cbc9a46e99540010e41cae?variation=68cbc9a1c65b09001453d20e,https://img.shoplineapp.com/media/image_clips/68de3bfd2e1256000a16c8bc/original.jpg?1759394813=&owner_id=627e1d404e691000311b0a4f,1680 TWD,in stock,new
68cbc9a46e99540010e41cae:68cbc9a1c65b09001453d20f,FM SHOES 經典斜口紓壓防潑水跟鞋 黑(35-43),FM SHOES 經典斜口紓壓防潑水跟鞋 黑(35-43),https://www.fmshoes.com.tw/products/68cbc9a46e99540010e41cae?variation=68cbc9a1c65b09001453d20f,https://img.shoplineapp.com/media/image_clips/68de3bfd2e1256000a16c8bc/original.jpg?1759394813=&owner_id=627e1d404e691000311b0a4f,1680 TWD,in stock,new
68cbc9a46e99540010e41cae:68cbc9a1c65b09001453d210,FM SHOES 經典斜口紓壓防潑水跟鞋 黑(35-43),FM SHOES 經典斜口紓壓防潑水跟鞋 黑(35-43),https://www.fmshoes.com.tw/products/68cbc9a46e99540010e41cae?variation=68cbc9a1c65b09001453d210,https://img.shoplineapp.com/media/image_clips/68de3bfd2e1256000a16c8bc/original.jpg?1759394813=&owner_id=627e1d404e691000311b0a4f,1680 TWD,in stock,new
68cbc9a46e99540010e41cae:68cbc9a1c65b09001453d211,FM SHOES 經典斜口紓壓防潑水跟鞋 黑(35-43),FM SHOES 經典斜口紓壓防潑水跟鞋 黑(35-43),https://www.fmshoes.com.tw/products/68cbc9a46e99540010e41cae?variation=68cbc9a1c65b09001453d211,https://img.shoplineapp.com/media/image_clips/68de3bfd2e1256000a16c8bc/original.jpg?1759394813=&owner_id=627e1d404e691000311b0a4f,1680 TWD,in stock,new
68cbc9a46e99540010e41cae:68cbc9a1c65b09001453d212,FM SHOES 經典斜口紓壓防潑水跟鞋 黑(35-43),FM SHOES 經典斜口紓壓防潑水跟鞋 黑(35-43),https://www.fmshoes.com.tw/products/68cbc9a46e99540010e41cae?variation=68cbc9a1c65b09001453d212,https://img.shoplineapp.com/media/image_clips/68de3bfd2e1256000a16c8bc/original.jpg?1759394813=&owner_id=627e1d404e691000311b0a4f,1680 TWD,in stock,new
68cbc9a46e99540010e41cae:68cbc9a1c65b09001453d213,FM SHOES 經典斜口紓壓防潑水跟鞋 黑(35-43),FM SHOES 經典斜口紓壓防潑水跟鞋 黑(35-43),https://www.fmshoes.com.tw/products/68cbc9a46e99540010e41cae?variation=68cbc9a1c65b09001453d213,https://img.shoplineapp.com/media/image_clips/68de3bfd2e1256000a16c8bc/original.jpg?1759394813=&owner_id=627e1d404e691000311b0a4f,1680 TWD,in stock,new
68cbc9a46e99540010e41cae:68cbc9a1c65b09001453d214,FM SHOES 經典斜口紓壓防潑水跟鞋 黑(35-43),FM SHOES 經典斜口紓壓防潑水跟鞋 黑(35-43),https://www.fmshoes.com.tw/products/68cbc9a46e99540010e41cae?variation=68cbc9a1c65b09001453d214,https://img.shoplineapp.com/media/image_clips/68de3bfd2e1256000a16c8bc/original.jpg?1759394813=&owner_id=627e1d404e691000311b0a4f,1680 TWD,in stock,new
68cbc9a46e99540010e41cae:68cbc9a1c65b09001453d215,FM SHOES 經典斜口紓壓防潑水跟鞋 黑(35-43),FM SHOES 經典斜口紓壓防潑水跟鞋 黑(35-43),https://www.fmshoes.com.tw/products/68cbc9a46e99540010e41cae?variation=68cbc9a1c65b09001453d215,https://img.shoplineapp.com/media/image_clips/68de3bfd2e1256000a16c8bc/original.jpg?1759394813=&owner_id=627e1d404e691000311b0a4f,1680 TWD,in stock,new
68cbc9a46e99540010e41cae:68cbc9a1c65b09001453d20d,FM SHOES 經典斜口紓壓防潑水跟鞋 黑(35-43),FM SHOES 經典斜口紓壓防潑水跟鞋 黑(35-43),https://www.fmshoes.com.tw/products/68cbc9a46e99540010e41cae?variation=68cbc9a1c65b09001453d20d,https://img.shoplineapp.com/media/image_clips/68de3bfd2e1256000a16c8bc/original.jpg?1759394813=&owner_id=627e1d404e691000311b0a4f,1680 TWD,in stock,new
68cbcc490652f20016c217e8:68cbcc474878b30011ecd421,FM SHOES 經典斜口紓壓防潑水跟鞋 灰(35-43),FM SHOES 經典斜口紓壓防潑水跟鞋 灰(35-43),https://www.fmshoes.com.tw/products/68cbcc490652f20016c217e8?variation=68cbcc474878b30011ecd421,https://img.shoplineapp.com/media/image_clips/68de3e5ffcded50012062237/original.jpg?1759395423=&owner_id=627e1d404e691000311b0a4f,1680 TWD,in stock,new
68cbcc490652f20016c217e8:68cbcc474878b30011ecd422,FM SHOES 經典斜口紓壓防潑水跟鞋 灰(35-43),FM SHOES 經典斜口紓壓防潑水跟鞋 灰(35-43),https://www.fmshoes.com.tw/products/68cbcc490652f20016c217e8?variation=68cbcc474878b30011ecd422,https://img.shoplineapp.com/media/image_clips/68de3e5ffcded50012062237/original.jpg?1759395423=&owner_id=627e1d404e691000311b0a4f,1680 TWD,in stock,new
68cbcc490652f20016c217e8:68cbcc474878b30011ecd423,FM SHOES 經典斜口紓壓防潑水跟鞋 灰(35-43),FM SHOES 經典斜口紓壓防潑水跟鞋 灰(35-43),https://www.fmshoes.com.tw/products/68cbcc490652f20016c217e8?variation=68cbcc474878b30011ecd423,https://img.shoplineapp.com/media/image_clips/68de3e5ffcded50012062237/original.jpg?1759395423=&owner_id=627e1d404e691000311b0a4f,1680 TWD,in stock,new
68cbcc490652f20016c217e8:68cbcc474878b30011ecd424,FM SHOES 經典斜口紓壓防潑水跟鞋 灰(35-43),FM SHOES 經典斜口紓壓防潑水跟鞋 灰(35-43),https://www.fmshoes.com.tw/products/68cbcc490652f20016c217e8?variation=68cbcc474878b30011ecd424,https://img.shoplineapp.com/media/image_clips/68de3e5ffcded50012062237/original.jpg?1759395423=&owner_id=627e1d404e691000311b0a4f,1680 TWD,in stock,new
68cbcc490652f20016c217e8:68cbcc474878b30011ecd425,FM SHOES 經典斜口紓壓防潑水跟鞋 灰(35-43),FM SHOES 經典斜口紓壓防潑水跟鞋 灰(35-43),https://www.fmshoes.com.tw/products/68cbcc490652f20016c217e8?variation=68cbcc474878b30011ecd425,https://img.shoplineapp.com/media/image_clips/68de3e5ffcded50012062237/original.jpg?1759395423=&owner_id=627e1d404e691000311b0a4f,1680 TWD,in stock,new
68cbcc490652f20016c217e8:68cbcc474878b30011ecd426,FM SHOES 經典斜口紓壓防潑水跟鞋 灰(35-43),FM SHOES 經典斜口紓壓防潑水跟鞋 灰(35-43),https://www.fmshoes.com.tw/products/68cbcc490652f20016c217e8?variation=68cbcc474878b30011ecd426,https://img.shoplineapp.com/media/image_clips/68de3e5ffcded50012062237/original.jpg?1759395423=&owner_id=627e1d404e691000311b0a4f,1680 TWD,in stock,new
68cbcc490652f20016c217e8:68cbcc474878b30011ecd427,FM SHOES 經典斜口紓壓防潑水跟鞋 灰(35-43),FM SHOES 經典斜口紓壓防潑水跟鞋 灰(35-43),https://www.fmshoes.com.tw/products/68cbcc490652f20016c217e8?variation=68cbcc474878b30011ecd427,https://img.shoplineapp.com/media/image_clips/68de3e5ffcded50012062237/original.jpg?1759395423=&owner_id=627e1d404e691000311b0a4f,1680 TWD,in stock,new
68cbcc490652f20016c217e8:68cbcc474878b30011ecd428,FM SHOES 經典斜口紓壓防潑水跟鞋 灰(35-43),FM SHOES 經典斜口紓壓防潑水跟鞋 灰(35-43),https://www.fmshoes.com.tw/products/68cbcc490652f20016c217e8?variation=68cbcc474878b30011ecd428,https://img.shoplineapp.com/media/image_clips/68de3e5ffcded50012062237/original.jpg?1759395423=&owner_id=627e1d404e691000311b0a4f,1680 TWD,in stock,new
68cbcc490652f20016c217e8:68cbcc474878b30011ecd420,FM SHOES 經典斜口紓壓防潑水跟鞋 灰(35-43),FM SHOES 經典斜口紓壓防潑水跟鞋 灰(35-43),https://www.fmshoes.com.tw/products/68cbcc490652f20016c217e8?variation=68cbcc474878b30011ecd420,https://img.shoplineapp.com/media/image_clips/68de3e5ffcded50012062237/original.jpg?1759395423=&owner_id=627e1d404e691000311b0a4f,1680 TWD,in stock,new
68cca9f4fcf001000c1176d2:68cca9f208df32000a20042d,FM SHOES 經典斜口紓壓防潑水跟鞋 酒紅(35-43),FM SHOES 經典斜口紓壓防潑水跟鞋 酒紅(35-43),https://www.fmshoes.com.tw/products/68cca9f4fcf001000c1176d2?variation=68cca9f208df32000a20042d,https://img.shoplineapp.com/media/image_clips/68de3eb9832f4b0012e2ab59/original.jpg?1759395513=&owner_id=627e1d404e691000311b0a4f,1680 TWD,in stock,new
68cca9f4fcf001000c1176d2:68cca9f208df32000a20042e,FM SHOES 經典斜口紓壓防潑水跟鞋 酒紅(35-43),FM SHOES 經典斜口紓壓防潑水跟鞋 酒紅(35-43),https://www.fmshoes.com.tw/products/68cca9f4fcf001000c1176d2?variation=68cca9f208df32000a20042e,https://img.shoplineapp.com/media/image_clips/68de3eb9832f4b0012e2ab59/original.jpg?1759395513=&owner_id=627e1d404e691000311b0a4f,1680 TWD,in stock,new
68cca9f4fcf001000c1176d2:68cca9f208df32000a20042f,FM SHOES 經典斜口紓壓防潑水跟鞋 酒紅(35-43),FM SHOES 經典斜口紓壓防潑水跟鞋 酒紅(35-43),https://www.fmshoes.com.tw/products/68cca9f4fcf001000c1176d2?variation=68cca9f208df32000a20042f,https://img.shoplineapp.com/media/image_clips/68de3eb9832f4b0012e2ab59/original.jpg?1759395513=&owner_id=627e1d404e691000311b0a4f,1680 TWD,in stock,new
68cca9f4fcf001000c1176d2:68cca9f208df32000a200430,FM SHOES 經典斜口紓壓防潑水跟鞋 酒紅(35-43),FM SHOES 經典斜口紓壓防潑水跟鞋 酒紅(35-43),https://www.fmshoes.com.tw/products/68cca9f4fcf001000c1176d2?variation=68cca9f208df32000a200430,https://img.shoplineapp.com/media/image_clips/68de3eb9832f4b0012e2ab59/original.jpg?1759395513=&owner_id=627e1d404e691000311b0a4f,1680 TWD,in stock,new
68cca9f4fcf001000c1176d2:68cca9f208df32000a200431,FM SHOES 經典斜口紓壓防潑水跟鞋 酒紅(35-43),FM SHOES 經典斜口紓壓防潑水跟鞋 酒紅(35-43),https://www.fmshoes.com.tw/products/68cca9f4fcf001000c1176d2?variation=68cca9f208df32000a200431,https://img.shoplineapp.com/media/image_clips/68de3eb9832f4b0012e2ab59/original.jpg?1759395513=&owner_id=627e1d404e691000311b0a4f,1680 TWD,in stock,new
68cca9f4fcf001000c1176d2:68cca9f208df32000a200432,FM SHOES 經典斜口紓壓防潑水跟鞋 酒紅(35-43),FM SHOES 經典斜口紓壓防潑水跟鞋 酒紅(35-43),https://www.fmshoes.com.tw/products/68cca9f4fcf001000c1176d2?variation=68cca9f208df32000a200432,https://img.shoplineapp.com/media/image_clips/68de3eb9832f4b0012e2ab59/original.jpg?1759395513=&owner_id=627e1d404e691000311b0a4f,1680 TWD,in stock,new
68cca9f4fcf001000c1176d2:68cca9f208df32000a200433,FM SHOES 經典斜口紓壓防潑水跟鞋 酒紅(35-43),FM SHOES 經典斜口紓壓防潑水跟鞋 酒紅(35-43),https://www.fmshoes.com.tw/products/68cca9f4fcf001000c1176d2?variation=68cca9f208df32000a200433,https://img.shoplineapp.com/media/image_clips/68de3eb9832f4b0012e2ab59/original.jpg?1759395513=&owner_id=627e1d404e691000311b0a4f,1680 TWD,in stock,new
68cca9f4fcf001000c1176d2:68cca9f208df32000a200434,FM SHOES 經典斜口紓壓防潑水跟鞋 酒紅(35-43),FM SHOES 經典斜口紓壓防潑水跟鞋 酒紅(35-43),https://www.fmshoes.com.tw/products/68cca9f4fcf001000c1176d2?variation=68cca9f208df32000a200434,https://img.shoplineapp.com/media/image_clips/68de3eb9832f4b0012e2ab59/original.jpg?1759395513=&owner_id=627e1d404e691000311b0a4f,1680 TWD,in stock,new
68cca9f4fcf001000c1176d2:68cca9f208df32000a20042c,FM SHOES 經典斜口紓壓防潑水跟鞋 酒紅(35-43),FM SHOES 經典斜口紓壓防潑水跟鞋 酒紅(35-43),https://www.fmshoes.com.tw/products/68cca9f4fcf001000c1176d2?variation=68cca9f208df32000a20042c,https://img.shoplineapp.com/media/image_clips/68de3eb9832f4b0012e2ab59/original.jpg?1759395513=&owner_id=627e1d404e691000311b0a4f,1680 TWD,in stock,new
68ccaab4669d510016cbda49:68ccaab1afea380010dfd8c0,FM SHOES 經典斜口紓壓防潑水跟鞋 卡其(35-43),FM SHOES 經典斜口紓壓防潑水跟鞋 卡其(35-43),https://www.fmshoes.com.tw/products/68ccaab4669d510016cbda49?variation=68ccaab1afea380010dfd8c0,https://img.shoplineapp.com/media/image_clips/68de3efd0c7a060014b08343/original.jpg?1759395581=&owner_id=627e1d404e691000311b0a4f,1680 TWD,in stock,new
68ccaab4669d510016cbda49:68ccaab1afea380010dfd8c1,FM SHOES 經典斜口紓壓防潑水跟鞋 卡其(35-43),FM SHOES 經典斜口紓壓防潑水跟鞋 卡其(35-43),https://www.fmshoes.com.tw/products/68ccaab4669d510016cbda49?variation=68ccaab1afea380010dfd8c1,https://img.shoplineapp.com/media/image_clips/68de3efd0c7a060014b08343/original.jpg?1759395581=&owner_id=627e1d404e691000311b0a4f,1680 TWD,in stock,new
68ccaab4669d510016cbda49:68ccaab1afea380010dfd8c2,FM SHOES 經典斜口紓壓防潑水跟鞋 卡其(35-43),FM SHOES 經典斜口紓壓防潑水跟鞋 卡其(35-43),https://www.fmshoes.com.tw/products/68ccaab4669d510016cbda49?variation=68ccaab1afea380010dfd8c2,https://img.shoplineapp.com/media/image_clips/68de3efd0c7a060014b08343/original.jpg?1759395581=&owner_id=627e1d404e691000311b0a4f,1680 TWD,in stock,new
68ccaab4669d510016cbda49:68ccaab1afea380010dfd8c3,FM SHOES 經典斜口紓壓防潑水跟鞋 卡其(35-43),FM SHOES 經典斜口紓壓防潑水跟鞋 卡其(35-43),https://www.fmshoes.com.tw/products/68ccaab4669d510016cbda49?variation=68ccaab1afea380010dfd8c3,https://img.shoplineapp.com/media/image_clips/68de3efd0c7a060014b08343/original.jpg?1759395581=&owner_id=627e1d404e691000311b0a4f,1680 TWD,in stock,new
68ccaab4669d510016cbda49:68ccaab1afea380010dfd8c4,FM SHOES 經典斜口紓壓防潑水跟鞋 卡其(35-43),FM SHOES 經典斜口紓壓防潑水跟鞋 卡其(35-43),https://www.fmshoes.com.tw/products/68ccaab4669d510016cbda49?variation=68ccaab1afea380010dfd8c4,https://img.shoplineapp.com/media/image_clips/68de3efd0c7a060014b08343/original.jpg?1759395581=&owner_id=627e1d404e691000311b0a4f,1680 TWD,in stock,new
68ccaab4669d510016cbda49:68ccaab1afea380010dfd8c5,FM SHOES 經典斜口紓壓防潑水跟鞋 卡其(35-43),FM SHOES 經典斜口紓壓防潑水跟鞋 卡其(35-43),https://www.fmshoes.com.tw/products/68ccaab4669d510016cbda49?variation=68ccaab1afea380010dfd8c5,https://img.shoplineapp.com/media/image_clips/68de3efd0c7a060014b08343/original.jpg?1759395581=&owner_id=627e1d404e691000311b0a4f,1680 TWD,in stock,new
68ccaab4669d510016cbda49:68ccaab1afea380010dfd8c6,FM SHOES 經典斜口紓壓防潑水跟鞋 卡其(35-43),FM SHOES 經典斜口紓壓防潑水跟鞋 卡其(35-43),https://www.fmshoes.com.tw/products/68ccaab4669d510016cbda49?variation=68ccaab1afea380010dfd8c6,https://img.shoplineapp.com/media/image_clips/68de3efd0c7a060014b08343/original.jpg?1759395581=&owner_id=627e1d404e691000311b0a4f,1680 TWD,in stock,new
68ccaab4669d510016cbda49:68ccaab1afea380010dfd8c7,FM SHOES 經典斜口紓壓防潑水跟鞋 卡其(35-43),FM SHOES 經典斜口紓壓防潑水跟鞋 卡其(35-43),https://www.fmshoes.com.tw/products/68ccaab4669d510016cbda49?variation=68ccaab1afea380010dfd8c7,https://img.shoplineapp.com/media/image_clips/68de3efd0c7a060014b08343/original.jpg?1759395581=&owner_id=627e1d404e691000311b0a4f,1680 TWD,in stock,new
68ccaab4669d510016cbda49:68ccaab1afea380010dfd8bf,FM SHOES 經典斜口紓壓防潑水跟鞋 卡其(35-43),FM SHOES 經典斜口紓壓防潑水跟鞋 卡其(35-43),https://www.fmshoes.com.tw/products/68ccaab4669d510016cbda49?variation=68ccaab1afea380010dfd8bf,https://img.shoplineapp.com/media/image_clips/68de3efd0c7a060014b08343/original.jpg?1759395581=&owner_id=627e1d404e691000311b0a4f,1680 TWD,in stock,new
68ccab56e5901498f6c8ee00:68ccab54004e4d000edeada0,FM SHOES 經典斜口紓壓防潑水跟鞋 粉(35-43),FM SHOES 經典斜口紓壓防潑水跟鞋 粉(35-43),https://www.fmshoes.com.tw/products/68ccab56e5901498f6c8ee00?variation=68ccab54004e4d000edeada0,https://img.shoplineapp.com/media/image_clips/68de3fa6fdefac0010240ce2/original.jpg?1759395750=&owner_id=627e1d404e691000311b0a4f,1680 TWD,in stock,new
68ccab56e5901498f6c8ee00:68ccab54004e4d000edeada1,FM SHOES 經典斜口紓壓防潑水跟鞋 粉(35-43),FM SHOES 經典斜口紓壓防潑水跟鞋 粉(35-43),https://www.fmshoes.com.tw/products/68ccab56e5901498f6c8ee00?variation=68ccab54004e4d000edeada1,https://img.shoplineapp.com/media/image_clips/68de3fa6fdefac0010240ce2/original.jpg?1759395750=&owner_id=627e1d404e691000311b0a4f,1680 TWD,in stock,new
68ccab56e5901498f6c8ee00:68ccab54004e4d000edeada2,FM SHOES 經典斜口紓壓防潑水跟鞋 粉(35-43),FM SHOES 經典斜口紓壓防潑水跟鞋 粉(35-43),https://www.fmshoes.com.tw/products/68ccab56e5901498f6c8ee00?variation=68ccab54004e4d000edeada2,https://img.shoplineapp.com/media/image_clips/68de3fa6fdefac0010240ce2/original.jpg?1759395750=&owner_id=627e1d404e691000311b0a4f,1680 TWD,in stock,new
68ccab56e5901498f6c8ee00:68ccab54004e4d000edeada3,FM SHOES 經典斜口紓壓防潑水跟鞋 粉(35-43),FM SHOES 經典斜口紓壓防潑水跟鞋 粉(35-43),https://www.fmshoes.com.tw/products/68ccab56e5901498f6c8ee00?variation=68ccab54004e4d000edeada3,https://img.shoplineapp.com/media/image_clips/68de3fa6fdefac0010240ce2/original.jpg?1759395750=&owner_id=627e1d404e691000311b0a4f,1680 TWD,in stock,new
68ccab56e5901498f6c8ee00:68ccab54004e4d000edeada4,FM SHOES 經典斜口紓壓防潑水跟鞋 粉(35-43),FM SHOES 經典斜口紓壓防潑水跟鞋 粉(35-43),https://www.fmshoes.com.tw/products/68ccab56e5901498f6c8ee00?variation=68ccab54004e4d000edeada4,https://img.shoplineapp.com/media/image_clips/68de3fa6fdefac0010240ce2/original.jpg?1759395750=&owner_id=627e1d404e691000311b0a4f,1680 TWD,in stock,new
68ccab56e5901498f6c8ee00:68ccab54004e4d000edeada5,FM SHOES 經典斜口紓壓防潑水跟鞋 粉(35-43),FM SHOES 經典斜口紓壓防潑水跟鞋 粉(35-43),https://www.fmshoes.com.tw/products/68ccab56e5901498f6c8ee00?variation=68ccab54004e4d000edeada5,https://img.shoplineapp.com/media/image_clips/68de3fa6fdefac0010240ce2/original.jpg?1759395750=&owner_id=627e1d404e691000311b0a4f,1680 TWD,in stock,new
68ccab56e5901498f6c8ee00:68ccab54004e4d000edeada6,FM SHOES 經典斜口紓壓防潑水跟鞋 粉(35-43),FM SHOES 經典斜口紓壓防潑水跟鞋 粉(35-43),https://www.fmshoes.com.tw/products/68ccab56e5901498f6c8ee00?variation=68ccab54004e4d000edeada6,https://img.shoplineapp.com/media/image_clips/68de3fa6fdefac0010240ce2/original.jpg?1759395750=&owner_id=627e1d404e691000311b0a4f,1680 TWD,in stock,new
68ccab56e5901498f6c8ee00:68ccab54004e4d000edeada7,FM SHOES 經典斜口紓壓防潑水跟鞋 粉(35-43),FM SHOES 經典斜口紓壓防潑水跟鞋 粉(35-43),https://www.fmshoes.com.tw/products/68ccab56e5901498f6c8ee00?variation=68ccab54004e4d000edeada7,https://img.shoplineapp.com/media/image_clips/68de3fa6fdefac0010240ce2/original.jpg?1759395750=&owner_id=627e1d404e691000311b0a4f,1680 TWD,in stock,new
68ccab56e5901498f6c8ee00:68ccab54004e4d000edead9f,FM SHOES 經典斜口紓壓防潑水跟鞋 粉(35-43),FM SHOES 經典斜口紓壓防潑水跟鞋 粉(35-43),https://www.fmshoes.com.tw/products/68ccab56e5901498f6c8ee00?variation=68ccab54004e4d000edead9f,https://img.shoplineapp.com/media/image_clips/68de3fa6fdefac0010240ce2/original.jpg?1759395750=&owner_id=627e1d404e691000311b0a4f,1680 TWD,in stock,new
68ccabf21962b1cc64100458:68ccabf075275e00084a772e,FM SHOES 經典斜口紓壓防潑水跟鞋 奶油白(35-43),FM SHOES 經典斜口紓壓防潑水跟鞋 奶油白(35-43),https://www.fmshoes.com.tw/products/68ccabf21962b1cc64100458?variation=68ccabf075275e00084a772e,https://img.shoplineapp.com/media/image_clips/68de4050738b6e0012ced5ab/original.jpg?1759395919=&owner_id=627e1d404e691000311b0a4f,1680 TWD,in stock,new
68ccabf21962b1cc64100458:68ccabf075275e00084a772f,FM SHOES 經典斜口紓壓防潑水跟鞋 奶油白(35-43),FM SHOES 經典斜口紓壓防潑水跟鞋 奶油白(35-43),https://www.fmshoes.com.tw/products/68ccabf21962b1cc64100458?variation=68ccabf075275e00084a772f,https://img.shoplineapp.com/media/image_clips/68de4050738b6e0012ced5ab/original.jpg?1759395919=&owner_id=627e1d404e691000311b0a4f,1680 TWD,in stock,new
68ccabf21962b1cc64100458:68ccabf075275e00084a7730,FM SHOES 經典斜口紓壓防潑水跟鞋 奶油白(35-43),FM SHOES 經典斜口紓壓防潑水跟鞋 奶油白(35-43),https://www.fmshoes.com.tw/products/68ccabf21962b1cc64100458?variation=68ccabf075275e00084a7730,https://img.shoplineapp.com/media/image_clips/68de4050738b6e0012ced5ab/original.jpg?1759395919=&owner_id=627e1d404e691000311b0a4f,1680 TWD,in stock,new
68ccabf21962b1cc64100458:68ccabf075275e00084a7731,FM SHOES 經典斜口紓壓防潑水跟鞋 奶油白(35-43),FM SHOES 經典斜口紓壓防潑水跟鞋 奶油白(35-43),https://www.fmshoes.com.tw/products/68ccabf21962b1cc64100458?variation=68ccabf075275e00084a7731,https://img.shoplineapp.com/media/image_clips/68de4050738b6e0012ced5ab/original.jpg?1759395919=&owner_id=627e1d404e691000311b0a4f,1680 TWD,in stock,new
68ccabf21962b1cc64100458:68ccabf075275e00084a7732,FM SHOES 經典斜口紓壓防潑水跟鞋 奶油白(35-43),FM SHOES 經典斜口紓壓防潑水跟鞋 奶油白(35-43),https://www.fmshoes.com.tw/products/68ccabf21962b1cc64100458?variation=68ccabf075275e00084a7732,https://img.shoplineapp.com/media/image_clips/68de4050738b6e0012ced5ab/original.jpg?1759395919=&owner_id=627e1d404e691000311b0a4f,1680 TWD,in stock,new
68ccabf21962b1cc64100458:68ccabf075275e00084a7733,FM SHOES 經典斜口紓壓防潑水跟鞋 奶油白(35-43),FM SHOES 經典斜口紓壓防潑水跟鞋 奶油白(35-43),https://www.fmshoes.com.tw/products/68ccabf21962b1cc64100458?variation=68ccabf075275e00084a7733,https://img.shoplineapp.com/media/image_clips/68de4050738b6e0012ced5ab/original.jpg?1759395919=&owner_id=627e1d404e691000311b0a4f,1680 TWD,in stock,new
68ccabf21962b1cc64100458:68ccabf075275e00084a7734,FM SHOES 經典斜口紓壓防潑水跟鞋 奶油白(35-43),FM SHOES 經典斜口紓壓防潑水跟鞋 奶油白(35-43),https://www.fmshoes.com.tw/products/68ccabf21962b1cc64100458?variation=68ccabf075275e00084a7734,https://img.shoplineapp.com/media/image_clips/68de4050738b6e0012ced5ab/original.jpg?1759395919=&owner_id=627e1d404e691000311b0a4f,1680 TWD,in stock,new
68ccabf21962b1cc64100458:68ccabf075275e00084a7735,FM SHOES 經典斜口紓壓防潑水跟鞋 奶油白(35-43),FM SHOES 經典斜口紓壓防潑水跟鞋 奶油白(35-43),https://www.fmshoes.com.tw/products/68ccabf21962b1cc64100458?variation=68ccabf075275e00084a7735,https://img.shoplineapp.com/media/image_clips/68de4050738b6e0012ced5ab/original.jpg?1759395919=&owner_id=627e1d404e691000311b0a4f,1680 TWD,in stock,new
68ccabf21962b1cc64100458:68ccabf075275e00084a772d,FM SHOES 經典斜口紓壓防潑水跟鞋 奶油白(35-43),FM SHOES 經典斜口紓壓防潑水跟鞋 奶油白(35-43),https://www.fmshoes.com.tw/products/68ccabf21962b1cc64100458?variation=68ccabf075275e00084a772d,https://img.shoplineapp.com/media/image_clips/68de4050738b6e0012ced5ab/original.jpg?1759395919=&owner_id=627e1d404e691000311b0a4f,1680 TWD,in stock,new
68ccace6198269000e98e28d:68ccace4004e4d0008deada8,FM SHOES 經典側挖空防潑水粗跟鞋 黑(35-42),FM SHOES 經典側挖空防潑水粗跟鞋 黑(35-42),https://www.fmshoes.com.tw/products/68ccace6198269000e98e28d?variation=68ccace4004e4d0008deada8,https://img.shoplineapp.com/media/image_clips/68df1a68702f3b0018ca447e/original.jpg?1759451752=&owner_id=627e1d404e691000311b0a4f,1680 TWD,in stock,new
68ccace6198269000e98e28d:68ccace4004e4d0008deada9,FM SHOES 經典側挖空防潑水粗跟鞋 黑(35-42),FM SHOES 經典側挖空防潑水粗跟鞋 黑(35-42),https://www.fmshoes.com.tw/products/68ccace6198269000e98e28d?variation=68ccace4004e4d0008deada9,https://img.shoplineapp.com/media/image_clips/68df1a68702f3b0018ca447e/original.jpg?1759451752=&owner_id=627e1d404e691000311b0a4f,1680 TWD,in stock,new
68ccace6198269000e98e28d:68ccace4004e4d0008deadaa,FM SHOES 經典側挖空防潑水粗跟鞋 黑(35-42),FM SHOES 經典側挖空防潑水粗跟鞋 黑(35-42),https://www.fmshoes.com.tw/products/68ccace6198269000e98e28d?variation=68ccace4004e4d0008deadaa,https://img.shoplineapp.com/media/image_clips/68df1a68702f3b0018ca447e/original.jpg?1759451752=&owner_id=627e1d404e691000311b0a4f,1680 TWD,in stock,new
68ccace6198269000e98e28d:68ccace4004e4d0008deadab,FM SHOES 經典側挖空防潑水粗跟鞋 黑(35-42),FM SHOES 經典側挖空防潑水粗跟鞋 黑(35-42),https://www.fmshoes.com.tw/products/68ccace6198269000e98e28d?variation=68ccace4004e4d0008deadab,https://img.shoplineapp.com/media/image_clips/68df1a68702f3b0018ca447e/original.jpg?1759451752=&owner_id=627e1d404e691000311b0a4f,1680 TWD,in stock,new
68ccace6198269000e98e28d:68ccace4004e4d0008deadac,FM SHOES 經典側挖空防潑水粗跟鞋 黑(35-42),FM SHOES 經典側挖空防潑水粗跟鞋 黑(35-42),https://www.fmshoes.com.tw/products/68ccace6198269000e98e28d?variation=68ccace4004e4d0008deadac,https://img.shoplineapp.com/media/image_clips/68df1a68702f3b0018ca447e/original.jpg?1759451752=&owner_id=627e1d404e691000311b0a4f,1680 TWD,in stock,new
68ccace6198269000e98e28d:68ccace4004e4d0008deadad,FM SHOES 經典側挖空防潑水粗跟鞋 黑(35-42),FM SHOES 經典側挖空防潑水粗跟鞋 黑(35-42),https://www.fmshoes.com.tw/products/68ccace6198269000e98e28d?variation=68ccace4004e4d0008deadad,https://img.shoplineapp.com/media/image_clips/68df1a68702f3b0018ca447e/original.jpg?1759451752=&owner_id=627e1d404e691000311b0a4f,1680 TWD,in stock,new
68ccace6198269000e98e28d:68ccace4004e4d0008deadae,FM SHOES 經典側挖空防潑水粗跟鞋 黑(35-42),FM SHOES 經典側挖空防潑水粗跟鞋 黑(35-42),https://www.fmshoes.com.tw/products/68ccace6198269000e98e28d?variation=68ccace4004e4d0008deadae,https://img.shoplineapp.com/media/image_clips/68df1a68702f3b0018ca447e/original.jpg?1759451752=&owner_id=627e1d404e691000311b0a4f,1680 TWD,in stock,new
68ccace6198269000e98e28d:68ccace4004e4d0008deadaf,FM SHOES 經典側挖空防潑水粗跟鞋 黑(35-42),FM SHOES 經典側挖空防潑水粗跟鞋 黑(35-42),https://www.fmshoes.com.tw/products/68ccace6198269000e98e28d?variation=68ccace4004e4d0008deadaf,https://img.shoplineapp.com/media/image_clips/68df1a68702f3b0018ca447e/original.jpg?1759451752=&owner_id=627e1d404e691000311b0a4f,1680 TWD,in stock,new
68ccadd7691a08001848a74a:68ccadd5eb951d00159957eb,FM SHOES 經典側挖空防潑水粗跟鞋 卡其(35-42),FM SHOES 經典側挖空防潑水粗跟鞋 卡其(35-42),https://www.fmshoes.com.tw/products/68ccadd7691a08001848a74a?variation=68ccadd5eb951d00159957eb,https://img.shoplineapp.com/media/image_clips/68df1b2ba1b7aa0010feef0c/original.jpg?1759451946=&owner_id=627e1d404e691000311b0a4f,1680 TWD,in stock,new
68ccadd7691a08001848a74a:68ccadd5eb951d00159957ec,FM SHOES 經典側挖空防潑水粗跟鞋 卡其(35-42),FM SHOES 經典側挖空防潑水粗跟鞋 卡其(35-42),https://www.fmshoes.com.tw/products/68ccadd7691a08001848a74a?variation=68ccadd5eb951d00159957ec,https://img.shoplineapp.com/media/image_clips/68df1b2ba1b7aa0010feef0c/original.jpg?1759451946=&owner_id=627e1d404e691000311b0a4f,1680 TWD,in stock,new
68ccadd7691a08001848a74a:68ccadd5eb951d00159957ed,FM SHOES 經典側挖空防潑水粗跟鞋 卡其(35-42),FM SHOES 經典側挖空防潑水粗跟鞋 卡其(35-42),https://www.fmshoes.com.tw/products/68ccadd7691a08001848a74a?variation=68ccadd5eb951d00159957ed,https://img.shoplineapp.com/media/image_clips/68df1b2ba1b7aa0010feef0c/original.jpg?1759451946=&owner_id=627e1d404e691000311b0a4f,1680 TWD,in stock,new
68ccadd7691a08001848a74a:68ccadd5eb951d00159957ee,FM SHOES 經典側挖空防潑水粗跟鞋 卡其(35-42),FM SHOES 經典側挖空防潑水粗跟鞋 卡其(35-42),https://www.fmshoes.com.tw/products/68ccadd7691a08001848a74a?variation=68ccadd5eb951d00159957ee,https://img.shoplineapp.com/media/image_clips/68df1b2ba1b7aa0010feef0c/original.jpg?1759451946=&owner_id=627e1d404e691000311b0a4f,1680 TWD,in stock,new
68ccadd7691a08001848a74a:68ccadd5eb951d00159957ef,FM SHOES 經典側挖空防潑水粗跟鞋 卡其(35-42),FM SHOES 經典側挖空防潑水粗跟鞋 卡其(35-42),https://www.fmshoes.com.tw/products/68ccadd7691a08001848a74a?variation=68ccadd5eb951d00159957ef,https://img.shoplineapp.com/media/image_clips/68df1b2ba1b7aa0010feef0c/original.jpg?1759451946=&owner_id=627e1d404e691000311b0a4f,1680 TWD,in stock,new
68ccadd7691a08001848a74a:68ccadd5eb951d00159957f0,FM SHOES 經典側挖空防潑水粗跟鞋 卡其(35-42),FM SHOES 經典側挖空防潑水粗跟鞋 卡其(35-42),https://www.fmshoes.com.tw/products/68ccadd7691a08001848a74a?variation=68ccadd5eb951d00159957f0,https://img.shoplineapp.com/media/image_clips/68df1b2ba1b7aa0010feef0c/original.jpg?1759451946=&owner_id=627e1d404e691000311b0a4f,1680 TWD,in stock,new
68ccadd7691a08001848a74a:68ccadd5eb951d00159957f1,FM SHOES 經典側挖空防潑水粗跟鞋 卡其(35-42),FM SHOES 經典側挖空防潑水粗跟鞋 卡其(35-42),https://www.fmshoes.com.tw/products/68ccadd7691a08001848a74a?variation=68ccadd5eb951d00159957f1,https://img.shoplineapp.com/media/image_clips/68df1b2ba1b7aa0010feef0c/original.jpg?1759451946=&owner_id=627e1d404e691000311b0a4f,1680 TWD,in stock,new
68ccadd7691a08001848a74a:68ccadd5eb951d00159957f2,FM SHOES 經典側挖空防潑水粗跟鞋 卡其(35-42),FM SHOES 經典側挖空防潑水粗跟鞋 卡其(35-42),https://www.fmshoes.com.tw/products/68ccadd7691a08001848a74a?variation=68ccadd5eb951d00159957f2,https://img.shoplineapp.com/media/image_clips/68df1b2ba1b7aa0010feef0c/original.jpg?1759451946=&owner_id=627e1d404e691000311b0a4f,1680 TWD,in stock,new
68ccae684775db0018fb104f:68ccae662bb187000cf9352a,FM SHOES 經典側挖空防潑水粗跟鞋 淺灰(35-42),FM SHOES 經典側挖空防潑水粗跟鞋 淺灰(35-42),https://www.fmshoes.com.tw/products/68ccae684775db0018fb104f?variation=68ccae662bb187000cf9352a,https://img.shoplineapp.com/media/image_clips/68df1c6ca10e6e0012bc3228/original.jpg?1759452268=&owner_id=627e1d404e691000311b0a4f,1680 TWD,in stock,new
68ccae684775db0018fb104f:68ccae662bb187000cf9352b,FM SHOES 經典側挖空防潑水粗跟鞋 淺灰(35-42),FM SHOES 經典側挖空防潑水粗跟鞋 淺灰(35-42),https://www.fmshoes.com.tw/products/68ccae684775db0018fb104f?variation=68ccae662bb187000cf9352b,https://img.shoplineapp.com/media/image_clips/68df1c6ca10e6e0012bc3228/original.jpg?1759452268=&owner_id=627e1d404e691000311b0a4f,1680 TWD,in stock,new
68ccae684775db0018fb104f:68ccae662bb187000cf9352c,FM SHOES 經典側挖空防潑水粗跟鞋 淺灰(35-42),FM SHOES 經典側挖空防潑水粗跟鞋 淺灰(35-42),https://www.fmshoes.com.tw/products/68ccae684775db0018fb104f?variation=68ccae662bb187000cf9352c,https://img.shoplineapp.com/media/image_clips/68df1c6ca10e6e0012bc3228/original.jpg?1759452268=&owner_id=627e1d404e691000311b0a4f,1680 TWD,in stock,new
68ccae684775db0018fb104f:68ccae662bb187000cf9352d,FM SHOES 經典側挖空防潑水粗跟鞋 淺灰(35-42),FM SHOES 經典側挖空防潑水粗跟鞋 淺灰(35-42),https://www.fmshoes.com.tw/products/68ccae684775db0018fb104f?variation=68ccae662bb187000cf9352d,https://img.shoplineapp.com/media/image_clips/68df1c6ca10e6e0012bc3228/original.jpg?1759452268=&owner_id=627e1d404e691000311b0a4f,1680 TWD,in stock,new
68ccae684775db0018fb104f:68ccae662bb187000cf9352e,FM SHOES 經典側挖空防潑水粗跟鞋 淺灰(35-42),FM SHOES 經典側挖空防潑水粗跟鞋 淺灰(35-42),https://www.fmshoes.com.tw/products/68ccae684775db0018fb104f?variation=68ccae662bb187000cf9352e,https://img.shoplineapp.com/media/image_clips/68df1c6ca10e6e0012bc3228/original.jpg?1759452268=&owner_id=627e1d404e691000311b0a4f,1680 TWD,in stock,new
68ccae684775db0018fb104f:68ccae662bb187000cf9352f,FM SHOES 經典側挖空防潑水粗跟鞋 淺灰(35-42),FM SHOES 經典側挖空防潑水粗跟鞋 淺灰(35-42),https://www.fmshoes.com.tw/products/68ccae684775db0018fb104f?variation=68ccae662bb187000cf9352f,https://img.shoplineapp.com/media/image_clips/68df1c6ca10e6e0012bc3228/original.jpg?1759452268=&owner_id=627e1d404e691000311b0a4f,1680 TWD,in stock,new
68ccae684775db0018fb104f:68ccae662bb187000cf93530,FM SHOES 經典側挖空防潑水粗跟鞋 淺灰(35-42),FM SHOES 經典側挖空防潑水粗跟鞋 淺灰(35-42),https://www.fmshoes.com.tw/products/68ccae684775db0018fb104f?variation=68ccae662bb187000cf93530,https://img.shoplineapp.com/media/image_clips/68df1c6ca10e6e0012bc3228/original.jpg?1759452268=&owner_id=627e1d404e691000311b0a4f,1680 TWD,in stock,new
68ccae684775db0018fb104f:68ccae662bb187000cf93531,FM SHOES 經典側挖空防潑水粗跟鞋 淺灰(35-42),FM SHOES 經典側挖空防潑水粗跟鞋 淺灰(35-42),https://www.fmshoes.com.tw/products/68ccae684775db0018fb104f?variation=68ccae662bb187000cf93531,https://img.shoplineapp.com/media/image_clips/68df1c6ca10e6e0012bc3228/original.jpg?1759452268=&owner_id=627e1d404e691000311b0a4f,1680 TWD,in stock,new
68ccaeed391ba4000a2f3c14:68ccaeeab6c635000999d73f,FM SHOES 經典側挖空防潑水粗跟鞋 米白(35-42),FM SHOES 經典側挖空防潑水粗跟鞋 米白(35-42),https://www.fmshoes.com.tw/products/68ccaeed391ba4000a2f3c14?variation=68ccaeeab6c635000999d73f,https://img.shoplineapp.com/media/image_clips/68df1cdc4484f9000a1bd025/original.jpg?1759452379=&owner_id=627e1d404e691000311b0a4f,1680 TWD,in stock,new
68ccaeed391ba4000a2f3c14:68ccaeeab6c635000999d740,FM SHOES 經典側挖空防潑水粗跟鞋 米白(35-42),FM SHOES 經典側挖空防潑水粗跟鞋 米白(35-42),https://www.fmshoes.com.tw/products/68ccaeed391ba4000a2f3c14?variation=68ccaeeab6c635000999d740,https://img.shoplineapp.com/media/image_clips/68df1cdc4484f9000a1bd025/original.jpg?1759452379=&owner_id=627e1d404e691000311b0a4f,1680 TWD,in stock,new
68ccaeed391ba4000a2f3c14:68ccaeeab6c635000999d741,FM SHOES 經典側挖空防潑水粗跟鞋 米白(35-42),FM SHOES 經典側挖空防潑水粗跟鞋 米白(35-42),https://www.fmshoes.com.tw/products/68ccaeed391ba4000a2f3c14?variation=68ccaeeab6c635000999d741,https://img.shoplineapp.com/media/image_clips/68df1cdc4484f9000a1bd025/original.jpg?1759452379=&owner_id=627e1d404e691000311b0a4f,1680 TWD,in stock,new
68ccaeed391ba4000a2f3c14:68ccaeeab6c635000999d742,FM SHOES 經典側挖空防潑水粗跟鞋 米白(35-42),FM SHOES 經典側挖空防潑水粗跟鞋 米白(35-42),https://www.fmshoes.com.tw/products/68ccaeed391ba4000a2f3c14?variation=68ccaeeab6c635000999d742,https://img.shoplineapp.com/media/image_clips/68df1cdc4484f9000a1bd025/original.jpg?1759452379=&owner_id=627e1d404e691000311b0a4f,1680 TWD,in stock,new
68ccaeed391ba4000a2f3c14:68ccaeeab6c635000999d743,FM SHOES 經典側挖空防潑水粗跟鞋 米白(35-42),FM SHOES 經典側挖空防潑水粗跟鞋 米白(35-42),https://www.fmshoes.com.tw/products/68ccaeed391ba4000a2f3c14?variation=68ccaeeab6c635000999d743,https://img.shoplineapp.com/media/image_clips/68df1cdc4484f9000a1bd025/original.jpg?1759452379=&owner_id=627e1d404e691000311b0a4f,1680 TWD,in stock,new
68ccaeed391ba4000a2f3c14:68ccaeeab6c635000999d744,FM SHOES 經典側挖空防潑水粗跟鞋 米白(35-42),FM SHOES 經典側挖空防潑水粗跟鞋 米白(35-42),https://www.fmshoes.com.tw/products/68ccaeed391ba4000a2f3c14?variation=68ccaeeab6c635000999d744,https://img.shoplineapp.com/media/image_clips/68df1cdc4484f9000a1bd025/original.jpg?1759452379=&owner_id=627e1d404e691000311b0a4f,1680 TWD,in stock,new
68ccaeed391ba4000a2f3c14:68ccaeeab6c635000999d745,FM SHOES 經典側挖空防潑水粗跟鞋 米白(35-42),FM SHOES 經典側挖空防潑水粗跟鞋 米白(35-42),https://www.fmshoes.com.tw/products/68ccaeed391ba4000a2f3c14?variation=68ccaeeab6c635000999d745,https://img.shoplineapp.com/media/image_clips/68df1cdc4484f9000a1bd025/original.jpg?1759452379=&owner_id=627e1d404e691000311b0a4f,1680 TWD,in stock,new
68ccaeed391ba4000a2f3c14:68ccaeeab6c635000999d746,FM SHOES 經典側挖空防潑水粗跟鞋 米白(35-42),FM SHOES 經典側挖空防潑水粗跟鞋 米白(35-42),https://www.fmshoes.com.tw/products/68ccaeed391ba4000a2f3c14?variation=68ccaeeab6c635000999d746,https://img.shoplineapp.com/media/image_clips/68df1cdc4484f9000a1bd025/original.jpg?1759452379=&owner_id=627e1d404e691000311b0a4f,1680 TWD,in stock,new
68ccafbe4855ef000c5e71f7:68ccafbcd569540011cfb584,FM SHOES 經典百搭防潑水紓壓低跟包鞋 黑(35-43),FM SHOES 經典百搭防潑水紓壓低跟包鞋 黑(35-43),https://www.fmshoes.com.tw/products/68ccafbe4855ef000c5e71f7?variation=68ccafbcd569540011cfb584,https://img.shoplineapp.com/media/image_clips/68de3a0ce00dd7000ec69187/original.jpg?1759394316=&owner_id=627e1d404e691000311b0a4f,1680 TWD,in stock,new
68ccafbe4855ef000c5e71f7:68ccafbcd569540011cfb585,FM SHOES 經典百搭防潑水紓壓低跟包鞋 黑(35-43),FM SHOES 經典百搭防潑水紓壓低跟包鞋 黑(35-43),https://www.fmshoes.com.tw/products/68ccafbe4855ef000c5e71f7?variation=68ccafbcd569540011cfb585,https://img.shoplineapp.com/media/image_clips/68de3a0ce00dd7000ec69187/original.jpg?1759394316=&owner_id=627e1d404e691000311b0a4f,1680 TWD,in stock,new
68ccafbe4855ef000c5e71f7:68ccafbcd569540011cfb586,FM SHOES 經典百搭防潑水紓壓低跟包鞋 黑(35-43),FM SHOES 經典百搭防潑水紓壓低跟包鞋 黑(35-43),https://www.fmshoes.com.tw/products/68ccafbe4855ef000c5e71f7?variation=68ccafbcd569540011cfb586,https://img.shoplineapp.com/media/image_clips/68de3a0ce00dd7000ec69187/original.jpg?1759394316=&owner_id=627e1d404e691000311b0a4f,1680 TWD,in stock,new
68ccafbe4855ef000c5e71f7:68ccafbcd569540011cfb587,FM SHOES 經典百搭防潑水紓壓低跟包鞋 黑(35-43),FM SHOES 經典百搭防潑水紓壓低跟包鞋 黑(35-43),https://www.fmshoes.com.tw/products/68ccafbe4855ef000c5e71f7?variation=68ccafbcd569540011cfb587,https://img.shoplineapp.com/media/image_clips/68de3a0ce00dd7000ec69187/original.jpg?1759394316=&owner_id=627e1d404e691000311b0a4f,1680 TWD,in stock,new
68ccafbe4855ef000c5e71f7:68ccafbcd569540011cfb588,FM SHOES 經典百搭防潑水紓壓低跟包鞋 黑(35-43),FM SHOES 經典百搭防潑水紓壓低跟包鞋 黑(35-43),https://www.fmshoes.com.tw/products/68ccafbe4855ef000c5e71f7?variation=68ccafbcd569540011cfb588,https://img.shoplineapp.com/media/image_clips/68de3a0ce00dd7000ec69187/original.jpg?1759394316=&owner_id=627e1d404e691000311b0a4f,1680 TWD,in stock,new
68ccafbe4855ef000c5e71f7:68ccafbcd569540011cfb589,FM SHOES 經典百搭防潑水紓壓低跟包鞋 黑(35-43),FM SHOES 經典百搭防潑水紓壓低跟包鞋 黑(35-43),https://www.fmshoes.com.tw/products/68ccafbe4855ef000c5e71f7?variation=68ccafbcd569540011cfb589,https://img.shoplineapp.com/media/image_clips/68de3a0ce00dd7000ec69187/original.jpg?1759394316=&owner_id=627e1d404e691000311b0a4f,1680 TWD,in stock,new
68ccafbe4855ef000c5e71f7:68ccafbcd569540011cfb58a,FM SHOES 經典百搭防潑水紓壓低跟包鞋 黑(35-43),FM SHOES 經典百搭防潑水紓壓低跟包鞋 黑(35-43),https://www.fmshoes.com.tw/products/68ccafbe4855ef000c5e71f7?variation=68ccafbcd569540011cfb58a,https://img.shoplineapp.com/media/image_clips/68de3a0ce00dd7000ec69187/original.jpg?1759394316=&owner_id=627e1d404e691000311b0a4f,1680 TWD,in stock,new
68ccafbe4855ef000c5e71f7:68ccafbcd569540011cfb583,FM SHOES 經典百搭防潑水紓壓低跟包鞋 黑(35-43),FM SHOES 經典百搭防潑水紓壓低跟包鞋 黑(35-43),https://www.fmshoes.com.tw/products/68ccafbe4855ef000c5e71f7?variation=68ccafbcd569540011cfb583,https://img.shoplineapp.com/media/image_clips/68de3a0ce00dd7000ec69187/original.jpg?1759394316=&owner_id=627e1d404e691000311b0a4f,1680 TWD,in stock,new
68ccafbe4855ef000c5e71f7:68ccafbcd569540011cfb58b,FM SHOES 經典百搭防潑水紓壓低跟包鞋 黑(35-43),FM SHOES 經典百搭防潑水紓壓低跟包鞋 黑(35-43),https://www.fmshoes.com.tw/products/68ccafbe4855ef000c5e71f7?variation=68ccafbcd569540011cfb58b,https://img.shoplineapp.com/media/image_clips/68de3a0ce00dd7000ec69187/original.jpg?1759394316=&owner_id=627e1d404e691000311b0a4f,1680 TWD,in stock,new
68ccb0795b9a25000a0b0e23:68ccb0770921dc000cd2f700,FM SHOES 經典百搭防潑水紓壓低跟包鞋 可可(35-43),FM SHOES 經典百搭防潑水紓壓低跟包鞋 可可(35-43),https://www.fmshoes.com.tw/products/68ccb0795b9a25000a0b0e23?variation=68ccb0770921dc000cd2f700,https://img.shoplineapp.com/media/image_clips/68de3ad20c7a060012b08065/original.jpg?1759394514=&owner_id=627e1d404e691000311b0a4f,1680 TWD,in stock,new
68ccb0795b9a25000a0b0e23:68ccb0770921dc000cd2f701,FM SHOES 經典百搭防潑水紓壓低跟包鞋 可可(35-43),FM SHOES 經典百搭防潑水紓壓低跟包鞋 可可(35-43),https://www.fmshoes.com.tw/products/68ccb0795b9a25000a0b0e23?variation=68ccb0770921dc000cd2f701,https://img.shoplineapp.com/media/image_clips/68de3ad20c7a060012b08065/original.jpg?1759394514=&owner_id=627e1d404e691000311b0a4f,1680 TWD,in stock,new
68ccb0795b9a25000a0b0e23:68ccb0770921dc000cd2f702,FM SHOES 經典百搭防潑水紓壓低跟包鞋 可可(35-43),FM SHOES 經典百搭防潑水紓壓低跟包鞋 可可(35-43),https://www.fmshoes.com.tw/products/68ccb0795b9a25000a0b0e23?variation=68ccb0770921dc000cd2f702,https://img.shoplineapp.com/media/image_clips/68de3ad20c7a060012b08065/original.jpg?1759394514=&owner_id=627e1d404e691000311b0a4f,1680 TWD,in stock,new
68ccb0795b9a25000a0b0e23:68ccb0770921dc000cd2f703,FM SHOES 經典百搭防潑水紓壓低跟包鞋 可可(35-43),FM SHOES 經典百搭防潑水紓壓低跟包鞋 可可(35-43),https://www.fmshoes.com.tw/products/68ccb0795b9a25000a0b0e23?variation=68ccb0770921dc000cd2f703,https://img.shoplineapp.com/media/image_clips/68de3ad20c7a060012b08065/original.jpg?1759394514=&owner_id=627e1d404e691000311b0a4f,1680 TWD,in stock,new
68ccb0795b9a25000a0b0e23:68ccb0770921dc000cd2f704,FM SHOES 經典百搭防潑水紓壓低跟包鞋 可可(35-43),FM SHOES 經典百搭防潑水紓壓低跟包鞋 可可(35-43),https://www.fmshoes.com.tw/products/68ccb0795b9a25000a0b0e23?variation=68ccb0770921dc000cd2f704,https://img.shoplineapp.com/media/image_clips/68de3ad20c7a060012b08065/original.jpg?1759394514=&owner_id=627e1d404e691000311b0a4f,1680 TWD,in stock,new
68ccb0795b9a25000a0b0e23:68ccb0770921dc000cd2f705,FM SHOES 經典百搭防潑水紓壓低跟包鞋 可可(35-43),FM SHOES 經典百搭防潑水紓壓低跟包鞋 可可(35-43),https://www.fmshoes.com.tw/products/68ccb0795b9a25000a0b0e23?variation=68ccb0770921dc000cd2f705,https://img.shoplineapp.com/media/image_clips/68de3ad20c7a060012b08065/original.jpg?1759394514=&owner_id=627e1d404e691000311b0a4f,1680 TWD,in stock,new
68ccb0795b9a25000a0b0e23:68ccb0770921dc000cd2f706,FM SHOES 經典百搭防潑水紓壓低跟包鞋 可可(35-43),FM SHOES 經典百搭防潑水紓壓低跟包鞋 可可(35-43),https://www.fmshoes.com.tw/products/68ccb0795b9a25000a0b0e23?variation=68ccb0770921dc000cd2f706,https://img.shoplineapp.com/media/image_clips/68de3ad20c7a060012b08065/original.jpg?1759394514=&owner_id=627e1d404e691000311b0a4f,1680 TWD,in stock,new
68ccb0795b9a25000a0b0e23:68ccb0770921dc000cd2f6ff,FM SHOES 經典百搭防潑水紓壓低跟包鞋 可可(35-43),FM SHOES 經典百搭防潑水紓壓低跟包鞋 可可(35-43),https://www.fmshoes.com.tw/products/68ccb0795b9a25000a0b0e23?variation=68ccb0770921dc000cd2f6ff,https://img.shoplineapp.com/media/image_clips/68de3ad20c7a060012b08065/original.jpg?1759394514=&owner_id=627e1d404e691000311b0a4f,1680 TWD,in stock,new
68ccb0795b9a25000a0b0e23:68ccb0770921dc000cd2f707,FM SHOES 經典百搭防潑水紓壓低跟包鞋 可可(35-43),FM SHOES 經典百搭防潑水紓壓低跟包鞋 可可(35-43),https://www.fmshoes.com.tw/products/68ccb0795b9a25000a0b0e23?variation=68ccb0770921dc000cd2f707,https://img.shoplineapp.com/media/image_clips/68de3ad20c7a060012b08065/original.jpg?1759394514=&owner_id=627e1d404e691000311b0a4f,1680 TWD,in stock,new
68ccb104198269000e98e49f:68ccb102d7bd83000bbc1cde,FM SHOES 經典百搭防潑水紓壓低跟包鞋 杏(35-43),FM SHOES 經典百搭防潑水紓壓低跟包鞋 杏(35-43),https://www.fmshoes.com.tw/products/68ccb104198269000e98e49f?variation=68ccb102d7bd83000bbc1cde,https://img.shoplineapp.com/media/image_clips/68de3a593a7cee000cf5c3ce/original.jpg?1759394393=&owner_id=627e1d404e691000311b0a4f,1680 TWD,in stock,new
68ccb104198269000e98e49f:68ccb102d7bd83000bbc1cdf,FM SHOES 經典百搭防潑水紓壓低跟包鞋 杏(35-43),FM SHOES 經典百搭防潑水紓壓低跟包鞋 杏(35-43),https://www.fmshoes.com.tw/products/68ccb104198269000e98e49f?variation=68ccb102d7bd83000bbc1cdf,https://img.shoplineapp.com/media/image_clips/68de3a593a7cee000cf5c3ce/original.jpg?1759394393=&owner_id=627e1d404e691000311b0a4f,1680 TWD,in stock,new
68ccb104198269000e98e49f:68ccb102d7bd83000bbc1ce0,FM SHOES 經典百搭防潑水紓壓低跟包鞋 杏(35-43),FM SHOES 經典百搭防潑水紓壓低跟包鞋 杏(35-43),https://www.fmshoes.com.tw/products/68ccb104198269000e98e49f?variation=68ccb102d7bd83000bbc1ce0,https://img.shoplineapp.com/media/image_clips/68de3a593a7cee000cf5c3ce/original.jpg?1759394393=&owner_id=627e1d404e691000311b0a4f,1680 TWD,in stock,new
68ccb104198269000e98e49f:68ccb102d7bd83000bbc1ce1,FM SHOES 經典百搭防潑水紓壓低跟包鞋 杏(35-43),FM SHOES 經典百搭防潑水紓壓低跟包鞋 杏(35-43),https://www.fmshoes.com.tw/products/68ccb104198269000e98e49f?variation=68ccb102d7bd83000bbc1ce1,https://img.shoplineapp.com/media/image_clips/68de3a593a7cee000cf5c3ce/original.jpg?1759394393=&owner_id=627e1d404e691000311b0a4f,1680 TWD,in stock,new
68ccb104198269000e98e49f:68ccb102d7bd83000bbc1ce2,FM SHOES 經典百搭防潑水紓壓低跟包鞋 杏(35-43),FM SHOES 經典百搭防潑水紓壓低跟包鞋 杏(35-43),https://www.fmshoes.com.tw/products/68ccb104198269000e98e49f?variation=68ccb102d7bd83000bbc1ce2,https://img.shoplineapp.com/media/image_clips/68de3a593a7cee000cf5c3ce/original.jpg?1759394393=&owner_id=627e1d404e691000311b0a4f,1680 TWD,in stock,new
68ccb104198269000e98e49f:68ccb102d7bd83000bbc1ce3,FM SHOES 經典百搭防潑水紓壓低跟包鞋 杏(35-43),FM SHOES 經典百搭防潑水紓壓低跟包鞋 杏(35-43),https://www.fmshoes.com.tw/products/68ccb104198269000e98e49f?variation=68ccb102d7bd83000bbc1ce3,https://img.shoplineapp.com/media/image_clips/68de3a593a7cee000cf5c3ce/original.jpg?1759394393=&owner_id=627e1d404e691000311b0a4f,1680 TWD,in stock,new
68ccb104198269000e98e49f:68ccb102d7bd83000bbc1ce4,FM SHOES 經典百搭防潑水紓壓低跟包鞋 杏(35-43),FM SHOES 經典百搭防潑水紓壓低跟包鞋 杏(35-43),https://www.fmshoes.com.tw/products/68ccb104198269000e98e49f?variation=68ccb102d7bd83000bbc1ce4,https://img.shoplineapp.com/media/image_clips/68de3a593a7cee000cf5c3ce/original.jpg?1759394393=&owner_id=627e1d404e691000311b0a4f,1680 TWD,in stock,new
68ccb104198269000e98e49f:68ccb102d7bd83000bbc1cdd,FM SHOES 經典百搭防潑水紓壓低跟包鞋 杏(35-43),FM SHOES 經典百搭防潑水紓壓低跟包鞋 杏(35-43),https://www.fmshoes.com.tw/products/68ccb104198269000e98e49f?variation=68ccb102d7bd83000bbc1cdd,https://img.shoplineapp.com/media/image_clips/68de3a593a7cee000cf5c3ce/original.jpg?1759394393=&owner_id=627e1d404e691000311b0a4f,1680 TWD,in stock,new
68ccb104198269000e98e49f:68ccb102d7bd83000bbc1ce5,FM SHOES 經典百搭防潑水紓壓低跟包鞋 杏(35-43),FM SHOES 經典百搭防潑水紓壓低跟包鞋 杏(35-43),https://www.fmshoes.com.tw/products/68ccb104198269000e98e49f?variation=68ccb102d7bd83000bbc1ce5,https://img.shoplineapp.com/media/image_clips/68de3a593a7cee000cf5c3ce/original.jpg?1759394393=&owner_id=627e1d404e691000311b0a4f,1680 TWD,in stock,new
68e77607e88e050016757c77:68e77605936dc700156e5eea,FM SHOES 瑪莉珍搭扣芭蕾平底鞋 米(36-40),".embed-container { position: relative; padding-bottom: 56.25%; height: 0; overflow: hidden; max-width: 100%; } .embed-container iframe, .embed-container object, .embed-container embed { position: absolute; top: 0; left: 0; width:",https://www.fmshoes.com.tw/products/68e77607e88e050016757c77?variation=68e77605936dc700156e5eea,https://img.shoplineapp.com/media/image_clips/68ec9597b0919c0010e574ca/original.jpg?1760335255=&owner_id=627e1d404e691000311b0a4f,1480 TWD,in stock,new
68e77607e88e050016757c77:68e77605936dc700156e5eec,FM SHOES 瑪莉珍搭扣芭蕾平底鞋 米(36-40),".embed-container { position: relative; padding-bottom: 56.25%; height: 0; overflow: hidden; max-width: 100%; } .embed-container iframe, .embed-container object, .embed-container embed { position: absolute; top: 0; left: 0; width:",https://www.fmshoes.com.tw/products/68e77607e88e050016757c77?variation=68e77605936dc700156e5eec,https://img.shoplineapp.com/media/image_clips/68ec9597b0919c0010e574ca/original.jpg?1760335255=&owner_id=627e1d404e691000311b0a4f,1480 TWD,in stock,new
68e7766509317900103bc7ce:68e776624a3b6d00144b046b,FM SHOES 瑪莉珍搭扣芭蕾平底鞋 黑(36-40),".embed-container { position: relative; padding-bottom: 56.25%; height: 0; overflow: hidden; max-width: 100%; } .embed-container iframe, .embed-container object, .embed-container embed { position: absolute; top: 0; left: 0; width:",https://www.fmshoes.com.tw/products/68e7766509317900103bc7ce?variation=68e776624a3b6d00144b046b,https://img.shoplineapp.com/media/image_clips/68ec95414c0604001083d561/original.jpg?1760335169=&owner_id=627e1d404e691000311b0a4f,1480 TWD,in stock,new
68e7766509317900103bc7ce:68e776624a3b6d00144b046c,FM SHOES 瑪莉珍搭扣芭蕾平底鞋 黑(36-40),".embed-container { position: relative; padding-bottom: 56.25%; height: 0; overflow: hidden; max-width: 100%; } .embed-container iframe, .embed-container object, .embed-container embed { position: absolute; top: 0; left: 0; width:",https://www.fmshoes.com.tw/products/68e7766509317900103bc7ce?variation=68e776624a3b6d00144b046c,https://img.shoplineapp.com/media/image_clips/68ec95414c0604001083d561/original.jpg?1760335169=&owner_id=627e1d404e691000311b0a4f,1480 TWD,in stock,new
68e7766509317900103bc7ce:68e776624a3b6d00144b046d,FM SHOES 瑪莉珍搭扣芭蕾平底鞋 黑(36-40),".embed-container { position: relative; padding-bottom: 56.25%; height: 0; overflow: hidden; max-width: 100%; } .embed-container iframe, .embed-container object, .embed-container embed { position: absolute; top: 0; left: 0; width:",https://www.fmshoes.com.tw/products/68e7766509317900103bc7ce?variation=68e776624a3b6d00144b046d,https://img.shoplineapp.com/media/image_clips/68ec95414c0604001083d561/original.jpg?1760335169=&owner_id=627e1d404e691000311b0a4f,1480 TWD,in stock,new
68edc62a0ba8bd000eb004c1:68edc62ac635d90014c48ca2,FM SHOES 微笑曲線紓壓防潑水低跟鞋 黑(36-43),FM SHOES 微笑曲線紓壓防潑水低跟鞋 黑(36-43),https://www.fmshoes.com.tw/products/68edc62a0ba8bd000eb004c1?variation=68edc62ac635d90014c48ca2,https://img.shoplineapp.com/media/image_clips/68f82d314716600014411021/original.jpg?1761094960=&owner_id=627e1d404e691000311b0a4f,1680 TWD,in stock,new
68edc62a0ba8bd000eb004c1:68edc62ac635d90014c48ca3,FM SHOES 微笑曲線紓壓防潑水低跟鞋 黑(36-43),FM SHOES 微笑曲線紓壓防潑水低跟鞋 黑(36-43),https://www.fmshoes.com.tw/products/68edc62a0ba8bd000eb004c1?variation=68edc62ac635d90014c48ca3,https://img.shoplineapp.com/media/image_clips/68f82d314716600014411021/original.jpg?1761094960=&owner_id=627e1d404e691000311b0a4f,1680 TWD,in stock,new
68edc62a0ba8bd000eb004c1:68edc62ac635d90014c48ca4,FM SHOES 微笑曲線紓壓防潑水低跟鞋 黑(36-43),FM SHOES 微笑曲線紓壓防潑水低跟鞋 黑(36-43),https://www.fmshoes.com.tw/products/68edc62a0ba8bd000eb004c1?variation=68edc62ac635d90014c48ca4,https://img.shoplineapp.com/media/image_clips/68f82d314716600014411021/original.jpg?1761094960=&owner_id=627e1d404e691000311b0a4f,1680 TWD,in stock,new
68edc62a0ba8bd000eb004c1:68edc62ac635d90014c48ca5,FM SHOES 微笑曲線紓壓防潑水低跟鞋 黑(36-43),FM SHOES 微笑曲線紓壓防潑水低跟鞋 黑(36-43),https://www.fmshoes.com.tw/products/68edc62a0ba8bd000eb004c1?variation=68edc62ac635d90014c48ca5,https://img.shoplineapp.com/media/image_clips/68f82d314716600014411021/original.jpg?1761094960=&owner_id=627e1d404e691000311b0a4f,1680 TWD,in stock,new
68edc62a0ba8bd000eb004c1:68edc62ac635d90014c48ca6,FM SHOES 微笑曲線紓壓防潑水低跟鞋 黑(36-43),FM SHOES 微笑曲線紓壓防潑水低跟鞋 黑(36-43),https://www.fmshoes.com.tw/products/68edc62a0ba8bd000eb004c1?variation=68edc62ac635d90014c48ca6,https://img.shoplineapp.com/media/image_clips/68f82d314716600014411021/original.jpg?1761094960=&owner_id=627e1d404e691000311b0a4f,1680 TWD,in stock,new
68edc62a0ba8bd000eb004c1:68edc62ac635d90014c48ca7,FM SHOES 微笑曲線紓壓防潑水低跟鞋 黑(36-43),FM SHOES 微笑曲線紓壓防潑水低跟鞋 黑(36-43),https://www.fmshoes.com.tw/products/68edc62a0ba8bd000eb004c1?variation=68edc62ac635d90014c48ca7,https://img.shoplineapp.com/media/image_clips/68f82d314716600014411021/original.jpg?1761094960=&owner_id=627e1d404e691000311b0a4f,1680 TWD,in stock,new
68edc62a0ba8bd000eb004c1:68edc62ac635d90014c48ca8,FM SHOES 微笑曲線紓壓防潑水低跟鞋 黑(36-43),FM SHOES 微笑曲線紓壓防潑水低跟鞋 黑(36-43),https://www.fmshoes.com.tw/products/68edc62a0ba8bd000eb004c1?variation=68edc62ac635d90014c48ca8,https://img.shoplineapp.com/media/image_clips/68f82d314716600014411021/original.jpg?1761094960=&owner_id=627e1d404e691000311b0a4f,1680 TWD,in stock,new
68edc62a0ba8bd000eb004c1:68edc62ac635d90014c48ca9,FM SHOES 微笑曲線紓壓防潑水低跟鞋 黑(36-43),FM SHOES 微笑曲線紓壓防潑水低跟鞋 黑(36-43),https://www.fmshoes.com.tw/products/68edc62a0ba8bd000eb004c1?variation=68edc62ac635d90014c48ca9,https://img.shoplineapp.com/media/image_clips/68f82d314716600014411021/original.jpg?1761094960=&owner_id=627e1d404e691000311b0a4f,1680 TWD,in stock,new
68edc7f8151b190010dc948c:68edc7f63748010012c59dea,FM SHOES 微笑曲線紓壓防潑水低跟鞋 卡其(36-43),FM SHOES 微笑曲線紓壓防潑水低跟鞋 卡其(36-43),https://www.fmshoes.com.tw/products/68edc7f8151b190010dc948c?variation=68edc7f63748010012c59dea,https://img.shoplineapp.com/media/image_clips/68f82d83dd2e3b001044e8fb/original.jpg?1761095042=&owner_id=627e1d404e691000311b0a4f,1680 TWD,in stock,new
68edc7f8151b190010dc948c:68edc7f63748010012c59deb,FM SHOES 微笑曲線紓壓防潑水低跟鞋 卡其(36-43),FM SHOES 微笑曲線紓壓防潑水低跟鞋 卡其(36-43),https://www.fmshoes.com.tw/products/68edc7f8151b190010dc948c?variation=68edc7f63748010012c59deb,https://img.shoplineapp.com/media/image_clips/68f82d83dd2e3b001044e8fb/original.jpg?1761095042=&owner_id=627e1d404e691000311b0a4f,1680 TWD,in stock,new
68edc7f8151b190010dc948c:68edc7f63748010012c59dec,FM SHOES 微笑曲線紓壓防潑水低跟鞋 卡其(36-43),FM SHOES 微笑曲線紓壓防潑水低跟鞋 卡其(36-43),https://www.fmshoes.com.tw/products/68edc7f8151b190010dc948c?variation=68edc7f63748010012c59dec,https://img.shoplineapp.com/media/image_clips/68f82d83dd2e3b001044e8fb/original.jpg?1761095042=&owner_id=627e1d404e691000311b0a4f,1680 TWD,in stock,new
68edc7f8151b190010dc948c:68edc7f63748010012c59ded,FM SHOES 微笑曲線紓壓防潑水低跟鞋 卡其(36-43),FM SHOES 微笑曲線紓壓防潑水低跟鞋 卡其(36-43),https://www.fmshoes.com.tw/products/68edc7f8151b190010dc948c?variation=68edc7f63748010012c59ded,https://img.shoplineapp.com/media/image_clips/68f82d83dd2e3b001044e8fb/original.jpg?1761095042=&owner_id=627e1d404e691000311b0a4f,1680 TWD,in stock,new
68edc7f8151b190010dc948c:68edc7f63748010012c59dee,FM SHOES 微笑曲線紓壓防潑水低跟鞋 卡其(36-43),FM SHOES 微笑曲線紓壓防潑水低跟鞋 卡其(36-43),https://www.fmshoes.com.tw/products/68edc7f8151b190010dc948c?variation=68edc7f63748010012c59dee,https://img.shoplineapp.com/media/image_clips/68f82d83dd2e3b001044e8fb/original.jpg?1761095042=&owner_id=627e1d404e691000311b0a4f,1680 TWD,in stock,new
68edc7f8151b190010dc948c:68edc7f63748010012c59def,FM SHOES 微笑曲線紓壓防潑水低跟鞋 卡其(36-43),FM SHOES 微笑曲線紓壓防潑水低跟鞋 卡其(36-43),https://www.fmshoes.com.tw/products/68edc7f8151b190010dc948c?variation=68edc7f63748010012c59def,https://img.shoplineapp.com/media/image_clips/68f82d83dd2e3b001044e8fb/original.jpg?1761095042=&owner_id=627e1d404e691000311b0a4f,1680 TWD,in stock,new
68edc7f8151b190010dc948c:68edc7f63748010012c59df0,FM SHOES 微笑曲線紓壓防潑水低跟鞋 卡其(36-43),FM SHOES 微笑曲線紓壓防潑水低跟鞋 卡其(36-43),https://www.fmshoes.com.tw/products/68edc7f8151b190010dc948c?variation=68edc7f63748010012c59df0,https://img.shoplineapp.com/media/image_clips/68f82d83dd2e3b001044e8fb/original.jpg?1761095042=&owner_id=627e1d404e691000311b0a4f,1680 TWD,in stock,new
68edc8c2ddbc0f000f4c5ce8:68edc8c1b145e6000dcd0d13,FM SHOES 微笑曲線紓壓防潑水低跟鞋 杏米(36-43),FM SHOES 微笑曲線紓壓防潑水低跟鞋 杏米(36-43),https://www.fmshoes.com.tw/products/68edc8c2ddbc0f000f4c5ce8?variation=68edc8c1b145e6000dcd0d13,https://img.shoplineapp.com/media/image_clips/68f82dbb687ea700143a8500/original.jpg?1761095098=&owner_id=627e1d404e691000311b0a4f,1680 TWD,in stock,new
68edc8c2ddbc0f000f4c5ce8:68edc8c1b145e6000dcd0d14,FM SHOES 微笑曲線紓壓防潑水低跟鞋 杏米(36-43),FM SHOES 微笑曲線紓壓防潑水低跟鞋 杏米(36-43),https://www.fmshoes.com.tw/products/68edc8c2ddbc0f000f4c5ce8?variation=68edc8c1b145e6000dcd0d14,https://img.shoplineapp.com/media/image_clips/68f82dbb687ea700143a8500/original.jpg?1761095098=&owner_id=627e1d404e691000311b0a4f,1680 TWD,in stock,new
68edc8c2ddbc0f000f4c5ce8:68edc8c1b145e6000dcd0d15,FM SHOES 微笑曲線紓壓防潑水低跟鞋 杏米(36-43),FM SHOES 微笑曲線紓壓防潑水低跟鞋 杏米(36-43),https://www.fmshoes.com.tw/products/68edc8c2ddbc0f000f4c5ce8?variation=68edc8c1b145e6000dcd0d15,https://img.shoplineapp.com/media/image_clips/68f82dbb687ea700143a8500/original.jpg?1761095098=&owner_id=627e1d404e691000311b0a4f,1680 TWD,in stock,new
68edc8c2ddbc0f000f4c5ce8:68edc8c1b145e6000dcd0d16,FM SHOES 微笑曲線紓壓防潑水低跟鞋 杏米(36-43),FM SHOES 微笑曲線紓壓防潑水低跟鞋 杏米(36-43),https://www.fmshoes.com.tw/products/68edc8c2ddbc0f000f4c5ce8?variation=68edc8c1b145e6000dcd0d16,https://img.shoplineapp.com/media/image_clips/68f82dbb687ea700143a8500/original.jpg?1761095098=&owner_id=627e1d404e691000311b0a4f,1680 TWD,in stock,new
68edc8c2ddbc0f000f4c5ce8:68edc8c1b145e6000dcd0d17,FM SHOES 微笑曲線紓壓防潑水低跟鞋 杏米(36-43),FM SHOES 微笑曲線紓壓防潑水低跟鞋 杏米(36-43),https://www.fmshoes.com.tw/products/68edc8c2ddbc0f000f4c5ce8?variation=68edc8c1b145e6000dcd0d17,https://img.shoplineapp.com/media/image_clips/68f82dbb687ea700143a8500/original.jpg?1761095098=&owner_id=627e1d404e691000311b0a4f,1680 TWD,in stock,new
68edc8c2ddbc0f000f4c5ce8:68edc8c1b145e6000dcd0d18,FM SHOES 微笑曲線紓壓防潑水低跟鞋 杏米(36-43),FM SHOES 微笑曲線紓壓防潑水低跟鞋 杏米(36-43),https://www.fmshoes.com.tw/products/68edc8c2ddbc0f000f4c5ce8?variation=68edc8c1b145e6000dcd0d18,https://img.shoplineapp.com/media/image_clips/68f82dbb687ea700143a8500/original.jpg?1761095098=&owner_id=627e1d404e691000311b0a4f,1680 TWD,in stock,new
68edc8c2ddbc0f000f4c5ce8:68edc8c1b145e6000dcd0d19,FM SHOES 微笑曲線紓壓防潑水低跟鞋 杏米(36-43),FM SHOES 微笑曲線紓壓防潑水低跟鞋 杏米(36-43),https://www.fmshoes.com.tw/products/68edc8c2ddbc0f000f4c5ce8?variation=68edc8c1b145e6000dcd0d19,https://img.shoplineapp.com/media/image_clips/68f82dbb687ea700143a8500/original.jpg?1761095098=&owner_id=627e1d404e691000311b0a4f,1680 TWD,in stock,new
68edc8c2ddbc0f000f4c5ce8:68edc8c1b145e6000dcd0d1a,FM SHOES 微笑曲線紓壓防潑水低跟鞋 杏米(36-43),FM SHOES 微笑曲線紓壓防潑水低跟鞋 杏米(36-43),https://www.fmshoes.com.tw/products/68edc8c2ddbc0f000f4c5ce8?variation=68edc8c1b145e6000dcd0d1a,https://img.shoplineapp.com/media/image_clips/68f82dbb687ea700143a8500/original.jpg?1761095098=&owner_id=627e1d404e691000311b0a4f,1680 TWD,in stock,new
68edc9a6f16dff001039ac09:68edc9a326227a000e492b1e,FM SHOES 超輕量極簡風格厚底切爾西短靴 灰咖(36-42),FM SHOES 超輕量極簡風格厚底切爾西短靴 灰咖(36-42),https://www.fmshoes.com.tw/products/68edc9a6f16dff001039ac09?variation=68edc9a326227a000e492b1e,https://img.shoplineapp.com/media/image_clips/6902f5250c71c1000aa3dd84/original.jpg?1761801509=&owner_id=627e1d404e691000311b0a4f,1880 TWD,in stock,new
68edc9a6f16dff001039ac09:68edc9a326227a000e492b1f,FM SHOES 超輕量極簡風格厚底切爾西短靴 灰咖(36-42),FM SHOES 超輕量極簡風格厚底切爾西短靴 灰咖(36-42),https://www.fmshoes.com.tw/products/68edc9a6f16dff001039ac09?variation=68edc9a326227a000e492b1f,https://img.shoplineapp.com/media/image_clips/6902f5250c71c1000aa3dd84/original.jpg?1761801509=&owner_id=627e1d404e691000311b0a4f,1880 TWD,in stock,new
68edc9a6f16dff001039ac09:68edc9a326227a000e492b20,FM SHOES 超輕量極簡風格厚底切爾西短靴 灰咖(36-42),FM SHOES 超輕量極簡風格厚底切爾西短靴 灰咖(36-42),https://www.fmshoes.com.tw/products/68edc9a6f16dff001039ac09?variation=68edc9a326227a000e492b20,https://img.shoplineapp.com/media/image_clips/6902f5250c71c1000aa3dd84/original.jpg?1761801509=&owner_id=627e1d404e691000311b0a4f,1880 TWD,in stock,new
68edc9a6f16dff001039ac09:68edc9a326227a000e492b21,FM SHOES 超輕量極簡風格厚底切爾西短靴 灰咖(36-42),FM SHOES 超輕量極簡風格厚底切爾西短靴 灰咖(36-42),https://www.fmshoes.com.tw/products/68edc9a6f16dff001039ac09?variation=68edc9a326227a000e492b21,https://img.shoplineapp.com/media/image_clips/6902f5250c71c1000aa3dd84/original.jpg?1761801509=&owner_id=627e1d404e691000311b0a4f,1880 TWD,in stock,new
68edc9a6f16dff001039ac09:68edc9a326227a000e492b22,FM SHOES 超輕量極簡風格厚底切爾西短靴 灰咖(36-42),FM SHOES 超輕量極簡風格厚底切爾西短靴 灰咖(36-42),https://www.fmshoes.com.tw/products/68edc9a6f16dff001039ac09?variation=68edc9a326227a000e492b22,https://img.shoplineapp.com/media/image_clips/6902f5250c71c1000aa3dd84/original.jpg?1761801509=&owner_id=627e1d404e691000311b0a4f,1880 TWD,in stock,new
68edc9a6f16dff001039ac09:68edc9a326227a000e492b23,FM SHOES 超輕量極簡風格厚底切爾西短靴 灰咖(36-42),FM SHOES 超輕量極簡風格厚底切爾西短靴 灰咖(36-42),https://www.fmshoes.com.tw/products/68edc9a6f16dff001039ac09?variation=68edc9a326227a000e492b23,https://img.shoplineapp.com/media/image_clips/6902f5250c71c1000aa3dd84/original.jpg?1761801509=&owner_id=627e1d404e691000311b0a4f,1880 TWD,in stock,new
68edc9a6f16dff001039ac09:68edc9a326227a000e492b24,FM SHOES 超輕量極簡風格厚底切爾西短靴 灰咖(36-42),FM SHOES 超輕量極簡風格厚底切爾西短靴 灰咖(36-42),https://www.fmshoes.com.tw/products/68edc9a6f16dff001039ac09?variation=68edc9a326227a000e492b24,https://img.shoplineapp.com/media/image_clips/6902f5250c71c1000aa3dd84/original.jpg?1761801509=&owner_id=627e1d404e691000311b0a4f,1880 TWD,in stock,new
68edca3c9261e70012cbdabf:68edca398a707a000a31f759,FM SHOES 超輕量極簡風格厚底切爾西短靴 黑(36-42),FM SHOES 超輕量極簡風格厚底切爾西短靴 黑(36-42),https://www.fmshoes.com.tw/products/68edca3c9261e70012cbdabf?variation=68edca398a707a000a31f759,https://img.shoplineapp.com/media/image_clips/6902f4816d03410016a14328/original.jpg?1761801345=&owner_id=627e1d404e691000311b0a4f,1880 TWD,in stock,new
68edca3c9261e70012cbdabf:68edca398a707a000a31f75a,FM SHOES 超輕量極簡風格厚底切爾西短靴 黑(36-42),FM SHOES 超輕量極簡風格厚底切爾西短靴 黑(36-42),https://www.fmshoes.com.tw/products/68edca3c9261e70012cbdabf?variation=68edca398a707a000a31f75a,https://img.shoplineapp.com/media/image_clips/6902f4816d03410016a14328/original.jpg?1761801345=&owner_id=627e1d404e691000311b0a4f,1880 TWD,in stock,new
68edca3c9261e70012cbdabf:68edca398a707a000a31f75b,FM SHOES 超輕量極簡風格厚底切爾西短靴 黑(36-42),FM SHOES 超輕量極簡風格厚底切爾西短靴 黑(36-42),https://www.fmshoes.com.tw/products/68edca3c9261e70012cbdabf?variation=68edca398a707a000a31f75b,https://img.shoplineapp.com/media/image_clips/6902f4816d03410016a14328/original.jpg?1761801345=&owner_id=627e1d404e691000311b0a4f,1880 TWD,in stock,new
68edca3c9261e70012cbdabf:68edca398a707a000a31f75c,FM SHOES 超輕量極簡風格厚底切爾西短靴 黑(36-42),FM SHOES 超輕量極簡風格厚底切爾西短靴 黑(36-42),https://www.fmshoes.com.tw/products/68edca3c9261e70012cbdabf?variation=68edca398a707a000a31f75c,https://img.shoplineapp.com/media/image_clips/6902f4816d03410016a14328/original.jpg?1761801345=&owner_id=627e1d404e691000311b0a4f,1880 TWD,in stock,new
68edca3c9261e70012cbdabf:68edca398a707a000a31f75d,FM SHOES 超輕量極簡風格厚底切爾西短靴 黑(36-42),FM SHOES 超輕量極簡風格厚底切爾西短靴 黑(36-42),https://www.fmshoes.com.tw/products/68edca3c9261e70012cbdabf?variation=68edca398a707a000a31f75d,https://img.shoplineapp.com/media/image_clips/6902f4816d03410016a14328/original.jpg?1761801345=&owner_id=627e1d404e691000311b0a4f,1880 TWD,in stock,new
68edca3c9261e70012cbdabf:68edca398a707a000a31f75e,FM SHOES 超輕量極簡風格厚底切爾西短靴 黑(36-42),FM SHOES 超輕量極簡風格厚底切爾西短靴 黑(36-42),https://www.fmshoes.com.tw/products/68edca3c9261e70012cbdabf?variation=68edca398a707a000a31f75e,https://img.shoplineapp.com/media/image_clips/6902f4816d03410016a14328/original.jpg?1761801345=&owner_id=627e1d404e691000311b0a4f,1880 TWD,in stock,new
68edca3c9261e70012cbdabf:68edca398a707a000a31f75f,FM SHOES 超輕量極簡風格厚底切爾西短靴 黑(36-42),FM SHOES 超輕量極簡風格厚底切爾西短靴 黑(36-42),https://www.fmshoes.com.tw/products/68edca3c9261e70012cbdabf?variation=68edca398a707a000a31f75f,https://img.shoplineapp.com/media/image_clips/6902f4816d03410016a14328/original.jpg?1761801345=&owner_id=627e1d404e691000311b0a4f,1880 TWD,in stock,new
68edcaad52eb730014008d36:68edcaab8b192e000ae77e46,FM SHOES 街頭風格輕量厚底綁帶短靴 灰咖(36-42),FM SHOES 街頭風格輕量厚底綁帶短靴 灰咖(36-42),https://www.fmshoes.com.tw/products/68edcaad52eb730014008d36?variation=68edcaab8b192e000ae77e46,https://img.shoplineapp.com/media/image_clips/690d54afeec8a10014f657b1/original.jpg?1762481327=&owner_id=627e1d404e691000311b0a4f,1880 TWD,in stock,new
68edcaad52eb730014008d36:68edcaab8b192e000ae77e48,FM SHOES 街頭風格輕量厚底綁帶短靴 灰咖(36-42),FM SHOES 街頭風格輕量厚底綁帶短靴 灰咖(36-42),https://www.fmshoes.com.tw/products/68edcaad52eb730014008d36?variation=68edcaab8b192e000ae77e48,https://img.shoplineapp.com/media/image_clips/690d54afeec8a10014f657b1/original.jpg?1762481327=&owner_id=627e1d404e691000311b0a4f,1880 TWD,in stock,new
68edcaad52eb730014008d36:68edcaab8b192e000ae77e4a,FM SHOES 街頭風格輕量厚底綁帶短靴 灰咖(36-42),FM SHOES 街頭風格輕量厚底綁帶短靴 灰咖(36-42),https://www.fmshoes.com.tw/products/68edcaad52eb730014008d36?variation=68edcaab8b192e000ae77e4a,https://img.shoplineapp.com/media/image_clips/690d54afeec8a10014f657b1/original.jpg?1762481327=&owner_id=627e1d404e691000311b0a4f,1880 TWD,in stock,new
68edcb07e9cbaf001678533b:68edcb054e0e57000ace3ac2,FM SHOES 街頭風格輕量厚底綁帶短靴 黑(36-42),FM SHOES 街頭風格輕量厚底綁帶短靴 黑(36-42),https://www.fmshoes.com.tw/products/68edcb07e9cbaf001678533b?variation=68edcb054e0e57000ace3ac2,https://img.shoplineapp.com/media/image_clips/690d551e310acc00181540a9/original.jpg?1762481438=&owner_id=627e1d404e691000311b0a4f,1880 TWD,in stock,new
68edcb07e9cbaf001678533b:68edcb054e0e57000ace3ac3,FM SHOES 街頭風格輕量厚底綁帶短靴 黑(36-42),FM SHOES 街頭風格輕量厚底綁帶短靴 黑(36-42),https://www.fmshoes.com.tw/products/68edcb07e9cbaf001678533b?variation=68edcb054e0e57000ace3ac3,https://img.shoplineapp.com/media/image_clips/690d551e310acc00181540a9/original.jpg?1762481438=&owner_id=627e1d404e691000311b0a4f,1880 TWD,in stock,new
68edcb07e9cbaf001678533b:68edcb054e0e57000ace3ac4,FM SHOES 街頭風格輕量厚底綁帶短靴 黑(36-42),FM SHOES 街頭風格輕量厚底綁帶短靴 黑(36-42),https://www.fmshoes.com.tw/products/68edcb07e9cbaf001678533b?variation=68edcb054e0e57000ace3ac4,https://img.shoplineapp.com/media/image_clips/690d551e310acc00181540a9/original.jpg?1762481438=&owner_id=627e1d404e691000311b0a4f,1880 TWD,in stock,new
68edcb07e9cbaf001678533b:68edcb054e0e57000ace3ac5,FM SHOES 街頭風格輕量厚底綁帶短靴 黑(36-42),FM SHOES 街頭風格輕量厚底綁帶短靴 黑(36-42),https://www.fmshoes.com.tw/products/68edcb07e9cbaf001678533b?variation=68edcb054e0e57000ace3ac5,https://img.shoplineapp.com/media/image_clips/690d551e310acc00181540a9/original.jpg?1762481438=&owner_id=627e1d404e691000311b0a4f,1880 TWD,in stock,new
68edcb07e9cbaf001678533b:68edcb054e0e57000ace3ac6,FM SHOES 街頭風格輕量厚底綁帶短靴 黑(36-42),FM SHOES 街頭風格輕量厚底綁帶短靴 黑(36-42),https://www.fmshoes.com.tw/products/68edcb07e9cbaf001678533b?variation=68edcb054e0e57000ace3ac6,https://img.shoplineapp.com/media/image_clips/690d551e310acc00181540a9/original.jpg?1762481438=&owner_id=627e1d404e691000311b0a4f,1880 TWD,in stock,new
68edcb07e9cbaf001678533b:68edcb054e0e57000ace3ac7,FM SHOES 街頭風格輕量厚底綁帶短靴 黑(36-42),FM SHOES 街頭風格輕量厚底綁帶短靴 黑(36-42),https://www.fmshoes.com.tw/products/68edcb07e9cbaf001678533b?variation=68edcb054e0e57000ace3ac7,https://img.shoplineapp.com/media/image_clips/690d551e310acc00181540a9/original.jpg?1762481438=&owner_id=627e1d404e691000311b0a4f,1880 TWD,in stock,new
68edda2fddbc0f000d4c6782:68edda2d47935c000b1ebf20,FM SHOES 經典輕量雙釦修飾型中筒靴 黑(36-41),FM SHOES 經典輕量雙釦修飾型中筒靴 黑(36-41),https://www.fmshoes.com.tw/products/68edda2fddbc0f000d4c6782?variation=68edda2d47935c000b1ebf20,https://img.shoplineapp.com/media/image_clips/691ab446a44aa00010a0fb23/original.jpg?1763357766=&owner_id=627e1d404e691000311b0a4f,2280 TWD,in stock,new
68edda2fddbc0f000d4c6782:68edda2d47935c000b1ebf21,FM SHOES 經典輕量雙釦修飾型中筒靴 黑(36-41),FM SHOES 經典輕量雙釦修飾型中筒靴 黑(36-41),https://www.fmshoes.com.tw/products/68edda2fddbc0f000d4c6782?variation=68edda2d47935c000b1ebf21,https://img.shoplineapp.com/media/image_clips/691ab446a44aa00010a0fb23/original.jpg?1763357766=&owner_id=627e1d404e691000311b0a4f,2280 TWD,in stock,new
68edda2fddbc0f000d4c6782:68edda2d47935c000b1ebf22,FM SHOES 經典輕量雙釦修飾型中筒靴 黑(36-41),FM SHOES 經典輕量雙釦修飾型中筒靴 黑(36-41),https://www.fmshoes.com.tw/products/68edda2fddbc0f000d4c6782?variation=68edda2d47935c000b1ebf22,https://img.shoplineapp.com/media/image_clips/691ab446a44aa00010a0fb23/original.jpg?1763357766=&owner_id=627e1d404e691000311b0a4f,2280 TWD,in stock,new
68edda2fddbc0f000d4c6782:68edda2d47935c000b1ebf23,FM SHOES 經典輕量雙釦修飾型中筒靴 黑(36-41),FM SHOES 經典輕量雙釦修飾型中筒靴 黑(36-41),https://www.fmshoes.com.tw/products/68edda2fddbc0f000d4c6782?variation=68edda2d47935c000b1ebf23,https://img.shoplineapp.com/media/image_clips/691ab446a44aa00010a0fb23/original.jpg?1763357766=&owner_id=627e1d404e691000311b0a4f,2280 TWD,in stock,new
68edda2fddbc0f000d4c6782:68edda2d47935c000b1ebf24,FM SHOES 經典輕量雙釦修飾型中筒靴 黑(36-41),FM SHOES 經典輕量雙釦修飾型中筒靴 黑(36-41),https://www.fmshoes.com.tw/products/68edda2fddbc0f000d4c6782?variation=68edda2d47935c000b1ebf24,https://img.shoplineapp.com/media/image_clips/691ab446a44aa00010a0fb23/original.jpg?1763357766=&owner_id=627e1d404e691000311b0a4f,2280 TWD,in stock,new
68edda2fddbc0f000d4c6782:68edda2d47935c000b1ebf25,FM SHOES 經典輕量雙釦修飾型中筒靴 黑(36-41),FM SHOES 經典輕量雙釦修飾型中筒靴 黑(36-41),https://www.fmshoes.com.tw/products/68edda2fddbc0f000d4c6782?variation=68edda2d47935c000b1ebf25,https://img.shoplineapp.com/media/image_clips/691ab446a44aa00010a0fb23/original.jpg?1763357766=&owner_id=627e1d404e691000311b0a4f,2280 TWD,in stock,new
68eddad910725a00145366e4:68eddad71f3d9f000fa698b0,FM SHOES 寬版輕量厚底彈力及膝長靴 黑(36-42),FM SHOES 寬版輕量厚底彈力及膝長靴 黑(36-42),https://www.fmshoes.com.tw/products/68eddad910725a00145366e4?variation=68eddad71f3d9f000fa698b0,https://img.shoplineapp.com/media/image_clips/690d53091fbf320010a6215d/original.jpg?1762480905=&owner_id=627e1d404e691000311b0a4f,2280 TWD,in stock,new
68eddad910725a00145366e4:68eddad71f3d9f000fa698b2,FM SHOES 寬版輕量厚底彈力及膝長靴 黑(36-42),FM SHOES 寬版輕量厚底彈力及膝長靴 黑(36-42),https://www.fmshoes.com.tw/products/68eddad910725a00145366e4?variation=68eddad71f3d9f000fa698b2,https://img.shoplineapp.com/media/image_clips/690d53091fbf320010a6215d/original.jpg?1762480905=&owner_id=627e1d404e691000311b0a4f,2280 TWD,in stock,new
68eddad910725a00145366e4:68eddad71f3d9f000fa698b3,FM SHOES 寬版輕量厚底彈力及膝長靴 黑(36-42),FM SHOES 寬版輕量厚底彈力及膝長靴 黑(36-42),https://www.fmshoes.com.tw/products/68eddad910725a00145366e4?variation=68eddad71f3d9f000fa698b3,https://img.shoplineapp.com/media/image_clips/690d53091fbf320010a6215d/original.jpg?1762480905=&owner_id=627e1d404e691000311b0a4f,2280 TWD,in stock,new
68eddad910725a00145366e4:68eddad71f3d9f000fa698b4,FM SHOES 寬版輕量厚底彈力及膝長靴 黑(36-42),FM SHOES 寬版輕量厚底彈力及膝長靴 黑(36-42),https://www.fmshoes.com.tw/products/68eddad910725a00145366e4?variation=68eddad71f3d9f000fa698b4,https://img.shoplineapp.com/media/image_clips/690d53091fbf320010a6215d/original.jpg?1762480905=&owner_id=627e1d404e691000311b0a4f,2280 TWD,in stock,new
68eddad910725a00145366e4:68eddad71f3d9f000fa698b5,FM SHOES 寬版輕量厚底彈力及膝長靴 黑(36-42),FM SHOES 寬版輕量厚底彈力及膝長靴 黑(36-42),https://www.fmshoes.com.tw/products/68eddad910725a00145366e4?variation=68eddad71f3d9f000fa698b5,https://img.shoplineapp.com/media/image_clips/690d53091fbf320010a6215d/original.jpg?1762480905=&owner_id=627e1d404e691000311b0a4f,2280 TWD,in stock,new
68eddad910725a00145366e4:68eddad71f3d9f000fa698b6,FM SHOES 寬版輕量厚底彈力及膝長靴 黑(36-42),FM SHOES 寬版輕量厚底彈力及膝長靴 黑(36-42),https://www.fmshoes.com.tw/products/68eddad910725a00145366e4?variation=68eddad71f3d9f000fa698b6,https://img.shoplineapp.com/media/image_clips/690d53091fbf320010a6215d/original.jpg?1762480905=&owner_id=627e1d404e691000311b0a4f,2280 TWD,in stock,new
68eddbb4e4ee910010a006df:68eddbb204e3330012d24a94,FM SHOES 都會彈力穩跟短靴 黑(36-42),FM SHOES 都會彈力穩跟短靴 黑(36-42),https://www.fmshoes.com.tw/products/68eddbb4e4ee910010a006df?variation=68eddbb204e3330012d24a94,https://img.shoplineapp.com/media/image_clips/692ff31ff4520d00101adfe0/original.jpg?1764750111=&owner_id=627e1d404e691000311b0a4f,1880 TWD,in stock,new
68eddbb4e4ee910010a006df:68eddbb204e3330012d24a95,FM SHOES 都會彈力穩跟短靴 黑(36-42),FM SHOES 都會彈力穩跟短靴 黑(36-42),https://www.fmshoes.com.tw/products/68eddbb4e4ee910010a006df?variation=68eddbb204e3330012d24a95,https://img.shoplineapp.com/media/image_clips/692ff31ff4520d00101adfe0/original.jpg?1764750111=&owner_id=627e1d404e691000311b0a4f,1880 TWD,in stock,new
68eddbb4e4ee910010a006df:68eddbb204e3330012d24a96,FM SHOES 都會彈力穩跟短靴 黑(36-42),FM SHOES 都會彈力穩跟短靴 黑(36-42),https://www.fmshoes.com.tw/products/68eddbb4e4ee910010a006df?variation=68eddbb204e3330012d24a96,https://img.shoplineapp.com/media/image_clips/692ff31ff4520d00101adfe0/original.jpg?1764750111=&owner_id=627e1d404e691000311b0a4f,1880 TWD,in stock,new
68eddbb4e4ee910010a006df:68eddbb204e3330012d24a97,FM SHOES 都會彈力穩跟短靴 黑(36-42),FM SHOES 都會彈力穩跟短靴 黑(36-42),https://www.fmshoes.com.tw/products/68eddbb4e4ee910010a006df?variation=68eddbb204e3330012d24a97,https://img.shoplineapp.com/media/image_clips/692ff31ff4520d00101adfe0/original.jpg?1764750111=&owner_id=627e1d404e691000311b0a4f,1880 TWD,in stock,new
68eddbb4e4ee910010a006df:68eddbb204e3330012d24a98,FM SHOES 都會彈力穩跟短靴 黑(36-42),FM SHOES 都會彈力穩跟短靴 黑(36-42),https://www.fmshoes.com.tw/products/68eddbb4e4ee910010a006df?variation=68eddbb204e3330012d24a98,https://img.shoplineapp.com/media/image_clips/692ff31ff4520d00101adfe0/original.jpg?1764750111=&owner_id=627e1d404e691000311b0a4f,1880 TWD,in stock,new
68eddbb4e4ee910010a006df:68eddbb204e3330012d24a99,FM SHOES 都會彈力穩跟短靴 黑(36-42),FM SHOES 都會彈力穩跟短靴 黑(36-42),https://www.fmshoes.com.tw/products/68eddbb4e4ee910010a006df?variation=68eddbb204e3330012d24a99,https://img.shoplineapp.com/media/image_clips/692ff31ff4520d00101adfe0/original.jpg?1764750111=&owner_id=627e1d404e691000311b0a4f,1880 TWD,in stock,new
68eddbb4e4ee910010a006df:68eddbb204e3330012d24a9a,FM SHOES 都會彈力穩跟短靴 黑(36-42),FM SHOES 都會彈力穩跟短靴 黑(36-42),https://www.fmshoes.com.tw/products/68eddbb4e4ee910010a006df?variation=68eddbb204e3330012d24a9a,https://img.shoplineapp.com/media/image_clips/692ff31ff4520d00101adfe0/original.jpg?1764750111=&owner_id=627e1d404e691000311b0a4f,1880 TWD,in stock,new
68eddc279fbabb00106be3c5:68eddc251f3d9f0014a698ab,FM SHOES 都會彈力穩跟短靴 深灰(36-42),FM SHOES 都會彈力穩跟短靴 深灰(36-42),https://www.fmshoes.com.tw/products/68eddc279fbabb00106be3c5?variation=68eddc251f3d9f0014a698ab,https://img.shoplineapp.com/media/image_clips/692ff37221034d0010f45ea2/original.jpg?1764750194=&owner_id=627e1d404e691000311b0a4f,1880 TWD,in stock,new
68eddc279fbabb00106be3c5:68eddc251f3d9f0014a698ac,FM SHOES 都會彈力穩跟短靴 深灰(36-42),FM SHOES 都會彈力穩跟短靴 深灰(36-42),https://www.fmshoes.com.tw/products/68eddc279fbabb00106be3c5?variation=68eddc251f3d9f0014a698ac,https://img.shoplineapp.com/media/image_clips/692ff37221034d0010f45ea2/original.jpg?1764750194=&owner_id=627e1d404e691000311b0a4f,1880 TWD,in stock,new
68eddc279fbabb00106be3c5:68eddc251f3d9f0014a698ad,FM SHOES 都會彈力穩跟短靴 深灰(36-42),FM SHOES 都會彈力穩跟短靴 深灰(36-42),https://www.fmshoes.com.tw/products/68eddc279fbabb00106be3c5?variation=68eddc251f3d9f0014a698ad,https://img.shoplineapp.com/media/image_clips/692ff37221034d0010f45ea2/original.jpg?1764750194=&owner_id=627e1d404e691000311b0a4f,1880 TWD,in stock,new
68eddc279fbabb00106be3c5:68eddc251f3d9f0014a698ae,FM SHOES 都會彈力穩跟短靴 深灰(36-42),FM SHOES 都會彈力穩跟短靴 深灰(36-42),https://www.fmshoes.com.tw/products/68eddc279fbabb00106be3c5?variation=68eddc251f3d9f0014a698ae,https://img.shoplineapp.com/media/image_clips/692ff37221034d0010f45ea2/original.jpg?1764750194=&owner_id=627e1d404e691000311b0a4f,1880 TWD,in stock,new
68eddc279fbabb00106be3c5:68eddc251f3d9f0014a698af,FM SHOES 都會彈力穩跟短靴 深灰(36-42),FM SHOES 都會彈力穩跟短靴 深灰(36-42),https://www.fmshoes.com.tw/products/68eddc279fbabb00106be3c5?variation=68eddc251f3d9f0014a698af,https://img.shoplineapp.com/media/image_clips/692ff37221034d0010f45ea2/original.jpg?1764750194=&owner_id=627e1d404e691000311b0a4f,1880 TWD,in stock,new
68eddc279fbabb00106be3c5:68eddc251f3d9f0014a698b0,FM SHOES 都會彈力穩跟短靴 深灰(36-42),FM SHOES 都會彈力穩跟短靴 深灰(36-42),https://www.fmshoes.com.tw/products/68eddc279fbabb00106be3c5?variation=68eddc251f3d9f0014a698b0,https://img.shoplineapp.com/media/image_clips/692ff37221034d0010f45ea2/original.jpg?1764750194=&owner_id=627e1d404e691000311b0a4f,1880 TWD,in stock,new
68eddc279fbabb00106be3c5:68eddc251f3d9f0014a698b1,FM SHOES 都會彈力穩跟短靴 深灰(36-42),FM SHOES 都會彈力穩跟短靴 深灰(36-42),https://www.fmshoes.com.tw/products/68eddc279fbabb00106be3c5?variation=68eddc251f3d9f0014a698b1,https://img.shoplineapp.com/media/image_clips/692ff37221034d0010f45ea2/original.jpg?1764750194=&owner_id=627e1d404e691000311b0a4f,1880 TWD,in stock,new
68eddc9d71940f0018b19156:68eddc9b1f3d9f000fa698bd,FM SHOES 都會彈力穩跟短靴 卡其(36-42),FM SHOES 都會彈力穩跟短靴 卡其(36-42),https://www.fmshoes.com.tw/products/68eddc9d71940f0018b19156?variation=68eddc9b1f3d9f000fa698bd,https://img.shoplineapp.com/media/image_clips/692ff3ace17db20010a2d476/original.jpg?1764750251=&owner_id=627e1d404e691000311b0a4f,1880 TWD,in stock,new
68eddc9d71940f0018b19156:68eddc9b1f3d9f000fa698be,FM SHOES 都會彈力穩跟短靴 卡其(36-42),FM SHOES 都會彈力穩跟短靴 卡其(36-42),https://www.fmshoes.com.tw/products/68eddc9d71940f0018b19156?variation=68eddc9b1f3d9f000fa698be,https://img.shoplineapp.com/media/image_clips/692ff3ace17db20010a2d476/original.jpg?1764750251=&owner_id=627e1d404e691000311b0a4f,1880 TWD,in stock,new
68eddc9d71940f0018b19156:68eddc9b1f3d9f000fa698bf,FM SHOES 都會彈力穩跟短靴 卡其(36-42),FM SHOES 都會彈力穩跟短靴 卡其(36-42),https://www.fmshoes.com.tw/products/68eddc9d71940f0018b19156?variation=68eddc9b1f3d9f000fa698bf,https://img.shoplineapp.com/media/image_clips/692ff3ace17db20010a2d476/original.jpg?1764750251=&owner_id=627e1d404e691000311b0a4f,1880 TWD,in stock,new
68eddc9d71940f0018b19156:68eddc9b1f3d9f000fa698c0,FM SHOES 都會彈力穩跟短靴 卡其(36-42),FM SHOES 都會彈力穩跟短靴 卡其(36-42),https://www.fmshoes.com.tw/products/68eddc9d71940f0018b19156?variation=68eddc9b1f3d9f000fa698c0,https://img.shoplineapp.com/media/image_clips/692ff3ace17db20010a2d476/original.jpg?1764750251=&owner_id=627e1d404e691000311b0a4f,1880 TWD,in stock,new
68eddc9d71940f0018b19156:68eddc9b1f3d9f000fa698c1,FM SHOES 都會彈力穩跟短靴 卡其(36-42),FM SHOES 都會彈力穩跟短靴 卡其(36-42),https://www.fmshoes.com.tw/products/68eddc9d71940f0018b19156?variation=68eddc9b1f3d9f000fa698c1,https://img.shoplineapp.com/media/image_clips/692ff3ace17db20010a2d476/original.jpg?1764750251=&owner_id=627e1d404e691000311b0a4f,1880 TWD,in stock,new
68eddc9d71940f0018b19156:68eddc9b1f3d9f000fa698c2,FM SHOES 都會彈力穩跟短靴 卡其(36-42),FM SHOES 都會彈力穩跟短靴 卡其(36-42),https://www.fmshoes.com.tw/products/68eddc9d71940f0018b19156?variation=68eddc9b1f3d9f000fa698c2,https://img.shoplineapp.com/media/image_clips/692ff3ace17db20010a2d476/original.jpg?1764750251=&owner_id=627e1d404e691000311b0a4f,1880 TWD,in stock,new
68eddc9d71940f0018b19156:68eddc9b1f3d9f000fa698c3,FM SHOES 都會彈力穩跟短靴 卡其(36-42),FM SHOES 都會彈力穩跟短靴 卡其(36-42),https://www.fmshoes.com.tw/products/68eddc9d71940f0018b19156?variation=68eddc9b1f3d9f000fa698c3,https://img.shoplineapp.com/media/image_clips/692ff3ace17db20010a2d476/original.jpg?1764750251=&owner_id=627e1d404e691000311b0a4f,1880 TWD,in stock,new
68eddd1d2dff7a000cebc20a:68eddd1ce098f50008d5aff4,FM SHOES 都會彈力穩跟短靴 杏(36-42),FM SHOES 都會彈力穩跟短靴 杏(36-42),https://www.fmshoes.com.tw/products/68eddd1d2dff7a000cebc20a?variation=68eddd1ce098f50008d5aff4,https://img.shoplineapp.com/media/image_clips/692ff4124e725a000ae3900d/original.jpg?1764750354=&owner_id=627e1d404e691000311b0a4f,1880 TWD,in stock,new
68eddd1d2dff7a000cebc20a:68eddd1ce098f50008d5aff5,FM SHOES 都會彈力穩跟短靴 杏(36-42),FM SHOES 都會彈力穩跟短靴 杏(36-42),https://www.fmshoes.com.tw/products/68eddd1d2dff7a000cebc20a?variation=68eddd1ce098f50008d5aff5,https://img.shoplineapp.com/media/image_clips/692ff4124e725a000ae3900d/original.jpg?1764750354=&owner_id=627e1d404e691000311b0a4f,1880 TWD,in stock,new
68eddd1d2dff7a000cebc20a:68eddd1ce098f50008d5aff6,FM SHOES 都會彈力穩跟短靴 杏(36-42),FM SHOES 都會彈力穩跟短靴 杏(36-42),https://www.fmshoes.com.tw/products/68eddd1d2dff7a000cebc20a?variation=68eddd1ce098f50008d5aff6,https://img.shoplineapp.com/media/image_clips/692ff4124e725a000ae3900d/original.jpg?1764750354=&owner_id=627e1d404e691000311b0a4f,1880 TWD,in stock,new
68eddd1d2dff7a000cebc20a:68eddd1ce098f50008d5aff7,FM SHOES 都會彈力穩跟短靴 杏(36-42),FM SHOES 都會彈力穩跟短靴 杏(36-42),https://www.fmshoes.com.tw/products/68eddd1d2dff7a000cebc20a?variation=68eddd1ce098f50008d5aff7,https://img.shoplineapp.com/media/image_clips/692ff4124e725a000ae3900d/original.jpg?1764750354=&owner_id=627e1d404e691000311b0a4f,1880 TWD,in stock,new
68eddd1d2dff7a000cebc20a:68eddd1ce098f50008d5aff8,FM SHOES 都會彈力穩跟短靴 杏(36-42),FM SHOES 都會彈力穩跟短靴 杏(36-42),https://www.fmshoes.com.tw/products/68eddd1d2dff7a000cebc20a?variation=68eddd1ce098f50008d5aff8,https://img.shoplineapp.com/media/image_clips/692ff4124e725a000ae3900d/original.jpg?1764750354=&owner_id=627e1d404e691000311b0a4f,1880 TWD,in stock,new
68eddd1d2dff7a000cebc20a:68eddd1ce098f50008d5aff9,FM SHOES 都會彈力穩跟短靴 杏(36-42),FM SHOES 都會彈力穩跟短靴 杏(36-42),https://www.fmshoes.com.tw/products/68eddd1d2dff7a000cebc20a?variation=68eddd1ce098f50008d5aff9,https://img.shoplineapp.com/media/image_clips/692ff4124e725a000ae3900d/original.jpg?1764750354=&owner_id=627e1d404e691000311b0a4f,1880 TWD,in stock,new
68eddd1d2dff7a000cebc20a:68eddd1ce098f50008d5affa,FM SHOES 都會彈力穩跟短靴 杏(36-42),FM SHOES 都會彈力穩跟短靴 杏(36-42),https://www.fmshoes.com.tw/products/68eddd1d2dff7a000cebc20a?variation=68eddd1ce098f50008d5affa,https://img.shoplineapp.com/media/image_clips/692ff4124e725a000ae3900d/original.jpg?1764750354=&owner_id=627e1d404e691000311b0a4f,1880 TWD,in stock,new
6902f7eff3ed660014531cba:6902f7ed4be7990014ea64c5,FM SHOES 全真皮足弓減壓麂皮兩穿饅頭鞋 咖啡(36-44),".embed-container { position: relative; padding-bottom: 56.25%; height: 0; overflow: hidden; max-width: 100%; } .embed-container iframe, .embed-container object, .embed-container embed { position: absolute; top: 0; left: 0; width:",https://www.fmshoes.com.tw/products/6902f7eff3ed660014531cba?variation=6902f7ed4be7990014ea64c5,https://img.shoplineapp.com/media/image_clips/6957318c09533029b46c68c9/original.jpg?1767321996=&owner_id=627e1d404e691000311b0a4f,2080 TWD,in stock,new
6902f7eff3ed660014531cba:6902f7ed4be7990014ea64c6,FM SHOES 全真皮足弓減壓麂皮兩穿饅頭鞋 咖啡(36-44),".embed-container { position: relative; padding-bottom: 56.25%; height: 0; overflow: hidden; max-width: 100%; } .embed-container iframe, .embed-container object, .embed-container embed { position: absolute; top: 0; left: 0; width:",https://www.fmshoes.com.tw/products/6902f7eff3ed660014531cba?variation=6902f7ed4be7990014ea64c6,https://img.shoplineapp.com/media/image_clips/6957318c09533029b46c68c9/original.jpg?1767321996=&owner_id=627e1d404e691000311b0a4f,2080 TWD,in stock,new
6902f7eff3ed660014531cba:6902f7ed4be7990014ea64c7,FM SHOES 全真皮足弓減壓麂皮兩穿饅頭鞋 咖啡(36-44),".embed-container { position: relative; padding-bottom: 56.25%; height: 0; overflow: hidden; max-width: 100%; } .embed-container iframe, .embed-container object, .embed-container embed { position: absolute; top: 0; left: 0; width:",https://www.fmshoes.com.tw/products/6902f7eff3ed660014531cba?variation=6902f7ed4be7990014ea64c7,https://img.shoplineapp.com/media/image_clips/6957318c09533029b46c68c9/original.jpg?1767321996=&owner_id=627e1d404e691000311b0a4f,2080 TWD,in stock,new
6902f7eff3ed660014531cba:6902f7ed4be7990014ea64c8,FM SHOES 全真皮足弓減壓麂皮兩穿饅頭鞋 咖啡(36-44),".embed-container { position: relative; padding-bottom: 56.25%; height: 0; overflow: hidden; max-width: 100%; } .embed-container iframe, .embed-container object, .embed-container embed { position: absolute; top: 0; left: 0; width:",https://www.fmshoes.com.tw/products/6902f7eff3ed660014531cba?variation=6902f7ed4be7990014ea64c8,https://img.shoplineapp.com/media/image_clips/6957318c09533029b46c68c9/original.jpg?1767321996=&owner_id=627e1d404e691000311b0a4f,2080 TWD,in stock,new
6902f7eff3ed660014531cba:6902f7ed4be7990014ea64c9,FM SHOES 全真皮足弓減壓麂皮兩穿饅頭鞋 咖啡(36-44),".embed-container { position: relative; padding-bottom: 56.25%; height: 0; overflow: hidden; max-width: 100%; } .embed-container iframe, .embed-container object, .embed-container embed { position: absolute; top: 0; left: 0; width:",https://www.fmshoes.com.tw/products/6902f7eff3ed660014531cba?variation=6902f7ed4be7990014ea64c9,https://img.shoplineapp.com/media/image_clips/6957318c09533029b46c68c9/original.jpg?1767321996=&owner_id=627e1d404e691000311b0a4f,2080 TWD,in stock,new
6902f9b9c45e2f001003d6e1:693f6d9352c9f1000afab862,FM SHOES 全真皮足弓減壓麂皮兩穿饅頭鞋 棕(36-44),".embed-container { position: relative; padding-bottom: 56.25%; height: 0; overflow: hidden; max-width: 100%; } .embed-container iframe, .embed-container object, .embed-container embed { position: absolute; top: 0; left: 0; width:",https://www.fmshoes.com.tw/products/6902f9b9c45e2f001003d6e1?variation=693f6d9352c9f1000afab862,https://img.shoplineapp.com/media/image_clips/695731e62c827745219a8d84/original.jpg?1767322086=&owner_id=627e1d404e691000311b0a4f,2080 TWD,in stock,new
6902f9b9c45e2f001003d6e1:693f6d9352c9f1000afab864,FM SHOES 全真皮足弓減壓麂皮兩穿饅頭鞋 棕(36-44),".embed-container { position: relative; padding-bottom: 56.25%; height: 0; overflow: hidden; max-width: 100%; } .embed-container iframe, .embed-container object, .embed-container embed { position: absolute; top: 0; left: 0; width:",https://www.fmshoes.com.tw/products/6902f9b9c45e2f001003d6e1?variation=693f6d9352c9f1000afab864,https://img.shoplineapp.com/media/image_clips/695731e62c827745219a8d84/original.jpg?1767322086=&owner_id=627e1d404e691000311b0a4f,2080 TWD,in stock,new
6902f9b9c45e2f001003d6e1:693f6d9352c9f1000afab865,FM SHOES 全真皮足弓減壓麂皮兩穿饅頭鞋 棕(36-44),".embed-container { position: relative; padding-bottom: 56.25%; height: 0; overflow: hidden; max-width: 100%; } .embed-container iframe, .embed-container object, .embed-container embed { position: absolute; top: 0; left: 0; width:",https://www.fmshoes.com.tw/products/6902f9b9c45e2f001003d6e1?variation=693f6d9352c9f1000afab865,https://img.shoplineapp.com/media/image_clips/695731e62c827745219a8d84/original.jpg?1767322086=&owner_id=627e1d404e691000311b0a4f,2080 TWD,in stock,new
6902fa747e6139000c1117e4:6902fa7437e2e2001106d0d2,FM SHOES 全真皮足弓減壓麂皮兩穿饅頭鞋 卡其(36-44),".embed-container { position: relative; padding-bottom: 56.25%; height: 0; overflow: hidden; max-width: 100%; } .embed-container iframe, .embed-container object, .embed-container embed { position: absolute; top: 0; left: 0; width:",https://www.fmshoes.com.tw/products/6902fa747e6139000c1117e4?variation=6902fa7437e2e2001106d0d2,https://img.shoplineapp.com/media/image_clips/6957311ba87c177b9760ef0a/original.jpg?1767321883=&owner_id=627e1d404e691000311b0a4f,2080 TWD,in stock,new
6902fa747e6139000c1117e4:6902fa7437e2e2001106d0d3,FM SHOES 全真皮足弓減壓麂皮兩穿饅頭鞋 卡其(36-44),".embed-container { position: relative; padding-bottom: 56.25%; height: 0; overflow: hidden; max-width: 100%; } .embed-container iframe, .embed-container object, .embed-container embed { position: absolute; top: 0; left: 0; width:",https://www.fmshoes.com.tw/products/6902fa747e6139000c1117e4?variation=6902fa7437e2e2001106d0d3,https://img.shoplineapp.com/media/image_clips/6957311ba87c177b9760ef0a/original.jpg?1767321883=&owner_id=627e1d404e691000311b0a4f,2080 TWD,in stock,new
6902fa747e6139000c1117e4:6902fa7437e2e2001106d0d4,FM SHOES 全真皮足弓減壓麂皮兩穿饅頭鞋 卡其(36-44),".embed-container { position: relative; padding-bottom: 56.25%; height: 0; overflow: hidden; max-width: 100%; } .embed-container iframe, .embed-container object, .embed-container embed { position: absolute; top: 0; left: 0; width:",https://www.fmshoes.com.tw/products/6902fa747e6139000c1117e4?variation=6902fa7437e2e2001106d0d4,https://img.shoplineapp.com/media/image_clips/6957311ba87c177b9760ef0a/original.jpg?1767321883=&owner_id=627e1d404e691000311b0a4f,2080 TWD,in stock,new
6902fa747e6139000c1117e4:6902fa7437e2e2001106d0d5,FM SHOES 全真皮足弓減壓麂皮兩穿饅頭鞋 卡其(36-44),".embed-container { position: relative; padding-bottom: 56.25%; height: 0; overflow: hidden; max-width: 100%; } .embed-container iframe, .embed-container object, .embed-container embed { position: absolute; top: 0; left: 0; width:",https://www.fmshoes.com.tw/products/6902fa747e6139000c1117e4?variation=6902fa7437e2e2001106d0d5,https://img.shoplineapp.com/media/image_clips/6957311ba87c177b9760ef0a/original.jpg?1767321883=&owner_id=627e1d404e691000311b0a4f,2080 TWD,in stock,new
6902fa747e6139000c1117e4:6902fa7437e2e2001106d0d6,FM SHOES 全真皮足弓減壓麂皮兩穿饅頭鞋 卡其(36-44),".embed-container { position: relative; padding-bottom: 56.25%; height: 0; overflow: hidden; max-width: 100%; } .embed-container iframe, .embed-container object, .embed-container embed { position: absolute; top: 0; left: 0; width:",https://www.fmshoes.com.tw/products/6902fa747e6139000c1117e4?variation=6902fa7437e2e2001106d0d6,https://img.shoplineapp.com/media/image_clips/6957311ba87c177b9760ef0a/original.jpg?1767321883=&owner_id=627e1d404e691000311b0a4f,2080 TWD,in stock,new
690aa987dc714c000ae1a11e:690aa9852ed4d50014ccb53b,FM SHOES 輕量厚底不掉筒伸縮過膝長靴 黑(36-41),FM SHOES 輕量厚底不掉筒伸縮過膝長靴 黑(36-41),https://www.fmshoes.com.tw/products/690aa987dc714c000ae1a11e?variation=690aa9852ed4d50014ccb53b,https://img.shoplineapp.com/media/image_clips/692913e643b2f00018a585dd/original.jpg?1764299750=&owner_id=627e1d404e691000311b0a4f,2980 TWD,in stock,new
690aa987dc714c000ae1a11e:690aa9852ed4d50014ccb53c,FM SHOES 輕量厚底不掉筒伸縮過膝長靴 黑(36-41),FM SHOES 輕量厚底不掉筒伸縮過膝長靴 黑(36-41),https://www.fmshoes.com.tw/products/690aa987dc714c000ae1a11e?variation=690aa9852ed4d50014ccb53c,https://img.shoplineapp.com/media/image_clips/692913e643b2f00018a585dd/original.jpg?1764299750=&owner_id=627e1d404e691000311b0a4f,2980 TWD,in stock,new
690aa987dc714c000ae1a11e:690aa9852ed4d50014ccb53d,FM SHOES 輕量厚底不掉筒伸縮過膝長靴 黑(36-41),FM SHOES 輕量厚底不掉筒伸縮過膝長靴 黑(36-41),https://www.fmshoes.com.tw/products/690aa987dc714c000ae1a11e?variation=690aa9852ed4d50014ccb53d,https://img.shoplineapp.com/media/image_clips/692913e643b2f00018a585dd/original.jpg?1764299750=&owner_id=627e1d404e691000311b0a4f,2980 TWD,in stock,new
690aa987dc714c000ae1a11e:690aa9852ed4d50014ccb53e,FM SHOES 輕量厚底不掉筒伸縮過膝長靴 黑(36-41),FM SHOES 輕量厚底不掉筒伸縮過膝長靴 黑(36-41),https://www.fmshoes.com.tw/products/690aa987dc714c000ae1a11e?variation=690aa9852ed4d50014ccb53e,https://img.shoplineapp.com/media/image_clips/692913e643b2f00018a585dd/original.jpg?1764299750=&owner_id=627e1d404e691000311b0a4f,2980 TWD,in stock,new
690aa987dc714c000ae1a11e:690aa9852ed4d50014ccb53f,FM SHOES 輕量厚底不掉筒伸縮過膝長靴 黑(36-41),FM SHOES 輕量厚底不掉筒伸縮過膝長靴 黑(36-41),https://www.fmshoes.com.tw/products/690aa987dc714c000ae1a11e?variation=690aa9852ed4d50014ccb53f,https://img.shoplineapp.com/media/image_clips/692913e643b2f00018a585dd/original.jpg?1764299750=&owner_id=627e1d404e691000311b0a4f,2980 TWD,in stock,new
690aa987dc714c000ae1a11e:690aa9852ed4d50014ccb540,FM SHOES 輕量厚底不掉筒伸縮過膝長靴 黑(36-41),FM SHOES 輕量厚底不掉筒伸縮過膝長靴 黑(36-41),https://www.fmshoes.com.tw/products/690aa987dc714c000ae1a11e?variation=690aa9852ed4d50014ccb540,https://img.shoplineapp.com/media/image_clips/692913e643b2f00018a585dd/original.jpg?1764299750=&owner_id=627e1d404e691000311b0a4f,2980 TWD,in stock,new
690aaddd38780d00107207ad:690aaddb269d05000ed58953,FM SHOES 經典防潑水朵結平底樂福鞋 黑(36-43),".embed-container { position: relative; padding-bottom: 56.25%; height: 0; overflow: hidden; max-width: 100%; } .embed-container iframe, .embed-container object, .embed-container embed { position: absolute; top: 0; left: 0; width:",https://www.fmshoes.com.tw/products/690aaddd38780d00107207ad?variation=690aaddb269d05000ed58953,https://img.shoplineapp.com/media/image_clips/6940b850889fe60018d96671/original.jpg?1765849168=&owner_id=627e1d404e691000311b0a4f,1680 TWD,in stock,new
690aaddd38780d00107207ad:690aaddb269d05000ed58954,FM SHOES 經典防潑水朵結平底樂福鞋 黑(36-43),".embed-container { position: relative; padding-bottom: 56.25%; height: 0; overflow: hidden; max-width: 100%; } .embed-container iframe, .embed-container object, .embed-container embed { position: absolute; top: 0; left: 0; width:",https://www.fmshoes.com.tw/products/690aaddd38780d00107207ad?variation=690aaddb269d05000ed58954,https://img.shoplineapp.com/media/image_clips/6940b850889fe60018d96671/original.jpg?1765849168=&owner_id=627e1d404e691000311b0a4f,1680 TWD,in stock,new
690aaddd38780d00107207ad:690aaddb269d05000ed58955,FM SHOES 經典防潑水朵結平底樂福鞋 黑(36-43),".embed-container { position: relative; padding-bottom: 56.25%; height: 0; overflow: hidden; max-width: 100%; } .embed-container iframe, .embed-container object, .embed-container embed { position: absolute; top: 0; left: 0; width:",https://www.fmshoes.com.tw/products/690aaddd38780d00107207ad?variation=690aaddb269d05000ed58955,https://img.shoplineapp.com/media/image_clips/6940b850889fe60018d96671/original.jpg?1765849168=&owner_id=627e1d404e691000311b0a4f,1680 TWD,in stock,new
690aaddd38780d00107207ad:690aaddb269d05000ed58956,FM SHOES 經典防潑水朵結平底樂福鞋 黑(36-43),".embed-container { position: relative; padding-bottom: 56.25%; height: 0; overflow: hidden; max-width: 100%; } .embed-container iframe, .embed-container object, .embed-container embed { position: absolute; top: 0; left: 0; width:",https://www.fmshoes.com.tw/products/690aaddd38780d00107207ad?variation=690aaddb269d05000ed58956,https://img.shoplineapp.com/media/image_clips/6940b850889fe60018d96671/original.jpg?1765849168=&owner_id=627e1d404e691000311b0a4f,1680 TWD,in stock,new
690aaddd38780d00107207ad:690aaddb269d05000ed58957,FM SHOES 經典防潑水朵結平底樂福鞋 黑(36-43),".embed-container { position: relative; padding-bottom: 56.25%; height: 0; overflow: hidden; max-width: 100%; } .embed-container iframe, .embed-container object, .embed-container embed { position: absolute; top: 0; left: 0; width:",https://www.fmshoes.com.tw/products/690aaddd38780d00107207ad?variation=690aaddb269d05000ed58957,https://img.shoplineapp.com/media/image_clips/6940b850889fe60018d96671/original.jpg?1765849168=&owner_id=627e1d404e691000311b0a4f,1680 TWD,in stock,new
690aaddd38780d00107207ad:690aaddb269d05000ed58958,FM SHOES 經典防潑水朵結平底樂福鞋 黑(36-43),".embed-container { position: relative; padding-bottom: 56.25%; height: 0; overflow: hidden; max-width: 100%; } .embed-container iframe, .embed-container object, .embed-container embed { position: absolute; top: 0; left: 0; width:",https://www.fmshoes.com.tw/products/690aaddd38780d00107207ad?variation=690aaddb269d05000ed58958,https://img.shoplineapp.com/media/image_clips/6940b850889fe60018d96671/original.jpg?1765849168=&owner_id=627e1d404e691000311b0a4f,1680 TWD,in stock,new
690aaddd38780d00107207ad:690aaddb269d05000ed58959,FM SHOES 經典防潑水朵結平底樂福鞋 黑(36-43),".embed-container { position: relative; padding-bottom: 56.25%; height: 0; overflow: hidden; max-width: 100%; } .embed-container iframe, .embed-container object, .embed-container embed { position: absolute; top: 0; left: 0; width:",https://www.fmshoes.com.tw/products/690aaddd38780d00107207ad?variation=690aaddb269d05000ed58959,https://img.shoplineapp.com/media/image_clips/6940b850889fe60018d96671/original.jpg?1765849168=&owner_id=627e1d404e691000311b0a4f,1680 TWD,in stock,new
690aaddd38780d00107207ad:690aaddb269d05000ed5895a,FM SHOES 經典防潑水朵結平底樂福鞋 黑(36-43),".embed-container { position: relative; padding-bottom: 56.25%; height: 0; overflow: hidden; max-width: 100%; } .embed-container iframe, .embed-container object, .embed-container embed { position: absolute; top: 0; left: 0; width:",https://www.fmshoes.com.tw/products/690aaddd38780d00107207ad?variation=690aaddb269d05000ed5895a,https://img.shoplineapp.com/media/image_clips/6940b850889fe60018d96671/original.jpg?1765849168=&owner_id=627e1d404e691000311b0a4f,1680 TWD,in stock,new
690aae5b6afff5000a04c3aa:690aae5b269d050014d5899e,FM SHOES 經典防潑水朵結平底樂福鞋 杏米(36-43),".embed-container { position: relative; padding-bottom: 56.25%; height: 0; overflow: hidden; max-width: 100%; } .embed-container iframe, .embed-container object, .embed-container embed { position: absolute; top: 0; left: 0; width:",https://www.fmshoes.com.tw/products/690aae5b6afff5000a04c3aa?variation=690aae5b269d050014d5899e,https://img.shoplineapp.com/media/image_clips/6940b8cc70a82706fa446323/original.jpg?1765849291=&owner_id=627e1d404e691000311b0a4f,1680 TWD,in stock,new
690aae5b6afff5000a04c3aa:690aae5b269d050014d5899f,FM SHOES 經典防潑水朵結平底樂福鞋 杏米(36-43),".embed-container { position: relative; padding-bottom: 56.25%; height: 0; overflow: hidden; max-width: 100%; } .embed-container iframe, .embed-container object, .embed-container embed { position: absolute; top: 0; left: 0; width:",https://www.fmshoes.com.tw/products/690aae5b6afff5000a04c3aa?variation=690aae5b269d050014d5899f,https://img.shoplineapp.com/media/image_clips/6940b8cc70a82706fa446323/original.jpg?1765849291=&owner_id=627e1d404e691000311b0a4f,1680 TWD,in stock,new
690aae5b6afff5000a04c3aa:690aae5b269d050014d589a0,FM SHOES 經典防潑水朵結平底樂福鞋 杏米(36-43),".embed-container { position: relative; padding-bottom: 56.25%; height: 0; overflow: hidden; max-width: 100%; } .embed-container iframe, .embed-container object, .embed-container embed { position: absolute; top: 0; left: 0; width:",https://www.fmshoes.com.tw/products/690aae5b6afff5000a04c3aa?variation=690aae5b269d050014d589a0,https://img.shoplineapp.com/media/image_clips/6940b8cc70a82706fa446323/original.jpg?1765849291=&owner_id=627e1d404e691000311b0a4f,1680 TWD,in stock,new
690aae5b6afff5000a04c3aa:690aae5b269d050014d589a1,FM SHOES 經典防潑水朵結平底樂福鞋 杏米(36-43),".embed-container { position: relative; padding-bottom: 56.25%; height: 0; overflow: hidden; max-width: 100%; } .embed-container iframe, .embed-container object, .embed-container embed { position: absolute; top: 0; left: 0; width:",https://www.fmshoes.com.tw/products/690aae5b6afff5000a04c3aa?variation=690aae5b269d050014d589a1,https://img.shoplineapp.com/media/image_clips/6940b8cc70a82706fa446323/original.jpg?1765849291=&owner_id=627e1d404e691000311b0a4f,1680 TWD,in stock,new
690aae5b6afff5000a04c3aa:690aae5b269d050014d589a2,FM SHOES 經典防潑水朵結平底樂福鞋 杏米(36-43),".embed-container { position: relative; padding-bottom: 56.25%; height: 0; overflow: hidden; max-width: 100%; } .embed-container iframe, .embed-container object, .embed-container embed { position: absolute; top: 0; left: 0; width:",https://www.fmshoes.com.tw/products/690aae5b6afff5000a04c3aa?variation=690aae5b269d050014d589a2,https://img.shoplineapp.com/media/image_clips/6940b8cc70a82706fa446323/original.jpg?1765849291=&owner_id=627e1d404e691000311b0a4f,1680 TWD,in stock,new
690aae5b6afff5000a04c3aa:690aae5b269d050014d589a3,FM SHOES 經典防潑水朵結平底樂福鞋 杏米(36-43),".embed-container { position: relative; padding-bottom: 56.25%; height: 0; overflow: hidden; max-width: 100%; } .embed-container iframe, .embed-container object, .embed-container embed { position: absolute; top: 0; left: 0; width:",https://www.fmshoes.com.tw/products/690aae5b6afff5000a04c3aa?variation=690aae5b269d050014d589a3,https://img.shoplineapp.com/media/image_clips/6940b8cc70a82706fa446323/original.jpg?1765849291=&owner_id=627e1d404e691000311b0a4f,1680 TWD,in stock,new
690aae5b6afff5000a04c3aa:690aae5b269d050014d589a4,FM SHOES 經典防潑水朵結平底樂福鞋 杏米(36-43),".embed-container { position: relative; padding-bottom: 56.25%; height: 0; overflow: hidden; max-width: 100%; } .embed-container iframe, .embed-container object, .embed-container embed { position: absolute; top: 0; left: 0; width:",https://www.fmshoes.com.tw/products/690aae5b6afff5000a04c3aa?variation=690aae5b269d050014d589a4,https://img.shoplineapp.com/media/image_clips/6940b8cc70a82706fa446323/original.jpg?1765849291=&owner_id=627e1d404e691000311b0a4f,1680 TWD,in stock,new
690aae5b6afff5000a04c3aa:690aae5b269d050014d589a5,FM SHOES 經典防潑水朵結平底樂福鞋 杏米(36-43),".embed-container { position: relative; padding-bottom: 56.25%; height: 0; overflow: hidden; max-width: 100%; } .embed-container iframe, .embed-container object, .embed-container embed { position: absolute; top: 0; left: 0; width:",https://www.fmshoes.com.tw/products/690aae5b6afff5000a04c3aa?variation=690aae5b269d050014d589a5,https://img.shoplineapp.com/media/image_clips/6940b8cc70a82706fa446323/original.jpg?1765849291=&owner_id=627e1d404e691000311b0a4f,1680 TWD,in stock,new
691a94b9c02087000a52fe2c:691a94b7e51851000addd12f,NEUTRAL 超輕量減壓免綁帶機能休閒鞋 全黑(36-43),版 型 正常版(但腳版偏寬偏肉喜歡舒適可以大一號)   產 地 台灣   鞋 面 超纖皮料   內 裏 萊卡布料 + 記憶海綿鞋墊   鞋 底 輕量moudle止滑底   重 量 850公克 跟 型     筒 高  筒 圍,https://www.fmshoes.com.tw/products/691a94b9c02087000a52fe2c?variation=691a94b7e51851000addd12f,https://img.shoplineapp.com/media/image_clips/6971bb2c4c5c6f22dc5be71f/original.jpg?1769061164=&owner_id=627e1d404e691000311b0a4f,1680 TWD,in stock,new
691a94b9c02087000a52fe2c:691a94b7e51851000addd130,NEUTRAL 超輕量減壓免綁帶機能休閒鞋 全黑(36-43),版 型 正常版(但腳版偏寬偏肉喜歡舒適可以大一號)   產 地 台灣   鞋 面 超纖皮料   內 裏 萊卡布料 + 記憶海綿鞋墊   鞋 底 輕量moudle止滑底   重 量 850公克 跟 型     筒 高  筒 圍,https://www.fmshoes.com.tw/products/691a94b9c02087000a52fe2c?variation=691a94b7e51851000addd130,https://img.shoplineapp.com/media/image_clips/6971bb2c4c5c6f22dc5be71f/original.jpg?1769061164=&owner_id=627e1d404e691000311b0a4f,1680 TWD,in stock,new
691a94b9c02087000a52fe2c:691a94b7e51851000addd131,NEUTRAL 超輕量減壓免綁帶機能休閒鞋 全黑(36-43),版 型 正常版(但腳版偏寬偏肉喜歡舒適可以大一號)   產 地 台灣   鞋 面 超纖皮料   內 裏 萊卡布料 + 記憶海綿鞋墊   鞋 底 輕量moudle止滑底   重 量 850公克 跟 型     筒 高  筒 圍,https://www.fmshoes.com.tw/products/691a94b9c02087000a52fe2c?variation=691a94b7e51851000addd131,https://img.shoplineapp.com/media/image_clips/6971bb2c4c5c6f22dc5be71f/original.jpg?1769061164=&owner_id=627e1d404e691000311b0a4f,1680 TWD,in stock,new
691a94b9c02087000a52fe2c:691a94b7e51851000addd132,NEUTRAL 超輕量減壓免綁帶機能休閒鞋 全黑(36-43),版 型 正常版(但腳版偏寬偏肉喜歡舒適可以大一號)   產 地 台灣   鞋 面 超纖皮料   內 裏 萊卡布料 + 記憶海綿鞋墊   鞋 底 輕量moudle止滑底   重 量 850公克 跟 型     筒 高  筒 圍,https://www.fmshoes.com.tw/products/691a94b9c02087000a52fe2c?variation=691a94b7e51851000addd132,https://img.shoplineapp.com/media/image_clips/6971bb2c4c5c6f22dc5be71f/original.jpg?1769061164=&owner_id=627e1d404e691000311b0a4f,1680 TWD,in stock,new
691a94b9c02087000a52fe2c:691a94b7e51851000addd133,NEUTRAL 超輕量減壓免綁帶機能休閒鞋 全黑(36-43),版 型 正常版(但腳版偏寬偏肉喜歡舒適可以大一號)   產 地 台灣   鞋 面 超纖皮料   內 裏 萊卡布料 + 記憶海綿鞋墊   鞋 底 輕量moudle止滑底   重 量 850公克 跟 型     筒 高  筒 圍,https://www.fmshoes.com.tw/products/691a94b9c02087000a52fe2c?variation=691a94b7e51851000addd133,https://img.shoplineapp.com/media/image_clips/6971bb2c4c5c6f22dc5be71f/original.jpg?1769061164=&owner_id=627e1d404e691000311b0a4f,1680 TWD,in stock,new
691a94b9c02087000a52fe2c:691a94b7e51851000addd134,NEUTRAL 超輕量減壓免綁帶機能休閒鞋 全黑(36-43),版 型 正常版(但腳版偏寬偏肉喜歡舒適可以大一號)   產 地 台灣   鞋 面 超纖皮料   內 裏 萊卡布料 + 記憶海綿鞋墊   鞋 底 輕量moudle止滑底   重 量 850公克 跟 型     筒 高  筒 圍,https://www.fmshoes.com.tw/products/691a94b9c02087000a52fe2c?variation=691a94b7e51851000addd134,https://img.shoplineapp.com/media/image_clips/6971bb2c4c5c6f22dc5be71f/original.jpg?1769061164=&owner_id=627e1d404e691000311b0a4f,1680 TWD,in stock,new
691a94b9c02087000a52fe2c:691a94b7e51851000addd135,NEUTRAL 超輕量減壓免綁帶機能休閒鞋 全黑(36-43),版 型 正常版(但腳版偏寬偏肉喜歡舒適可以大一號)   產 地 台灣   鞋 面 超纖皮料   內 裏 萊卡布料 + 記憶海綿鞋墊   鞋 底 輕量moudle止滑底   重 量 850公克 跟 型     筒 高  筒 圍,https://www.fmshoes.com.tw/products/691a94b9c02087000a52fe2c?variation=691a94b7e51851000addd135,https://img.shoplineapp.com/media/image_clips/6971bb2c4c5c6f22dc5be71f/original.jpg?1769061164=&owner_id=627e1d404e691000311b0a4f,1680 TWD,in stock,new
691a94b9c02087000a52fe2c:691a94b7e51851000addd136,NEUTRAL 超輕量減壓免綁帶機能休閒鞋 全黑(36-43),版 型 正常版(但腳版偏寬偏肉喜歡舒適可以大一號)   產 地 台灣   鞋 面 超纖皮料   內 裏 萊卡布料 + 記憶海綿鞋墊   鞋 底 輕量moudle止滑底   重 量 850公克 跟 型     筒 高  筒 圍,https://www.fmshoes.com.tw/products/691a94b9c02087000a52fe2c?variation=691a94b7e51851000addd136,https://img.shoplineapp.com/media/image_clips/6971bb2c4c5c6f22dc5be71f/original.jpg?1769061164=&owner_id=627e1d404e691000311b0a4f,1680 TWD,in stock,new
691a955d73bc170014a238ab:691a955b60c8dc0017f644f5,NEUTRAL 超輕量減壓免綁帶機能休閒鞋 白黑(36-43),版 型 正常版(但腳版偏寬偏肉喜歡舒適可以大一號)   產 地 台灣   鞋 面 超纖皮料   內 裏 萊卡布料 + 記憶海綿鞋墊   鞋 底 輕量moudle止滑底   重 量 850公克 跟 型     筒 高  筒 圍,https://www.fmshoes.com.tw/products/691a955d73bc170014a238ab?variation=691a955b60c8dc0017f644f5,https://img.shoplineapp.com/media/image_clips/6971bb77303a122705395469/original.jpg?1769061239=&owner_id=627e1d404e691000311b0a4f,1680 TWD,in stock,new
691a955d73bc170014a238ab:691a955b60c8dc0017f644f6,NEUTRAL 超輕量減壓免綁帶機能休閒鞋 白黑(36-43),版 型 正常版(但腳版偏寬偏肉喜歡舒適可以大一號)   產 地 台灣   鞋 面 超纖皮料   內 裏 萊卡布料 + 記憶海綿鞋墊   鞋 底 輕量moudle止滑底   重 量 850公克 跟 型     筒 高  筒 圍,https://www.fmshoes.com.tw/products/691a955d73bc170014a238ab?variation=691a955b60c8dc0017f644f6,https://img.shoplineapp.com/media/image_clips/6971bb77303a122705395469/original.jpg?1769061239=&owner_id=627e1d404e691000311b0a4f,1680 TWD,in stock,new
691a955d73bc170014a238ab:691a955b60c8dc0017f644f7,NEUTRAL 超輕量減壓免綁帶機能休閒鞋 白黑(36-43),版 型 正常版(但腳版偏寬偏肉喜歡舒適可以大一號)   產 地 台灣   鞋 面 超纖皮料   內 裏 萊卡布料 + 記憶海綿鞋墊   鞋 底 輕量moudle止滑底   重 量 850公克 跟 型     筒 高  筒 圍,https://www.fmshoes.com.tw/products/691a955d73bc170014a238ab?variation=691a955b60c8dc0017f644f7,https://img.shoplineapp.com/media/image_clips/6971bb77303a122705395469/original.jpg?1769061239=&owner_id=627e1d404e691000311b0a4f,1680 TWD,in stock,new
691a955d73bc170014a238ab:691a955b60c8dc0017f644f8,NEUTRAL 超輕量減壓免綁帶機能休閒鞋 白黑(36-43),版 型 正常版(但腳版偏寬偏肉喜歡舒適可以大一號)   產 地 台灣   鞋 面 超纖皮料   內 裏 萊卡布料 + 記憶海綿鞋墊   鞋 底 輕量moudle止滑底   重 量 850公克 跟 型     筒 高  筒 圍,https://www.fmshoes.com.tw/products/691a955d73bc170014a238ab?variation=691a955b60c8dc0017f644f8,https://img.shoplineapp.com/media/image_clips/6971bb77303a122705395469/original.jpg?1769061239=&owner_id=627e1d404e691000311b0a4f,1680 TWD,in stock,new
691a955d73bc170014a238ab:691a955b60c8dc0017f644f9,NEUTRAL 超輕量減壓免綁帶機能休閒鞋 白黑(36-43),版 型 正常版(但腳版偏寬偏肉喜歡舒適可以大一號)   產 地 台灣   鞋 面 超纖皮料   內 裏 萊卡布料 + 記憶海綿鞋墊   鞋 底 輕量moudle止滑底   重 量 850公克 跟 型     筒 高  筒 圍,https://www.fmshoes.com.tw/products/691a955d73bc170014a238ab?variation=691a955b60c8dc0017f644f9,https://img.shoplineapp.com/media/image_clips/6971bb77303a122705395469/original.jpg?1769061239=&owner_id=627e1d404e691000311b0a4f,1680 TWD,in stock,new
691a955d73bc170014a238ab:691a955b60c8dc0017f644fa,NEUTRAL 超輕量減壓免綁帶機能休閒鞋 白黑(36-43),版 型 正常版(但腳版偏寬偏肉喜歡舒適可以大一號)   產 地 台灣   鞋 面 超纖皮料   內 裏 萊卡布料 + 記憶海綿鞋墊   鞋 底 輕量moudle止滑底   重 量 850公克 跟 型     筒 高  筒 圍,https://www.fmshoes.com.tw/products/691a955d73bc170014a238ab?variation=691a955b60c8dc0017f644fa,https://img.shoplineapp.com/media/image_clips/6971bb77303a122705395469/original.jpg?1769061239=&owner_id=627e1d404e691000311b0a4f,1680 TWD,in stock,new
691a955d73bc170014a238ab:691a955b60c8dc0017f644fb,NEUTRAL 超輕量減壓免綁帶機能休閒鞋 白黑(36-43),版 型 正常版(但腳版偏寬偏肉喜歡舒適可以大一號)   產 地 台灣   鞋 面 超纖皮料   內 裏 萊卡布料 + 記憶海綿鞋墊   鞋 底 輕量moudle止滑底   重 量 850公克 跟 型     筒 高  筒 圍,https://www.fmshoes.com.tw/products/691a955d73bc170014a238ab?variation=691a955b60c8dc0017f644fb,https://img.shoplineapp.com/media/image_clips/6971bb77303a122705395469/original.jpg?1769061239=&owner_id=627e1d404e691000311b0a4f,1680 TWD,in stock,new
691a955d73bc170014a238ab:691a955b60c8dc0017f644fc,NEUTRAL 超輕量減壓免綁帶機能休閒鞋 白黑(36-43),版 型 正常版(但腳版偏寬偏肉喜歡舒適可以大一號)   產 地 台灣   鞋 面 超纖皮料   內 裏 萊卡布料 + 記憶海綿鞋墊   鞋 底 輕量moudle止滑底   重 量 850公克 跟 型     筒 高  筒 圍,https://www.fmshoes.com.tw/products/691a955d73bc170014a238ab?variation=691a955b60c8dc0017f644fc,https://img.shoplineapp.com/media/image_clips/6971bb77303a122705395469/original.jpg?1769061239=&owner_id=627e1d404e691000311b0a4f,1680 TWD,in stock,new
691a972cb31b7800143d3c92:691a972a517c6e000b0ff651,NEUTRAL 超輕量減壓免綁帶機能休閒鞋 白銀(36-43),版 型 正常版(但腳版偏寬偏肉喜歡舒適可以大一號)   產 地 台灣   鞋 面 超纖皮料   內 裏 萊卡布料 + 記憶海綿鞋墊   鞋 底 輕量moudle止滑底   重 量 850公克 跟 型     筒 高  筒 圍,https://www.fmshoes.com.tw/products/691a972cb31b7800143d3c92?variation=691a972a517c6e000b0ff651,https://img.shoplineapp.com/media/image_clips/6971bba3108547100a1243d8/original.jpg?1769061282=&owner_id=627e1d404e691000311b0a4f,1680 TWD,in stock,new
691a972cb31b7800143d3c92:691a972a517c6e000b0ff652,NEUTRAL 超輕量減壓免綁帶機能休閒鞋 白銀(36-43),版 型 正常版(但腳版偏寬偏肉喜歡舒適可以大一號)   產 地 台灣   鞋 面 超纖皮料   內 裏 萊卡布料 + 記憶海綿鞋墊   鞋 底 輕量moudle止滑底   重 量 850公克 跟 型     筒 高  筒 圍,https://www.fmshoes.com.tw/products/691a972cb31b7800143d3c92?variation=691a972a517c6e000b0ff652,https://img.shoplineapp.com/media/image_clips/6971bba3108547100a1243d8/original.jpg?1769061282=&owner_id=627e1d404e691000311b0a4f,1680 TWD,in stock,new
691a972cb31b7800143d3c92:691a972a517c6e000b0ff653,NEUTRAL 超輕量減壓免綁帶機能休閒鞋 白銀(36-43),版 型 正常版(但腳版偏寬偏肉喜歡舒適可以大一號)   產 地 台灣   鞋 面 超纖皮料   內 裏 萊卡布料 + 記憶海綿鞋墊   鞋 底 輕量moudle止滑底   重 量 850公克 跟 型     筒 高  筒 圍,https://www.fmshoes.com.tw/products/691a972cb31b7800143d3c92?variation=691a972a517c6e000b0ff653,https://img.shoplineapp.com/media/image_clips/6971bba3108547100a1243d8/original.jpg?1769061282=&owner_id=627e1d404e691000311b0a4f,1680 TWD,in stock,new
691a972cb31b7800143d3c92:691a972a517c6e000b0ff654,NEUTRAL 超輕量減壓免綁帶機能休閒鞋 白銀(36-43),版 型 正常版(但腳版偏寬偏肉喜歡舒適可以大一號)   產 地 台灣   鞋 面 超纖皮料   內 裏 萊卡布料 + 記憶海綿鞋墊   鞋 底 輕量moudle止滑底   重 量 850公克 跟 型     筒 高  筒 圍,https://www.fmshoes.com.tw/products/691a972cb31b7800143d3c92?variation=691a972a517c6e000b0ff654,https://img.shoplineapp.com/media/image_clips/6971bba3108547100a1243d8/original.jpg?1769061282=&owner_id=627e1d404e691000311b0a4f,1680 TWD,in stock,new
691a972cb31b7800143d3c92:691a972a517c6e000b0ff655,NEUTRAL 超輕量減壓免綁帶機能休閒鞋 白銀(36-43),版 型 正常版(但腳版偏寬偏肉喜歡舒適可以大一號)   產 地 台灣   鞋 面 超纖皮料   內 裏 萊卡布料 + 記憶海綿鞋墊   鞋 底 輕量moudle止滑底   重 量 850公克 跟 型     筒 高  筒 圍,https://www.fmshoes.com.tw/products/691a972cb31b7800143d3c92?variation=691a972a517c6e000b0ff655,https://img.shoplineapp.com/media/image_clips/6971bba3108547100a1243d8/original.jpg?1769061282=&owner_id=627e1d404e691000311b0a4f,1680 TWD,in stock,new
691a972cb31b7800143d3c92:691a972a517c6e000b0ff656,NEUTRAL 超輕量減壓免綁帶機能休閒鞋 白銀(36-43),版 型 正常版(但腳版偏寬偏肉喜歡舒適可以大一號)   產 地 台灣   鞋 面 超纖皮料   內 裏 萊卡布料 + 記憶海綿鞋墊   鞋 底 輕量moudle止滑底   重 量 850公克 跟 型     筒 高  筒 圍,https://www.fmshoes.com.tw/products/691a972cb31b7800143d3c92?variation=691a972a517c6e000b0ff656,https://img.shoplineapp.com/media/image_clips/6971bba3108547100a1243d8/original.jpg?1769061282=&owner_id=627e1d404e691000311b0a4f,1680 TWD,in stock,new
691a972cb31b7800143d3c92:691a972a517c6e000b0ff657,NEUTRAL 超輕量減壓免綁帶機能休閒鞋 白銀(36-43),版 型 正常版(但腳版偏寬偏肉喜歡舒適可以大一號)   產 地 台灣   鞋 面 超纖皮料   內 裏 萊卡布料 + 記憶海綿鞋墊   鞋 底 輕量moudle止滑底   重 量 850公克 跟 型     筒 高  筒 圍,https://www.fmshoes.com.tw/products/691a972cb31b7800143d3c92?variation=691a972a517c6e000b0ff657,https://img.shoplineapp.com/media/image_clips/6971bba3108547100a1243d8/original.jpg?1769061282=&owner_id=627e1d404e691000311b0a4f,1680 TWD,in stock,new
691a972cb31b7800143d3c92:691a972a517c6e000b0ff658,NEUTRAL 超輕量減壓免綁帶機能休閒鞋 白銀(36-43),版 型 正常版(但腳版偏寬偏肉喜歡舒適可以大一號)   產 地 台灣   鞋 面 超纖皮料   內 裏 萊卡布料 + 記憶海綿鞋墊   鞋 底 輕量moudle止滑底   重 量 850公克 跟 型     筒 高  筒 圍,https://www.fmshoes.com.tw/products/691a972cb31b7800143d3c92?variation=691a972a517c6e000b0ff658,https://img.shoplineapp.com/media/image_clips/6971bba3108547100a1243d8/original.jpg?1769061282=&owner_id=627e1d404e691000311b0a4f,1680 TWD,in stock,new
691a97a2eb633d0018be43b1:691a97a03f760d001312a9b4,NEUTRAL 超輕量減壓免綁帶機能休閒鞋 白粉(36-43),版 型 正常版(但腳版偏寬偏肉喜歡舒適可以大一號)   產 地 台灣   鞋 面 超纖皮料   內 裏 萊卡布料 + 記憶海綿鞋墊   鞋 底 輕量moudle止滑底   重 量 850公克 跟 型     筒 高  筒 圍,https://www.fmshoes.com.tw/products/691a97a2eb633d0018be43b1?variation=691a97a03f760d001312a9b4,https://img.shoplineapp.com/media/image_clips/6971bbd0da534305ea8dcd03/original.jpg?1769061328=&owner_id=627e1d404e691000311b0a4f,1680 TWD,in stock,new
691a97a2eb633d0018be43b1:691a97a03f760d001312a9b5,NEUTRAL 超輕量減壓免綁帶機能休閒鞋 白粉(36-43),版 型 正常版(但腳版偏寬偏肉喜歡舒適可以大一號)   產 地 台灣   鞋 面 超纖皮料   內 裏 萊卡布料 + 記憶海綿鞋墊   鞋 底 輕量moudle止滑底   重 量 850公克 跟 型     筒 高  筒 圍,https://www.fmshoes.com.tw/products/691a97a2eb633d0018be43b1?variation=691a97a03f760d001312a9b5,https://img.shoplineapp.com/media/image_clips/6971bbd0da534305ea8dcd03/original.jpg?1769061328=&owner_id=627e1d404e691000311b0a4f,1680 TWD,in stock,new
691a97a2eb633d0018be43b1:691a97a03f760d001312a9b6,NEUTRAL 超輕量減壓免綁帶機能休閒鞋 白粉(36-43),版 型 正常版(但腳版偏寬偏肉喜歡舒適可以大一號)   產 地 台灣   鞋 面 超纖皮料   內 裏 萊卡布料 + 記憶海綿鞋墊   鞋 底 輕量moudle止滑底   重 量 850公克 跟 型     筒 高  筒 圍,https://www.fmshoes.com.tw/products/691a97a2eb633d0018be43b1?variation=691a97a03f760d001312a9b6,https://img.shoplineapp.com/media/image_clips/6971bbd0da534305ea8dcd03/original.jpg?1769061328=&owner_id=627e1d404e691000311b0a4f,1680 TWD,in stock,new
691a97a2eb633d0018be43b1:691a97a03f760d001312a9b7,NEUTRAL 超輕量減壓免綁帶機能休閒鞋 白粉(36-43),版 型 正常版(但腳版偏寬偏肉喜歡舒適可以大一號)   產 地 台灣   鞋 面 超纖皮料   內 裏 萊卡布料 + 記憶海綿鞋墊   鞋 底 輕量moudle止滑底   重 量 850公克 跟 型     筒 高  筒 圍,https://www.fmshoes.com.tw/products/691a97a2eb633d0018be43b1?variation=691a97a03f760d001312a9b7,https://img.shoplineapp.com/media/image_clips/6971bbd0da534305ea8dcd03/original.jpg?1769061328=&owner_id=627e1d404e691000311b0a4f,1680 TWD,in stock,new
691a97a2eb633d0018be43b1:691a97a03f760d001312a9b8,NEUTRAL 超輕量減壓免綁帶機能休閒鞋 白粉(36-43),版 型 正常版(但腳版偏寬偏肉喜歡舒適可以大一號)   產 地 台灣   鞋 面 超纖皮料   內 裏 萊卡布料 + 記憶海綿鞋墊   鞋 底 輕量moudle止滑底   重 量 850公克 跟 型     筒 高  筒 圍,https://www.fmshoes.com.tw/products/691a97a2eb633d0018be43b1?variation=691a97a03f760d001312a9b8,https://img.shoplineapp.com/media/image_clips/6971bbd0da534305ea8dcd03/original.jpg?1769061328=&owner_id=627e1d404e691000311b0a4f,1680 TWD,in stock,new
691a97a2eb633d0018be43b1:691a97a03f760d001312a9b9,NEUTRAL 超輕量減壓免綁帶機能休閒鞋 白粉(36-43),版 型 正常版(但腳版偏寬偏肉喜歡舒適可以大一號)   產 地 台灣   鞋 面 超纖皮料   內 裏 萊卡布料 + 記憶海綿鞋墊   鞋 底 輕量moudle止滑底   重 量 850公克 跟 型     筒 高  筒 圍,https://www.fmshoes.com.tw/products/691a97a2eb633d0018be43b1?variation=691a97a03f760d001312a9b9,https://img.shoplineapp.com/media/image_clips/6971bbd0da534305ea8dcd03/original.jpg?1769061328=&owner_id=627e1d404e691000311b0a4f,1680 TWD,in stock,new
691a97a2eb633d0018be43b1:691a97a03f760d001312a9ba,NEUTRAL 超輕量減壓免綁帶機能休閒鞋 白粉(36-43),版 型 正常版(但腳版偏寬偏肉喜歡舒適可以大一號)   產 地 台灣   鞋 面 超纖皮料   內 裏 萊卡布料 + 記憶海綿鞋墊   鞋 底 輕量moudle止滑底   重 量 850公克 跟 型     筒 高  筒 圍,https://www.fmshoes.com.tw/products/691a97a2eb633d0018be43b1?variation=691a97a03f760d001312a9ba,https://img.shoplineapp.com/media/image_clips/6971bbd0da534305ea8dcd03/original.jpg?1769061328=&owner_id=627e1d404e691000311b0a4f,1680 TWD,in stock,new
691a97a2eb633d0018be43b1:691a97a03f760d001312a9bb,NEUTRAL 超輕量減壓免綁帶機能休閒鞋 白粉(36-43),版 型 正常版(但腳版偏寬偏肉喜歡舒適可以大一號)   產 地 台灣   鞋 面 超纖皮料   內 裏 萊卡布料 + 記憶海綿鞋墊   鞋 底 輕量moudle止滑底   重 量 850公克 跟 型     筒 高  筒 圍,https://www.fmshoes.com.tw/products/691a97a2eb633d0018be43b1?variation=691a97a03f760d001312a9bb,https://img.shoplineapp.com/media/image_clips/6971bbd0da534305ea8dcd03/original.jpg?1769061328=&owner_id=627e1d404e691000311b0a4f,1680 TWD,in stock,new
691ade412d18980016c284f5:691ade3f84ebb6000e567465,NEUTRAL 雲感牛纖絨防潑水雙釦厚底拖鞋 黑(36-41),NEUTRAL 雲感牛纖絨防潑水雙釦厚底拖鞋 黑(36-41),https://www.fmshoes.com.tw/products/691ade412d18980016c284f5?variation=691ade3f84ebb6000e567465,https://img.shoplineapp.com/media/image_clips/69313bce4490da0012aba7c5/original.jpg?1764834254=&owner_id=627e1d404e691000311b0a4f,1480 TWD,in stock,new
691ade412d18980016c284f5:691ade3f84ebb6000e567466,NEUTRAL 雲感牛纖絨防潑水雙釦厚底拖鞋 黑(36-41),NEUTRAL 雲感牛纖絨防潑水雙釦厚底拖鞋 黑(36-41),https://www.fmshoes.com.tw/products/691ade412d18980016c284f5?variation=691ade3f84ebb6000e567466,https://img.shoplineapp.com/media/image_clips/69313bce4490da0012aba7c5/original.jpg?1764834254=&owner_id=627e1d404e691000311b0a4f,1480 TWD,in stock,new
691ade412d18980016c284f5:691ade3f84ebb6000e56746a,NEUTRAL 雲感牛纖絨防潑水雙釦厚底拖鞋 黑(36-41),NEUTRAL 雲感牛纖絨防潑水雙釦厚底拖鞋 黑(36-41),https://www.fmshoes.com.tw/products/691ade412d18980016c284f5?variation=691ade3f84ebb6000e56746a,https://img.shoplineapp.com/media/image_clips/69313bce4490da0012aba7c5/original.jpg?1764834254=&owner_id=627e1d404e691000311b0a4f,1480 TWD,in stock,new
691adf00041ed90010896974:691adefdb6af43000cab55da,NEUTRAL 雲感牛纖絨防潑水雙釦厚底拖鞋 深灰(36-42),NEUTRAL 雲感牛纖絨防潑水雙釦厚底拖鞋 深灰(36-42),https://www.fmshoes.com.tw/products/691adf00041ed90010896974?variation=691adefdb6af43000cab55da,https://img.shoplineapp.com/media/image_clips/693140914490da0014aba631/original.jpg?1764835473=&owner_id=627e1d404e691000311b0a4f,1480 TWD,in stock,new
691adf00041ed90010896974:691adefdb6af43000cab55db,NEUTRAL 雲感牛纖絨防潑水雙釦厚底拖鞋 深灰(36-42),NEUTRAL 雲感牛纖絨防潑水雙釦厚底拖鞋 深灰(36-42),https://www.fmshoes.com.tw/products/691adf00041ed90010896974?variation=691adefdb6af43000cab55db,https://img.shoplineapp.com/media/image_clips/693140914490da0014aba631/original.jpg?1764835473=&owner_id=627e1d404e691000311b0a4f,1480 TWD,in stock,new
691adf7c271cb4000e758e05:691adf7ad7532f0014bfd409,NEUTRAL 雲感牛纖絨防潑水雙釦厚底拖鞋 淺灰(36-42),NEUTRAL 雲感牛纖絨防潑水雙釦厚底拖鞋 淺灰(36-42),https://www.fmshoes.com.tw/products/691adf7c271cb4000e758e05?variation=691adf7ad7532f0014bfd409,https://img.shoplineapp.com/media/image_clips/69314125695018001073be80/original.jpg?1764835621=&owner_id=627e1d404e691000311b0a4f,1480 TWD,in stock,new
691ae0828398b4000e58311f:691ae08084ebb6000f56747b,NEUTRAL 雲感牛纖絨防潑水雙釦厚底拖鞋 藍灰(36-42),NEUTRAL 雲感牛纖絨防潑水雙釦厚底拖鞋 藍灰(36-42),https://www.fmshoes.com.tw/products/691ae0828398b4000e58311f?variation=691ae08084ebb6000f56747b,https://img.shoplineapp.com/media/image_clips/6957309f88ba503482430627/original.jpg?1767321759=&owner_id=627e1d404e691000311b0a4f,1480 TWD,in stock,new
691ae0828398b4000e58311f:691ae08084ebb6000f567481,NEUTRAL 雲感牛纖絨防潑水雙釦厚底拖鞋 藍灰(36-42),NEUTRAL 雲感牛纖絨防潑水雙釦厚底拖鞋 藍灰(36-42),https://www.fmshoes.com.tw/products/691ae0828398b4000e58311f?variation=691ae08084ebb6000f567481,https://img.shoplineapp.com/media/image_clips/6957309f88ba503482430627/original.jpg?1767321759=&owner_id=627e1d404e691000311b0a4f,1480 TWD,in stock,new
691ae179ae1621000edc4753:691ae17708a88900161fecfa,NEUTRAL 雲感牛纖絨防潑水雙釦厚底拖鞋 沙色(36-42),NEUTRAL 雲感牛纖絨防潑水雙釦厚底拖鞋 沙色(36-42),https://www.fmshoes.com.tw/products/691ae179ae1621000edc4753?variation=691ae17708a88900161fecfa,https://img.shoplineapp.com/media/image_clips/69313aa86c0a720010e8c8dc/original.jpg?1764833960=&owner_id=627e1d404e691000311b0a4f,1480 TWD,in stock,new
691ae179ae1621000edc4753:691ae17708a88900161fecfb,NEUTRAL 雲感牛纖絨防潑水雙釦厚底拖鞋 沙色(36-42),NEUTRAL 雲感牛纖絨防潑水雙釦厚底拖鞋 沙色(36-42),https://www.fmshoes.com.tw/products/691ae179ae1621000edc4753?variation=691ae17708a88900161fecfb,https://img.shoplineapp.com/media/image_clips/69313aa86c0a720010e8c8dc/original.jpg?1764833960=&owner_id=627e1d404e691000311b0a4f,1480 TWD,in stock,new
691ae20ad7539f000a8353c2:691ae208d2d5f60012956524,NEUTRAL 雲感牛纖絨防潑水雙釦厚底拖鞋 米灰(36-41),NEUTRAL 雲感牛纖絨防潑水雙釦厚底拖鞋 米灰(36-41),https://www.fmshoes.com.tw/products/691ae20ad7539f000a8353c2?variation=691ae208d2d5f60012956524,https://img.shoplineapp.com/media/image_clips/69313f357dfcb7000e8588d6/original.jpg?1764835124=&owner_id=627e1d404e691000311b0a4f,1480 TWD,in stock,new
691ae32e271cb400127592b3:691ae32bb0bdd6000e95b818,NEUTRAL 雲感牛纖絨防潑水雙釦厚底拖鞋 米白(36-42),NEUTRAL 雲感牛纖絨防潑水雙釦厚底拖鞋 米白(36-42),https://www.fmshoes.com.tw/products/691ae32e271cb400127592b3?variation=691ae32bb0bdd6000e95b818,https://img.shoplineapp.com/media/image_clips/69313e8b0639dd0018fb2525/original.jpg?1764834955=&owner_id=627e1d404e691000311b0a4f,1480 TWD,in stock,new
69435d77220464768ae4e3fc,開運發財襪(3雙入),,https://www.fmshoes.com.tw/products/69435d77220464768ae4e3fc,https://img.shoplineapp.com/media/image_clips/6953982adc108640a18bc328/original.jpg?1767086122=&owner_id=627e1d404e691000311b0a4f,450 TWD,in stock,new
6965f88dd8a10aecc26bc1c1:6965f88be12cc0000e3c6256,NEUTRAL X MrsBanana 香蕉太太秒穿免綁帶厚底復古休閒鞋 白黑(36-46),NEUTRAL X MrsBanana 香蕉太太秒穿免綁帶厚底復古休閒鞋 白黑(36-46),https://www.fmshoes.com.tw/products/6965f88dd8a10aecc26bc1c1?variation=6965f88be12cc0000e3c6256,https://img.shoplineapp.com/media/image_clips/69898ca912dd4c275db3bdf9/original.jpg?1770622120=&owner_id=627e1d404e691000311b0a4f,1980 TWD,in stock,new
6965f88dd8a10aecc26bc1c1:6965f88be12cc0000e3c6257,NEUTRAL X MrsBanana 香蕉太太秒穿免綁帶厚底復古休閒鞋 白黑(36-46),NEUTRAL X MrsBanana 香蕉太太秒穿免綁帶厚底復古休閒鞋 白黑(36-46),https://www.fmshoes.com.tw/products/6965f88dd8a10aecc26bc1c1?variation=6965f88be12cc0000e3c6257,https://img.shoplineapp.com/media/image_clips/69898ca912dd4c275db3bdf9/original.jpg?1770622120=&owner_id=627e1d404e691000311b0a4f,1980 TWD,in stock,new
6965f88dd8a10aecc26bc1c1:6965f88be12cc0000e3c6258,NEUTRAL X MrsBanana 香蕉太太秒穿免綁帶厚底復古休閒鞋 白黑(36-46),NEUTRAL X MrsBanana 香蕉太太秒穿免綁帶厚底復古休閒鞋 白黑(36-46),https://www.fmshoes.com.tw/products/6965f88dd8a10aecc26bc1c1?variation=6965f88be12cc0000e3c6258,https://img.shoplineapp.com/media/image_clips/69898ca912dd4c275db3bdf9/original.jpg?1770622120=&owner_id=627e1d404e691000311b0a4f,1980 TWD,in stock,new
6965f88dd8a10aecc26bc1c1:6965f88be12cc0000e3c6259,NEUTRAL X MrsBanana 香蕉太太秒穿免綁帶厚底復古休閒鞋 白黑(36-46),NEUTRAL X MrsBanana 香蕉太太秒穿免綁帶厚底復古休閒鞋 白黑(36-46),https://www.fmshoes.com.tw/products/6965f88dd8a10aecc26bc1c1?variation=6965f88be12cc0000e3c6259,https://img.shoplineapp.com/media/image_clips/69898ca912dd4c275db3bdf9/original.jpg?1770622120=&owner_id=627e1d404e691000311b0a4f,1980 TWD,in stock,new
6965f88dd8a10aecc26bc1c1:6965f88be12cc0000e3c625a,NEUTRAL X MrsBanana 香蕉太太秒穿免綁帶厚底復古休閒鞋 白黑(36-46),NEUTRAL X MrsBanana 香蕉太太秒穿免綁帶厚底復古休閒鞋 白黑(36-46),https://www.fmshoes.com.tw/products/6965f88dd8a10aecc26bc1c1?variation=6965f88be12cc0000e3c625a,https://img.shoplineapp.com/media/image_clips/69898ca912dd4c275db3bdf9/original.jpg?1770622120=&owner_id=627e1d404e691000311b0a4f,1980 TWD,in stock,new
6965f88dd8a10aecc26bc1c1:6965f88be12cc0000e3c625b,NEUTRAL X MrsBanana 香蕉太太秒穿免綁帶厚底復古休閒鞋 白黑(36-46),NEUTRAL X MrsBanana 香蕉太太秒穿免綁帶厚底復古休閒鞋 白黑(36-46),https://www.fmshoes.com.tw/products/6965f88dd8a10aecc26bc1c1?variation=6965f88be12cc0000e3c625b,https://img.shoplineapp.com/media/image_clips/69898ca912dd4c275db3bdf9/original.jpg?1770622120=&owner_id=627e1d404e691000311b0a4f,1980 TWD,in stock,new
6965f88dd8a10aecc26bc1c1:6965f88be12cc0000e3c625c,NEUTRAL X MrsBanana 香蕉太太秒穿免綁帶厚底復古休閒鞋 白黑(36-46),NEUTRAL X MrsBanana 香蕉太太秒穿免綁帶厚底復古休閒鞋 白黑(36-46),https://www.fmshoes.com.tw/products/6965f88dd8a10aecc26bc1c1?variation=6965f88be12cc0000e3c625c,https://img.shoplineapp.com/media/image_clips/69898ca912dd4c275db3bdf9/original.jpg?1770622120=&owner_id=627e1d404e691000311b0a4f,1980 TWD,in stock,new
6965f88dd8a10aecc26bc1c1:6965f88be12cc0000e3c625d,NEUTRAL X MrsBanana 香蕉太太秒穿免綁帶厚底復古休閒鞋 白黑(36-46),NEUTRAL X MrsBanana 香蕉太太秒穿免綁帶厚底復古休閒鞋 白黑(36-46),https://www.fmshoes.com.tw/products/6965f88dd8a10aecc26bc1c1?variation=6965f88be12cc0000e3c625d,https://img.shoplineapp.com/media/image_clips/69898ca912dd4c275db3bdf9/original.jpg?1770622120=&owner_id=627e1d404e691000311b0a4f,1980 TWD,in stock,new
6965f88dd8a10aecc26bc1c1:6965f88be12cc0000e3c625e,NEUTRAL X MrsBanana 香蕉太太秒穿免綁帶厚底復古休閒鞋 白黑(36-46),NEUTRAL X MrsBanana 香蕉太太秒穿免綁帶厚底復古休閒鞋 白黑(36-46),https://www.fmshoes.com.tw/products/6965f88dd8a10aecc26bc1c1?variation=6965f88be12cc0000e3c625e,https://img.shoplineapp.com/media/image_clips/69898ca912dd4c275db3bdf9/original.jpg?1770622120=&owner_id=627e1d404e691000311b0a4f,1980 TWD,in stock,new
6965f88dd8a10aecc26bc1c1:6965f88be12cc0000e3c625f,NEUTRAL X MrsBanana 香蕉太太秒穿免綁帶厚底復古休閒鞋 白黑(36-46),NEUTRAL X MrsBanana 香蕉太太秒穿免綁帶厚底復古休閒鞋 白黑(36-46),https://www.fmshoes.com.tw/products/6965f88dd8a10aecc26bc1c1?variation=6965f88be12cc0000e3c625f,https://img.shoplineapp.com/media/image_clips/69898ca912dd4c275db3bdf9/original.jpg?1770622120=&owner_id=627e1d404e691000311b0a4f,1980 TWD,in stock,new
6965f88dd8a10aecc26bc1c1:6965f88be12cc0000e3c6260,NEUTRAL X MrsBanana 香蕉太太秒穿免綁帶厚底復古休閒鞋 白黑(36-46),NEUTRAL X MrsBanana 香蕉太太秒穿免綁帶厚底復古休閒鞋 白黑(36-46),https://www.fmshoes.com.tw/products/6965f88dd8a10aecc26bc1c1?variation=6965f88be12cc0000e3c6260,https://img.shoplineapp.com/media/image_clips/69898ca912dd4c275db3bdf9/original.jpg?1770622120=&owner_id=627e1d404e691000311b0a4f,1980 TWD,in stock,new
6965f94df5d3e0d20031808c:6965f94a5d3cbf000b29ce2a,NEUTRAL X MrsBanana 香蕉太太秒穿免綁帶厚底復古休閒鞋 白粉(36-46),NEUTRAL X MrsBanana 香蕉太太秒穿免綁帶厚底復古休閒鞋 白粉(36-46),https://www.fmshoes.com.tw/products/6965f94df5d3e0d20031808c?variation=6965f94a5d3cbf000b29ce2a,https://img.shoplineapp.com/media/image_clips/69898d2ce4e89a48f50702e1/original.jpg?1770622252=&owner_id=627e1d404e691000311b0a4f,1980 TWD,in stock,new
6965f94df5d3e0d20031808c:6965f94a5d3cbf000b29ce2b,NEUTRAL X MrsBanana 香蕉太太秒穿免綁帶厚底復古休閒鞋 白粉(36-46),NEUTRAL X MrsBanana 香蕉太太秒穿免綁帶厚底復古休閒鞋 白粉(36-46),https://www.fmshoes.com.tw/products/6965f94df5d3e0d20031808c?variation=6965f94a5d3cbf000b29ce2b,https://img.shoplineapp.com/media/image_clips/69898d2ce4e89a48f50702e1/original.jpg?1770622252=&owner_id=627e1d404e691000311b0a4f,1980 TWD,in stock,new
6965f94df5d3e0d20031808c:6965f94a5d3cbf000b29ce2c,NEUTRAL X MrsBanana 香蕉太太秒穿免綁帶厚底復古休閒鞋 白粉(36-46),NEUTRAL X MrsBanana 香蕉太太秒穿免綁帶厚底復古休閒鞋 白粉(36-46),https://www.fmshoes.com.tw/products/6965f94df5d3e0d20031808c?variation=6965f94a5d3cbf000b29ce2c,https://img.shoplineapp.com/media/image_clips/69898d2ce4e89a48f50702e1/original.jpg?1770622252=&owner_id=627e1d404e691000311b0a4f,1980 TWD,in stock,new
6965f94df5d3e0d20031808c:6965f94a5d3cbf000b29ce2d,NEUTRAL X MrsBanana 香蕉太太秒穿免綁帶厚底復古休閒鞋 白粉(36-46),NEUTRAL X MrsBanana 香蕉太太秒穿免綁帶厚底復古休閒鞋 白粉(36-46),https://www.fmshoes.com.tw/products/6965f94df5d3e0d20031808c?variation=6965f94a5d3cbf000b29ce2d,https://img.shoplineapp.com/media/image_clips/69898d2ce4e89a48f50702e1/original.jpg?1770622252=&owner_id=627e1d404e691000311b0a4f,1980 TWD,in stock,new
6965f94df5d3e0d20031808c:6965f94a5d3cbf000b29ce2e,NEUTRAL X MrsBanana 香蕉太太秒穿免綁帶厚底復古休閒鞋 白粉(36-46),NEUTRAL X MrsBanana 香蕉太太秒穿免綁帶厚底復古休閒鞋 白粉(36-46),https://www.fmshoes.com.tw/products/6965f94df5d3e0d20031808c?variation=6965f94a5d3cbf000b29ce2e,https://img.shoplineapp.com/media/image_clips/69898d2ce4e89a48f50702e1/original.jpg?1770622252=&owner_id=627e1d404e691000311b0a4f,1980 TWD,in stock,new
6965f94df5d3e0d20031808c:6965f94a5d3cbf000b29ce2f,NEUTRAL X MrsBanana 香蕉太太秒穿免綁帶厚底復古休閒鞋 白粉(36-46),NEUTRAL X MrsBanana 香蕉太太秒穿免綁帶厚底復古休閒鞋 白粉(36-46),https://www.fmshoes.com.tw/products/6965f94df5d3e0d20031808c?variation=6965f94a5d3cbf000b29ce2f,https://img.shoplineapp.com/media/image_clips/69898d2ce4e89a48f50702e1/original.jpg?1770622252=&owner_id=627e1d404e691000311b0a4f,1980 TWD,in stock,new
6965f94df5d3e0d20031808c:6965f94a5d3cbf000b29ce30,NEUTRAL X MrsBanana 香蕉太太秒穿免綁帶厚底復古休閒鞋 白粉(36-46),NEUTRAL X MrsBanana 香蕉太太秒穿免綁帶厚底復古休閒鞋 白粉(36-46),https://www.fmshoes.com.tw/products/6965f94df5d3e0d20031808c?variation=6965f94a5d3cbf000b29ce30,https://img.shoplineapp.com/media/image_clips/69898d2ce4e89a48f50702e1/original.jpg?1770622252=&owner_id=627e1d404e691000311b0a4f,1980 TWD,in stock,new
6965f94df5d3e0d20031808c:6965f94a5d3cbf000b29ce31,NEUTRAL X MrsBanana 香蕉太太秒穿免綁帶厚底復古休閒鞋 白粉(36-46),NEUTRAL X MrsBanana 香蕉太太秒穿免綁帶厚底復古休閒鞋 白粉(36-46),https://www.fmshoes.com.tw/products/6965f94df5d3e0d20031808c?variation=6965f94a5d3cbf000b29ce31,https://img.shoplineapp.com/media/image_clips/69898d2ce4e89a48f50702e1/original.jpg?1770622252=&owner_id=627e1d404e691000311b0a4f,1980 TWD,in stock,new
6965f94df5d3e0d20031808c:6965f94a5d3cbf000b29ce32,NEUTRAL X MrsBanana 香蕉太太秒穿免綁帶厚底復古休閒鞋 白粉(36-46),NEUTRAL X MrsBanana 香蕉太太秒穿免綁帶厚底復古休閒鞋 白粉(36-46),https://www.fmshoes.com.tw/products/6965f94df5d3e0d20031808c?variation=6965f94a5d3cbf000b29ce32,https://img.shoplineapp.com/media/image_clips/69898d2ce4e89a48f50702e1/original.jpg?1770622252=&owner_id=627e1d404e691000311b0a4f,1980 TWD,in stock,new
6965f94df5d3e0d20031808c:6965f94a5d3cbf000b29ce33,NEUTRAL X MrsBanana 香蕉太太秒穿免綁帶厚底復古休閒鞋 白粉(36-46),NEUTRAL X MrsBanana 香蕉太太秒穿免綁帶厚底復古休閒鞋 白粉(36-46),https://www.fmshoes.com.tw/products/6965f94df5d3e0d20031808c?variation=6965f94a5d3cbf000b29ce33,https://img.shoplineapp.com/media/image_clips/69898d2ce4e89a48f50702e1/original.jpg?1770622252=&owner_id=627e1d404e691000311b0a4f,1980 TWD,in stock,new
6965f94df5d3e0d20031808c:6965f94a5d3cbf000b29ce34,NEUTRAL X MrsBanana 香蕉太太秒穿免綁帶厚底復古休閒鞋 白粉(36-46),NEUTRAL X MrsBanana 香蕉太太秒穿免綁帶厚底復古休閒鞋 白粉(36-46),https://www.fmshoes.com.tw/products/6965f94df5d3e0d20031808c?variation=6965f94a5d3cbf000b29ce34,https://img.shoplineapp.com/media/image_clips/69898d2ce4e89a48f50702e1/original.jpg?1770622252=&owner_id=627e1d404e691000311b0a4f,1980 TWD,in stock,new
6965f9eeedaf801c119587b8:6965f9eb1023b60016e13f61,NEUTRAL X MrsBanana 香蕉太太秒穿免綁帶厚底復古休閒鞋 白灰(36-46),NEUTRAL X MrsBanana 香蕉太太秒穿免綁帶厚底復古休閒鞋 白灰(36-46),https://www.fmshoes.com.tw/products/6965f9eeedaf801c119587b8?variation=6965f9eb1023b60016e13f61,https://img.shoplineapp.com/media/image_clips/69898da93dc8bc96e6501579/original.jpg?1770622377=&owner_id=627e1d404e691000311b0a4f,1980 TWD,in stock,new
6965f9eeedaf801c119587b8:6965f9eb1023b60016e13f62,NEUTRAL X MrsBanana 香蕉太太秒穿免綁帶厚底復古休閒鞋 白灰(36-46),NEUTRAL X MrsBanana 香蕉太太秒穿免綁帶厚底復古休閒鞋 白灰(36-46),https://www.fmshoes.com.tw/products/6965f9eeedaf801c119587b8?variation=6965f9eb1023b60016e13f62,https://img.shoplineapp.com/media/image_clips/69898da93dc8bc96e6501579/original.jpg?1770622377=&owner_id=627e1d404e691000311b0a4f,1980 TWD,in stock,new
6965f9eeedaf801c119587b8:6965f9eb1023b60016e13f63,NEUTRAL X MrsBanana 香蕉太太秒穿免綁帶厚底復古休閒鞋 白灰(36-46),NEUTRAL X MrsBanana 香蕉太太秒穿免綁帶厚底復古休閒鞋 白灰(36-46),https://www.fmshoes.com.tw/products/6965f9eeedaf801c119587b8?variation=6965f9eb1023b60016e13f63,https://img.shoplineapp.com/media/image_clips/69898da93dc8bc96e6501579/original.jpg?1770622377=&owner_id=627e1d404e691000311b0a4f,1980 TWD,in stock,new
6965f9eeedaf801c119587b8:6965f9eb1023b60016e13f64,NEUTRAL X MrsBanana 香蕉太太秒穿免綁帶厚底復古休閒鞋 白灰(36-46),NEUTRAL X MrsBanana 香蕉太太秒穿免綁帶厚底復古休閒鞋 白灰(36-46),https://www.fmshoes.com.tw/products/6965f9eeedaf801c119587b8?variation=6965f9eb1023b60016e13f64,https://img.shoplineapp.com/media/image_clips/69898da93dc8bc96e6501579/original.jpg?1770622377=&owner_id=627e1d404e691000311b0a4f,1980 TWD,in stock,new
6965f9eeedaf801c119587b8:6965f9eb1023b60016e13f65,NEUTRAL X MrsBanana 香蕉太太秒穿免綁帶厚底復古休閒鞋 白灰(36-46),NEUTRAL X MrsBanana 香蕉太太秒穿免綁帶厚底復古休閒鞋 白灰(36-46),https://www.fmshoes.com.tw/products/6965f9eeedaf801c119587b8?variation=6965f9eb1023b60016e13f65,https://img.shoplineapp.com/media/image_clips/69898da93dc8bc96e6501579/original.jpg?1770622377=&owner_id=627e1d404e691000311b0a4f,1980 TWD,in stock,new
6965f9eeedaf801c119587b8:6965f9eb1023b60016e13f66,NEUTRAL X MrsBanana 香蕉太太秒穿免綁帶厚底復古休閒鞋 白灰(36-46),NEUTRAL X MrsBanana 香蕉太太秒穿免綁帶厚底復古休閒鞋 白灰(36-46),https://www.fmshoes.com.tw/products/6965f9eeedaf801c119587b8?variation=6965f9eb1023b60016e13f66,https://img.shoplineapp.com/media/image_clips/69898da93dc8bc96e6501579/original.jpg?1770622377=&owner_id=627e1d404e691000311b0a4f,1980 TWD,in stock,new
6965f9eeedaf801c119587b8:6965f9eb1023b60016e13f67,NEUTRAL X MrsBanana 香蕉太太秒穿免綁帶厚底復古休閒鞋 白灰(36-46),NEUTRAL X MrsBanana 香蕉太太秒穿免綁帶厚底復古休閒鞋 白灰(36-46),https://www.fmshoes.com.tw/products/6965f9eeedaf801c119587b8?variation=6965f9eb1023b60016e13f67,https://img.shoplineapp.com/media/image_clips/69898da93dc8bc96e6501579/original.jpg?1770622377=&owner_id=627e1d404e691000311b0a4f,1980 TWD,in stock,new
6965f9eeedaf801c119587b8:6965f9eb1023b60016e13f68,NEUTRAL X MrsBanana 香蕉太太秒穿免綁帶厚底復古休閒鞋 白灰(36-46),NEUTRAL X MrsBanana 香蕉太太秒穿免綁帶厚底復古休閒鞋 白灰(36-46),https://www.fmshoes.com.tw/products/6965f9eeedaf801c119587b8?variation=6965f9eb1023b60016e13f68,https://img.shoplineapp.com/media/image_clips/69898da93dc8bc96e6501579/original.jpg?1770622377=&owner_id=627e1d404e691000311b0a4f,1980 TWD,in stock,new
6965f9eeedaf801c119587b8:6965f9eb1023b60016e13f69,NEUTRAL X MrsBanana 香蕉太太秒穿免綁帶厚底復古休閒鞋 白灰(36-46),NEUTRAL X MrsBanana 香蕉太太秒穿免綁帶厚底復古休閒鞋 白灰(36-46),https://www.fmshoes.com.tw/products/6965f9eeedaf801c119587b8?variation=6965f9eb1023b60016e13f69,https://img.shoplineapp.com/media/image_clips/69898da93dc8bc96e6501579/original.jpg?1770622377=&owner_id=627e1d404e691000311b0a4f,1980 TWD,in stock,new
6965f9eeedaf801c119587b8:6965f9eb1023b60016e13f6a,NEUTRAL X MrsBanana 香蕉太太秒穿免綁帶厚底復古休閒鞋 白灰(36-46),NEUTRAL X MrsBanana 香蕉太太秒穿免綁帶厚底復古休閒鞋 白灰(36-46),https://www.fmshoes.com.tw/products/6965f9eeedaf801c119587b8?variation=6965f9eb1023b60016e13f6a,https://img.shoplineapp.com/media/image_clips/69898da93dc8bc96e6501579/original.jpg?1770622377=&owner_id=627e1d404e691000311b0a4f,1980 TWD,in stock,new
6965f9eeedaf801c119587b8:6965f9eb1023b60016e13f6b,NEUTRAL X MrsBanana 香蕉太太秒穿免綁帶厚底復古休閒鞋 白灰(36-46),NEUTRAL X MrsBanana 香蕉太太秒穿免綁帶厚底復古休閒鞋 白灰(36-46),https://www.fmshoes.com.tw/products/6965f9eeedaf801c119587b8?variation=6965f9eb1023b60016e13f6b,https://img.shoplineapp.com/media/image_clips/69898da93dc8bc96e6501579/original.jpg?1770622377=&owner_id=627e1d404e691000311b0a4f,1980 TWD,in stock,new
6965fb26470f9783df52aff0:6965fb24558daf0015e301bd,NEUTRAL X MrsBanana 香蕉太太聯名雙釦烤色減壓拖鞋  米(35-44),NEUTRAL X MrsBanana 香蕉太太聯名雙釦烤色減壓拖鞋  米(35-44),https://www.fmshoes.com.tw/products/6965fb26470f9783df52aff0?variation=6965fb24558daf0015e301bd,https://img.shoplineapp.com/media/image_clips/69898e1c70e84a36fd330c1c/original.jpg?1770622491=&owner_id=627e1d404e691000311b0a4f,1680 TWD,in stock,new
6965fb26470f9783df52aff0:6965fb24558daf0015e301be,NEUTRAL X MrsBanana 香蕉太太聯名雙釦烤色減壓拖鞋  米(35-44),NEUTRAL X MrsBanana 香蕉太太聯名雙釦烤色減壓拖鞋  米(35-44),https://www.fmshoes.com.tw/products/6965fb26470f9783df52aff0?variation=6965fb24558daf0015e301be,https://img.shoplineapp.com/media/image_clips/69898e1c70e84a36fd330c1c/original.jpg?1770622491=&owner_id=627e1d404e691000311b0a4f,1680 TWD,in stock,new
6965fb26470f9783df52aff0:6965fb24558daf0015e301c0,NEUTRAL X MrsBanana 香蕉太太聯名雙釦烤色減壓拖鞋  米(35-44),NEUTRAL X MrsBanana 香蕉太太聯名雙釦烤色減壓拖鞋  米(35-44),https://www.fmshoes.com.tw/products/6965fb26470f9783df52aff0?variation=6965fb24558daf0015e301c0,https://img.shoplineapp.com/media/image_clips/69898e1c70e84a36fd330c1c/original.jpg?1770622491=&owner_id=627e1d404e691000311b0a4f,1680 TWD,in stock,new
6965fb26470f9783df52aff0:6965fb24558daf0015e301c1,NEUTRAL X MrsBanana 香蕉太太聯名雙釦烤色減壓拖鞋  米(35-44),NEUTRAL X MrsBanana 香蕉太太聯名雙釦烤色減壓拖鞋  米(35-44),https://www.fmshoes.com.tw/products/6965fb26470f9783df52aff0?variation=6965fb24558daf0015e301c1,https://img.shoplineapp.com/media/image_clips/69898e1c70e84a36fd330c1c/original.jpg?1770622491=&owner_id=627e1d404e691000311b0a4f,1680 TWD,in stock,new
6965fb26470f9783df52aff0:6965fb24558daf0015e301c2,NEUTRAL X MrsBanana 香蕉太太聯名雙釦烤色減壓拖鞋  米(35-44),NEUTRAL X MrsBanana 香蕉太太聯名雙釦烤色減壓拖鞋  米(35-44),https://www.fmshoes.com.tw/products/6965fb26470f9783df52aff0?variation=6965fb24558daf0015e301c2,https://img.shoplineapp.com/media/image_clips/69898e1c70e84a36fd330c1c/original.jpg?1770622491=&owner_id=627e1d404e691000311b0a4f,1680 TWD,in stock,new
6965fb26470f9783df52aff0:6965fb24558daf0015e301c3,NEUTRAL X MrsBanana 香蕉太太聯名雙釦烤色減壓拖鞋  米(35-44),NEUTRAL X MrsBanana 香蕉太太聯名雙釦烤色減壓拖鞋  米(35-44),https://www.fmshoes.com.tw/products/6965fb26470f9783df52aff0?variation=6965fb24558daf0015e301c3,https://img.shoplineapp.com/media/image_clips/69898e1c70e84a36fd330c1c/original.jpg?1770622491=&owner_id=627e1d404e691000311b0a4f,1680 TWD,in stock,new
6965fb26470f9783df52aff0:6965fb24558daf0015e301c4,NEUTRAL X MrsBanana 香蕉太太聯名雙釦烤色減壓拖鞋  米(35-44),NEUTRAL X MrsBanana 香蕉太太聯名雙釦烤色減壓拖鞋  米(35-44),https://www.fmshoes.com.tw/products/6965fb26470f9783df52aff0?variation=6965fb24558daf0015e301c4,https://img.shoplineapp.com/media/image_clips/69898e1c70e84a36fd330c1c/original.jpg?1770622491=&owner_id=627e1d404e691000311b0a4f,1680 TWD,in stock,new
6965fb26470f9783df52aff0:6965fb24558daf0015e301c5,NEUTRAL X MrsBanana 香蕉太太聯名雙釦烤色減壓拖鞋  米(35-44),NEUTRAL X MrsBanana 香蕉太太聯名雙釦烤色減壓拖鞋  米(35-44),https://www.fmshoes.com.tw/products/6965fb26470f9783df52aff0?variation=6965fb24558daf0015e301c5,https://img.shoplineapp.com/media/image_clips/69898e1c70e84a36fd330c1c/original.jpg?1770622491=&owner_id=627e1d404e691000311b0a4f,1680 TWD,in stock,new
6965fbb4ab65d4655be74ceb:6965fbb23bc66f000b5a9476,NEUTRAL X MrsBanana 香蕉太太聯名雙釦烤色減壓拖鞋 灰(35-44),NEUTRAL X MrsBanana 香蕉太太聯名雙釦烤色減壓拖鞋 灰(35-44),https://www.fmshoes.com.tw/products/6965fbb4ab65d4655be74ceb?variation=6965fbb23bc66f000b5a9476,https://img.shoplineapp.com/media/image_clips/69898f2711dc855dcb8f9fdb/original.jpg?1770622759=&owner_id=627e1d404e691000311b0a4f,1680 TWD,in stock,new
6965fbb4ab65d4655be74ceb:6965fbb23bc66f000b5a9477,NEUTRAL X MrsBanana 香蕉太太聯名雙釦烤色減壓拖鞋 灰(35-44),NEUTRAL X MrsBanana 香蕉太太聯名雙釦烤色減壓拖鞋 灰(35-44),https://www.fmshoes.com.tw/products/6965fbb4ab65d4655be74ceb?variation=6965fbb23bc66f000b5a9477,https://img.shoplineapp.com/media/image_clips/69898f2711dc855dcb8f9fdb/original.jpg?1770622759=&owner_id=627e1d404e691000311b0a4f,1680 TWD,in stock,new
6965fbb4ab65d4655be74ceb:6965fbb23bc66f000b5a9478,NEUTRAL X MrsBanana 香蕉太太聯名雙釦烤色減壓拖鞋 灰(35-44),NEUTRAL X MrsBanana 香蕉太太聯名雙釦烤色減壓拖鞋 灰(35-44),https://www.fmshoes.com.tw/products/6965fbb4ab65d4655be74ceb?variation=6965fbb23bc66f000b5a9478,https://img.shoplineapp.com/media/image_clips/69898f2711dc855dcb8f9fdb/original.jpg?1770622759=&owner_id=627e1d404e691000311b0a4f,1680 TWD,in stock,new
6965fbb4ab65d4655be74ceb:6965fbb23bc66f000b5a9479,NEUTRAL X MrsBanana 香蕉太太聯名雙釦烤色減壓拖鞋 灰(35-44),NEUTRAL X MrsBanana 香蕉太太聯名雙釦烤色減壓拖鞋 灰(35-44),https://www.fmshoes.com.tw/products/6965fbb4ab65d4655be74ceb?variation=6965fbb23bc66f000b5a9479,https://img.shoplineapp.com/media/image_clips/69898f2711dc855dcb8f9fdb/original.jpg?1770622759=&owner_id=627e1d404e691000311b0a4f,1680 TWD,in stock,new
6965fbb4ab65d4655be74ceb:6965fbb23bc66f000b5a947a,NEUTRAL X MrsBanana 香蕉太太聯名雙釦烤色減壓拖鞋 灰(35-44),NEUTRAL X MrsBanana 香蕉太太聯名雙釦烤色減壓拖鞋 灰(35-44),https://www.fmshoes.com.tw/products/6965fbb4ab65d4655be74ceb?variation=6965fbb23bc66f000b5a947a,https://img.shoplineapp.com/media/image_clips/69898f2711dc855dcb8f9fdb/original.jpg?1770622759=&owner_id=627e1d404e691000311b0a4f,1680 TWD,in stock,new
6965fbb4ab65d4655be74ceb:6965fbb23bc66f000b5a947b,NEUTRAL X MrsBanana 香蕉太太聯名雙釦烤色減壓拖鞋 灰(35-44),NEUTRAL X MrsBanana 香蕉太太聯名雙釦烤色減壓拖鞋 灰(35-44),https://www.fmshoes.com.tw/products/6965fbb4ab65d4655be74ceb?variation=6965fbb23bc66f000b5a947b,https://img.shoplineapp.com/media/image_clips/69898f2711dc855dcb8f9fdb/original.jpg?1770622759=&owner_id=627e1d404e691000311b0a4f,1680 TWD,in stock,new
6965fbb4ab65d4655be74ceb:6965fbb23bc66f000b5a947c,NEUTRAL X MrsBanana 香蕉太太聯名雙釦烤色減壓拖鞋 灰(35-44),NEUTRAL X MrsBanana 香蕉太太聯名雙釦烤色減壓拖鞋 灰(35-44),https://www.fmshoes.com.tw/products/6965fbb4ab65d4655be74ceb?variation=6965fbb23bc66f000b5a947c,https://img.shoplineapp.com/media/image_clips/69898f2711dc855dcb8f9fdb/original.jpg?1770622759=&owner_id=627e1d404e691000311b0a4f,1680 TWD,in stock,new
6965fbb4ab65d4655be74ceb:6965fbb23bc66f000b5a947d,NEUTRAL X MrsBanana 香蕉太太聯名雙釦烤色減壓拖鞋 灰(35-44),NEUTRAL X MrsBanana 香蕉太太聯名雙釦烤色減壓拖鞋 灰(35-44),https://www.fmshoes.com.tw/products/6965fbb4ab65d4655be74ceb?variation=6965fbb23bc66f000b5a947d,https://img.shoplineapp.com/media/image_clips/69898f2711dc855dcb8f9fdb/original.jpg?1770622759=&owner_id=627e1d404e691000311b0a4f,1680 TWD,in stock,new
6965fbb4ab65d4655be74ceb:6965fbb23bc66f000b5a947e,NEUTRAL X MrsBanana 香蕉太太聯名雙釦烤色減壓拖鞋 灰(35-44),NEUTRAL X MrsBanana 香蕉太太聯名雙釦烤色減壓拖鞋 灰(35-44),https://www.fmshoes.com.tw/products/6965fbb4ab65d4655be74ceb?variation=6965fbb23bc66f000b5a947e,https://img.shoplineapp.com/media/image_clips/69898f2711dc855dcb8f9fdb/original.jpg?1770622759=&owner_id=627e1d404e691000311b0a4f,1680 TWD,in stock,new
6965fc43909be8206cc76c86:6965fc41d727281e4657894d,NEUTRAL X MrsBanana 香蕉太太聯名雙釦烤色減壓拖鞋 黑(35-44),NEUTRAL X MrsBanana 香蕉太太聯名雙釦烤色減壓拖鞋 黑(35-44),https://www.fmshoes.com.tw/products/6965fc43909be8206cc76c86?variation=6965fc41d727281e4657894d,https://img.shoplineapp.com/media/image_clips/69898f924dc82037f8c0d7fd/original.jpg?1770622866=&owner_id=627e1d404e691000311b0a4f,1680 TWD,in stock,new
6965fc43909be8206cc76c86:6965fc41d727281e4657894e,NEUTRAL X MrsBanana 香蕉太太聯名雙釦烤色減壓拖鞋 黑(35-44),NEUTRAL X MrsBanana 香蕉太太聯名雙釦烤色減壓拖鞋 黑(35-44),https://www.fmshoes.com.tw/products/6965fc43909be8206cc76c86?variation=6965fc41d727281e4657894e,https://img.shoplineapp.com/media/image_clips/69898f924dc82037f8c0d7fd/original.jpg?1770622866=&owner_id=627e1d404e691000311b0a4f,1680 TWD,in stock,new
6965fc43909be8206cc76c86:6965fc41d727281e4657894f,NEUTRAL X MrsBanana 香蕉太太聯名雙釦烤色減壓拖鞋 黑(35-44),NEUTRAL X MrsBanana 香蕉太太聯名雙釦烤色減壓拖鞋 黑(35-44),https://www.fmshoes.com.tw/products/6965fc43909be8206cc76c86?variation=6965fc41d727281e4657894f,https://img.shoplineapp.com/media/image_clips/69898f924dc82037f8c0d7fd/original.jpg?1770622866=&owner_id=627e1d404e691000311b0a4f,1680 TWD,in stock,new
6965fc43909be8206cc76c86:6965fc41d727281e46578950,NEUTRAL X MrsBanana 香蕉太太聯名雙釦烤色減壓拖鞋 黑(35-44),NEUTRAL X MrsBanana 香蕉太太聯名雙釦烤色減壓拖鞋 黑(35-44),https://www.fmshoes.com.tw/products/6965fc43909be8206cc76c86?variation=6965fc41d727281e46578950,https://img.shoplineapp.com/media/image_clips/69898f924dc82037f8c0d7fd/original.jpg?1770622866=&owner_id=627e1d404e691000311b0a4f,1680 TWD,in stock,new
6965fc43909be8206cc76c86:6965fc41d727281e46578951,NEUTRAL X MrsBanana 香蕉太太聯名雙釦烤色減壓拖鞋 黑(35-44),NEUTRAL X MrsBanana 香蕉太太聯名雙釦烤色減壓拖鞋 黑(35-44),https://www.fmshoes.com.tw/products/6965fc43909be8206cc76c86?variation=6965fc41d727281e46578951,https://img.shoplineapp.com/media/image_clips/69898f924dc82037f8c0d7fd/original.jpg?1770622866=&owner_id=627e1d404e691000311b0a4f,1680 TWD,in stock,new
6965fc43909be8206cc76c86:6965fc41d727281e46578952,NEUTRAL X MrsBanana 香蕉太太聯名雙釦烤色減壓拖鞋 黑(35-44),NEUTRAL X MrsBanana 香蕉太太聯名雙釦烤色減壓拖鞋 黑(35-44),https://www.fmshoes.com.tw/products/6965fc43909be8206cc76c86?variation=6965fc41d727281e46578952,https://img.shoplineapp.com/media/image_clips/69898f924dc82037f8c0d7fd/original.jpg?1770622866=&owner_id=627e1d404e691000311b0a4f,1680 TWD,in stock,new
6965fc43909be8206cc76c86:6965fc41d727281e46578953,NEUTRAL X MrsBanana 香蕉太太聯名雙釦烤色減壓拖鞋 黑(35-44),NEUTRAL X MrsBanana 香蕉太太聯名雙釦烤色減壓拖鞋 黑(35-44),https://www.fmshoes.com.tw/products/6965fc43909be8206cc76c86?variation=6965fc41d727281e46578953,https://img.shoplineapp.com/media/image_clips/69898f924dc82037f8c0d7fd/original.jpg?1770622866=&owner_id=627e1d404e691000311b0a4f,1680 TWD,in stock,new
6965fefab1426c8d712225ff:6965fef7c43b4e00167ac421,NEUTRAL 經典學院風MIT德訓鞋 白(36-41),NEUTRAL 防潑水厚底小白鞋，經典的米白款式。選用防潑水超纖面料，搭配柔軟Q感厚底設計，既時尚又舒適，為您的步伐注入時尚與實用。,https://www.fmshoes.com.tw/products/6965fefab1426c8d712225ff?variation=6965fef7c43b4e00167ac421,https://img.shoplineapp.com/media/image_clips/698d1fae20a9a7932f08bc67/original.jpg?1770856366=&owner_id=627e1d404e691000311b0a4f,1480 TWD,in stock,new
6965fefab1426c8d712225ff:6965fef7c43b4e00167ac422,NEUTRAL 經典學院風MIT德訓鞋 白(36-41),NEUTRAL 防潑水厚底小白鞋，經典的米白款式。選用防潑水超纖面料，搭配柔軟Q感厚底設計，既時尚又舒適，為您的步伐注入時尚與實用。,https://www.fmshoes.com.tw/products/6965fefab1426c8d712225ff?variation=6965fef7c43b4e00167ac422,https://img.shoplineapp.com/media/image_clips/698d1fae20a9a7932f08bc67/original.jpg?1770856366=&owner_id=627e1d404e691000311b0a4f,1480 TWD,in stock,new
6965fefab1426c8d712225ff:6965fef7c43b4e00167ac423,NEUTRAL 經典學院風MIT德訓鞋 白(36-41),NEUTRAL 防潑水厚底小白鞋，經典的米白款式。選用防潑水超纖面料，搭配柔軟Q感厚底設計，既時尚又舒適，為您的步伐注入時尚與實用。,https://www.fmshoes.com.tw/products/6965fefab1426c8d712225ff?variation=6965fef7c43b4e00167ac423,https://img.shoplineapp.com/media/image_clips/698d1fae20a9a7932f08bc67/original.jpg?1770856366=&owner_id=627e1d404e691000311b0a4f,1480 TWD,in stock,new
6965fefab1426c8d712225ff:6965fef7c43b4e00167ac424,NEUTRAL 經典學院風MIT德訓鞋 白(36-41),NEUTRAL 防潑水厚底小白鞋，經典的米白款式。選用防潑水超纖面料，搭配柔軟Q感厚底設計，既時尚又舒適，為您的步伐注入時尚與實用。,https://www.fmshoes.com.tw/products/6965fefab1426c8d712225ff?variation=6965fef7c43b4e00167ac424,https://img.shoplineapp.com/media/image_clips/698d1fae20a9a7932f08bc67/original.jpg?1770856366=&owner_id=627e1d404e691000311b0a4f,1480 TWD,in stock,new
6965fefab1426c8d712225ff:6965fef7c43b4e00167ac425,NEUTRAL 經典學院風MIT德訓鞋 白(36-41),NEUTRAL 防潑水厚底小白鞋，經典的米白款式。選用防潑水超纖面料，搭配柔軟Q感厚底設計，既時尚又舒適，為您的步伐注入時尚與實用。,https://www.fmshoes.com.tw/products/6965fefab1426c8d712225ff?variation=6965fef7c43b4e00167ac425,https://img.shoplineapp.com/media/image_clips/698d1fae20a9a7932f08bc67/original.jpg?1770856366=&owner_id=627e1d404e691000311b0a4f,1480 TWD,in stock,new
6965fefab1426c8d712225ff:6965fef7c43b4e00167ac426,NEUTRAL 經典學院風MIT德訓鞋 白(36-41),NEUTRAL 防潑水厚底小白鞋，經典的米白款式。選用防潑水超纖面料，搭配柔軟Q感厚底設計，既時尚又舒適，為您的步伐注入時尚與實用。,https://www.fmshoes.com.tw/products/6965fefab1426c8d712225ff?variation=6965fef7c43b4e00167ac426,https://img.shoplineapp.com/media/image_clips/698d1fae20a9a7932f08bc67/original.jpg?1770856366=&owner_id=627e1d404e691000311b0a4f,1480 TWD,in stock,new
69660374d4c42017c96c88df:696603715746d40010f8ba3a,NEUTRAL 經典學院風MIT德訓鞋 卡其(36-41),NEUTRAL 防潑水厚底小白鞋，經典的米白款式。選用防潑水超纖面料，搭配柔軟Q感厚底設計，既時尚又舒適，為您的步伐注入時尚與實用。,https://www.fmshoes.com.tw/products/69660374d4c42017c96c88df?variation=696603715746d40010f8ba3a,https://img.shoplineapp.com/media/image_clips/698d1f738e2d63b8137b1556/original.jpg?1770856307=&owner_id=627e1d404e691000311b0a4f,1480 TWD,in stock,new
69660374d4c42017c96c88df:696603715746d40010f8ba3b,NEUTRAL 經典學院風MIT德訓鞋 卡其(36-41),NEUTRAL 防潑水厚底小白鞋，經典的米白款式。選用防潑水超纖面料，搭配柔軟Q感厚底設計，既時尚又舒適，為您的步伐注入時尚與實用。,https://www.fmshoes.com.tw/products/69660374d4c42017c96c88df?variation=696603715746d40010f8ba3b,https://img.shoplineapp.com/media/image_clips/698d1f738e2d63b8137b1556/original.jpg?1770856307=&owner_id=627e1d404e691000311b0a4f,1480 TWD,in stock,new
69660374d4c42017c96c88df:696603715746d40010f8ba3c,NEUTRAL 經典學院風MIT德訓鞋 卡其(36-41),NEUTRAL 防潑水厚底小白鞋，經典的米白款式。選用防潑水超纖面料，搭配柔軟Q感厚底設計，既時尚又舒適，為您的步伐注入時尚與實用。,https://www.fmshoes.com.tw/products/69660374d4c42017c96c88df?variation=696603715746d40010f8ba3c,https://img.shoplineapp.com/media/image_clips/698d1f738e2d63b8137b1556/original.jpg?1770856307=&owner_id=627e1d404e691000311b0a4f,1480 TWD,in stock,new
69660374d4c42017c96c88df:696603715746d40010f8ba3e,NEUTRAL 經典學院風MIT德訓鞋 卡其(36-41),NEUTRAL 防潑水厚底小白鞋，經典的米白款式。選用防潑水超纖面料，搭配柔軟Q感厚底設計，既時尚又舒適，為您的步伐注入時尚與實用。,https://www.fmshoes.com.tw/products/69660374d4c42017c96c88df?variation=696603715746d40010f8ba3e,https://img.shoplineapp.com/media/image_clips/698d1f738e2d63b8137b1556/original.jpg?1770856307=&owner_id=627e1d404e691000311b0a4f,1480 TWD,in stock,new
69660374d4c42017c96c88df:696603715746d40010f8ba3f,NEUTRAL 經典學院風MIT德訓鞋 卡其(36-41),NEUTRAL 防潑水厚底小白鞋，經典的米白款式。選用防潑水超纖面料，搭配柔軟Q感厚底設計，既時尚又舒適，為您的步伐注入時尚與實用。,https://www.fmshoes.com.tw/products/69660374d4c42017c96c88df?variation=696603715746d40010f8ba3f,https://img.shoplineapp.com/media/image_clips/698d1f738e2d63b8137b1556/original.jpg?1770856307=&owner_id=627e1d404e691000311b0a4f,1480 TWD,in stock,new
6966045c11f33b265698bbd3:6966045a11753500165f9f72,NEUTRAL 經典學院風MIT德訓鞋 全黑(36-41),NEUTRAL 防潑水厚底小白鞋，經典的米白款式。選用防潑水超纖面料，搭配柔軟Q感厚底設計，既時尚又舒適，為您的步伐注入時尚與實用。,https://www.fmshoes.com.tw/products/6966045c11f33b265698bbd3?variation=6966045a11753500165f9f72,https://img.shoplineapp.com/media/image_clips/698d1fd55d78ca963fbee553/original.jpg?1770856405=&owner_id=627e1d404e691000311b0a4f,1480 TWD,in stock,new
6966045c11f33b265698bbd3:6966045a11753500165f9f73,NEUTRAL 經典學院風MIT德訓鞋 全黑(36-41),NEUTRAL 防潑水厚底小白鞋，經典的米白款式。選用防潑水超纖面料，搭配柔軟Q感厚底設計，既時尚又舒適，為您的步伐注入時尚與實用。,https://www.fmshoes.com.tw/products/6966045c11f33b265698bbd3?variation=6966045a11753500165f9f73,https://img.shoplineapp.com/media/image_clips/698d1fd55d78ca963fbee553/original.jpg?1770856405=&owner_id=627e1d404e691000311b0a4f,1480 TWD,in stock,new
6966045c11f33b265698bbd3:6966045a11753500165f9f74,NEUTRAL 經典學院風MIT德訓鞋 全黑(36-41),NEUTRAL 防潑水厚底小白鞋，經典的米白款式。選用防潑水超纖面料，搭配柔軟Q感厚底設計，既時尚又舒適，為您的步伐注入時尚與實用。,https://www.fmshoes.com.tw/products/6966045c11f33b265698bbd3?variation=6966045a11753500165f9f74,https://img.shoplineapp.com/media/image_clips/698d1fd55d78ca963fbee553/original.jpg?1770856405=&owner_id=627e1d404e691000311b0a4f,1480 TWD,in stock,new
6966045c11f33b265698bbd3:6966045a11753500165f9f76,NEUTRAL 經典學院風MIT德訓鞋 全黑(36-41),NEUTRAL 防潑水厚底小白鞋，經典的米白款式。選用防潑水超纖面料，搭配柔軟Q感厚底設計，既時尚又舒適，為您的步伐注入時尚與實用。,https://www.fmshoes.com.tw/products/6966045c11f33b265698bbd3?variation=6966045a11753500165f9f76,https://img.shoplineapp.com/media/image_clips/698d1fd55d78ca963fbee553/original.jpg?1770856405=&owner_id=627e1d404e691000311b0a4f,1480 TWD,in stock,new
6966045c11f33b265698bbd3:6966045a11753500165f9f77,NEUTRAL 經典學院風MIT德訓鞋 全黑(36-41),NEUTRAL 防潑水厚底小白鞋，經典的米白款式。選用防潑水超纖面料，搭配柔軟Q感厚底設計，既時尚又舒適，為您的步伐注入時尚與實用。,https://www.fmshoes.com.tw/products/6966045c11f33b265698bbd3?variation=6966045a11753500165f9f77,https://img.shoplineapp.com/media/image_clips/698d1fd55d78ca963fbee553/original.jpg?1770856405=&owner_id=627e1d404e691000311b0a4f,1480 TWD,in stock,new
69673fc511d681998c7bba4d:69673fc3cb47c5001418442f,FM SHOES 全真皮足弓減壓瑪莉珍饅頭鞋 卡其(36-40),FM SHOES 全真皮足弓減壓瑪莉珍饅頭鞋 卡其(36-40),https://www.fmshoes.com.tw/products/69673fc511d681998c7bba4d?variation=69673fc3cb47c5001418442f,https://img.shoplineapp.com/media/image_clips/6968ade21e3306bf09994ec4/original.jpg?1768467937=&owner_id=627e1d404e691000311b0a4f,1980 TWD,in stock,new
69673fc511d681998c7bba4d:69673fc3cb47c50014184430,FM SHOES 全真皮足弓減壓瑪莉珍饅頭鞋 卡其(36-40),FM SHOES 全真皮足弓減壓瑪莉珍饅頭鞋 卡其(36-40),https://www.fmshoes.com.tw/products/69673fc511d681998c7bba4d?variation=69673fc3cb47c50014184430,https://img.shoplineapp.com/media/image_clips/6968ade21e3306bf09994ec4/original.jpg?1768467937=&owner_id=627e1d404e691000311b0a4f,1980 TWD,in stock,new
69673fc511d681998c7bba4d:69673fc3cb47c50014184431,FM SHOES 全真皮足弓減壓瑪莉珍饅頭鞋 卡其(36-40),FM SHOES 全真皮足弓減壓瑪莉珍饅頭鞋 卡其(36-40),https://www.fmshoes.com.tw/products/69673fc511d681998c7bba4d?variation=69673fc3cb47c50014184431,https://img.shoplineapp.com/media/image_clips/6968ade21e3306bf09994ec4/original.jpg?1768467937=&owner_id=627e1d404e691000311b0a4f,1980 TWD,in stock,new
69673fc511d681998c7bba4d:69673fc3cb47c50014184432,FM SHOES 全真皮足弓減壓瑪莉珍饅頭鞋 卡其(36-40),FM SHOES 全真皮足弓減壓瑪莉珍饅頭鞋 卡其(36-40),https://www.fmshoes.com.tw/products/69673fc511d681998c7bba4d?variation=69673fc3cb47c50014184432,https://img.shoplineapp.com/media/image_clips/6968ade21e3306bf09994ec4/original.jpg?1768467937=&owner_id=627e1d404e691000311b0a4f,1980 TWD,in stock,new
69673fc511d681998c7bba4d:69673fc3cb47c50014184433,FM SHOES 全真皮足弓減壓瑪莉珍饅頭鞋 卡其(36-40),FM SHOES 全真皮足弓減壓瑪莉珍饅頭鞋 卡其(36-40),https://www.fmshoes.com.tw/products/69673fc511d681998c7bba4d?variation=69673fc3cb47c50014184433,https://img.shoplineapp.com/media/image_clips/6968ade21e3306bf09994ec4/original.jpg?1768467937=&owner_id=627e1d404e691000311b0a4f,1980 TWD,in stock,new
6967402b11d681aa7d7bb7df:69674029e4d64f0014b1c7ee,FM SHOES 全真皮足弓減壓瑪莉珍饅頭鞋 淺灰(36-40),FM SHOES 全真皮足弓減壓瑪莉珍饅頭鞋 淺灰(36-40),https://www.fmshoes.com.tw/products/6967402b11d681aa7d7bb7df?variation=69674029e4d64f0014b1c7ee,https://img.shoplineapp.com/media/image_clips/6968ae3926a63d1f01442649/original.jpg?1768468025=&owner_id=627e1d404e691000311b0a4f,1980 TWD,in stock,new
6967402b11d681aa7d7bb7df:69674029e4d64f0014b1c7ef,FM SHOES 全真皮足弓減壓瑪莉珍饅頭鞋 淺灰(36-40),FM SHOES 全真皮足弓減壓瑪莉珍饅頭鞋 淺灰(36-40),https://www.fmshoes.com.tw/products/6967402b11d681aa7d7bb7df?variation=69674029e4d64f0014b1c7ef,https://img.shoplineapp.com/media/image_clips/6968ae3926a63d1f01442649/original.jpg?1768468025=&owner_id=627e1d404e691000311b0a4f,1980 TWD,in stock,new
6967402b11d681aa7d7bb7df:69674029e4d64f0014b1c7f0,FM SHOES 全真皮足弓減壓瑪莉珍饅頭鞋 淺灰(36-40),FM SHOES 全真皮足弓減壓瑪莉珍饅頭鞋 淺灰(36-40),https://www.fmshoes.com.tw/products/6967402b11d681aa7d7bb7df?variation=69674029e4d64f0014b1c7f0,https://img.shoplineapp.com/media/image_clips/6968ae3926a63d1f01442649/original.jpg?1768468025=&owner_id=627e1d404e691000311b0a4f,1980 TWD,in stock,new
6967402b11d681aa7d7bb7df:69674029e4d64f0014b1c7f1,FM SHOES 全真皮足弓減壓瑪莉珍饅頭鞋 淺灰(36-40),FM SHOES 全真皮足弓減壓瑪莉珍饅頭鞋 淺灰(36-40),https://www.fmshoes.com.tw/products/6967402b11d681aa7d7bb7df?variation=69674029e4d64f0014b1c7f1,https://img.shoplineapp.com/media/image_clips/6968ae3926a63d1f01442649/original.jpg?1768468025=&owner_id=627e1d404e691000311b0a4f,1980 TWD,in stock,new
6967402b11d681aa7d7bb7df:69674029e4d64f0014b1c7f2,FM SHOES 全真皮足弓減壓瑪莉珍饅頭鞋 淺灰(36-40),FM SHOES 全真皮足弓減壓瑪莉珍饅頭鞋 淺灰(36-40),https://www.fmshoes.com.tw/products/6967402b11d681aa7d7bb7df?variation=69674029e4d64f0014b1c7f2,https://img.shoplineapp.com/media/image_clips/6968ae3926a63d1f01442649/original.jpg?1768468025=&owner_id=627e1d404e691000311b0a4f,1980 TWD,in stock,new
69674092ede30558de3076a4:69674090c26ed30d9b2ef0f2,FM SHOES 全真皮足弓減壓瑪莉珍饅頭鞋 紫紅(36-40),FM SHOES 全真皮足弓減壓瑪莉珍饅頭鞋 紫紅(36-40),https://www.fmshoes.com.tw/products/69674092ede30558de3076a4?variation=69674090c26ed30d9b2ef0f2,https://img.shoplineapp.com/media/image_clips/6968ae7f681a908c6f7f5d30/original.jpg?1768468095=&owner_id=627e1d404e691000311b0a4f,1980 TWD,in stock,new
69674092ede30558de3076a4:69674090c26ed30d9b2ef0f3,FM SHOES 全真皮足弓減壓瑪莉珍饅頭鞋 紫紅(36-40),FM SHOES 全真皮足弓減壓瑪莉珍饅頭鞋 紫紅(36-40),https://www.fmshoes.com.tw/products/69674092ede30558de3076a4?variation=69674090c26ed30d9b2ef0f3,https://img.shoplineapp.com/media/image_clips/6968ae7f681a908c6f7f5d30/original.jpg?1768468095=&owner_id=627e1d404e691000311b0a4f,1980 TWD,in stock,new
69674092ede30558de3076a4:69674090c26ed30d9b2ef0f4,FM SHOES 全真皮足弓減壓瑪莉珍饅頭鞋 紫紅(36-40),FM SHOES 全真皮足弓減壓瑪莉珍饅頭鞋 紫紅(36-40),https://www.fmshoes.com.tw/products/69674092ede30558de3076a4?variation=69674090c26ed30d9b2ef0f4,https://img.shoplineapp.com/media/image_clips/6968ae7f681a908c6f7f5d30/original.jpg?1768468095=&owner_id=627e1d404e691000311b0a4f,1980 TWD,in stock,new
69674092ede30558de3076a4:69674090c26ed30d9b2ef0f5,FM SHOES 全真皮足弓減壓瑪莉珍饅頭鞋 紫紅(36-40),FM SHOES 全真皮足弓減壓瑪莉珍饅頭鞋 紫紅(36-40),https://www.fmshoes.com.tw/products/69674092ede30558de3076a4?variation=69674090c26ed30d9b2ef0f5,https://img.shoplineapp.com/media/image_clips/6968ae7f681a908c6f7f5d30/original.jpg?1768468095=&owner_id=627e1d404e691000311b0a4f,1980 TWD,in stock,new
69674092ede30558de3076a4:69674090c26ed30d9b2ef0f6,FM SHOES 全真皮足弓減壓瑪莉珍饅頭鞋 紫紅(36-40),FM SHOES 全真皮足弓減壓瑪莉珍饅頭鞋 紫紅(36-40),https://www.fmshoes.com.tw/products/69674092ede30558de3076a4?variation=69674090c26ed30d9b2ef0f6,https://img.shoplineapp.com/media/image_clips/6968ae7f681a908c6f7f5d30/original.jpg?1768468095=&owner_id=627e1d404e691000311b0a4f,1980 TWD,in stock,new
696740f8fb0105b9f38eac07:696740f652bf42192118cdd9,FM SHOES 全真皮足弓減壓瑪莉珍饅頭鞋 深咖(36-40),FM SHOES 全真皮足弓減壓瑪莉珍饅頭鞋 深咖(36-40),https://www.fmshoes.com.tw/products/696740f8fb0105b9f38eac07?variation=696740f652bf42192118cdd9,https://img.shoplineapp.com/media/image_clips/6968aec6f896057b06c959ff/original.jpg?1768468166=&owner_id=627e1d404e691000311b0a4f,1980 TWD,in stock,new
696740f8fb0105b9f38eac07:696740f652bf42192118cdda,FM SHOES 全真皮足弓減壓瑪莉珍饅頭鞋 深咖(36-40),FM SHOES 全真皮足弓減壓瑪莉珍饅頭鞋 深咖(36-40),https://www.fmshoes.com.tw/products/696740f8fb0105b9f38eac07?variation=696740f652bf42192118cdda,https://img.shoplineapp.com/media/image_clips/6968aec6f896057b06c959ff/original.jpg?1768468166=&owner_id=627e1d404e691000311b0a4f,1980 TWD,in stock,new
696740f8fb0105b9f38eac07:696740f652bf42192118cddb,FM SHOES 全真皮足弓減壓瑪莉珍饅頭鞋 深咖(36-40),FM SHOES 全真皮足弓減壓瑪莉珍饅頭鞋 深咖(36-40),https://www.fmshoes.com.tw/products/696740f8fb0105b9f38eac07?variation=696740f652bf42192118cddb,https://img.shoplineapp.com/media/image_clips/6968aec6f896057b06c959ff/original.jpg?1768468166=&owner_id=627e1d404e691000311b0a4f,1980 TWD,in stock,new
696740f8fb0105b9f38eac07:696740f652bf42192118cddc,FM SHOES 全真皮足弓減壓瑪莉珍饅頭鞋 深咖(36-40),FM SHOES 全真皮足弓減壓瑪莉珍饅頭鞋 深咖(36-40),https://www.fmshoes.com.tw/products/696740f8fb0105b9f38eac07?variation=696740f652bf42192118cddc,https://img.shoplineapp.com/media/image_clips/6968aec6f896057b06c959ff/original.jpg?1768468166=&owner_id=627e1d404e691000311b0a4f,1980 TWD,in stock,new
696740f8fb0105b9f38eac07:696740f652bf42192118cddd,FM SHOES 全真皮足弓減壓瑪莉珍饅頭鞋 深咖(36-40),FM SHOES 全真皮足弓減壓瑪莉珍饅頭鞋 深咖(36-40),https://www.fmshoes.com.tw/products/696740f8fb0105b9f38eac07?variation=696740f652bf42192118cddd,https://img.shoplineapp.com/media/image_clips/6968aec6f896057b06c959ff/original.jpg?1768468166=&owner_id=627e1d404e691000311b0a4f,1980 TWD,in stock,new
69684591e520a40014c6b5c1:6968458ff08e28000d00866f,FM SHOES 馬銜扣輕量厚底軟Q樂福鞋 黑(37-41),,https://www.fmshoes.com.tw/products/69684591e520a40014c6b5c1?variation=6968458ff08e28000d00866f,https://img.shoplineapp.com/media/image_clips/698991477cca442b8ca4e625/original.jpg?1770623303=&owner_id=627e1d404e691000311b0a4f,1680 TWD,in stock,new
69684591e520a40014c6b5c1:6968458ff08e28000d008670,FM SHOES 馬銜扣輕量厚底軟Q樂福鞋 黑(37-41),,https://www.fmshoes.com.tw/products/69684591e520a40014c6b5c1?variation=6968458ff08e28000d008670,https://img.shoplineapp.com/media/image_clips/698991477cca442b8ca4e625/original.jpg?1770623303=&owner_id=627e1d404e691000311b0a4f,1680 TWD,in stock,new
69684591e520a40014c6b5c1:6968458ff08e28000d008671,FM SHOES 馬銜扣輕量厚底軟Q樂福鞋 黑(37-41),,https://www.fmshoes.com.tw/products/69684591e520a40014c6b5c1?variation=6968458ff08e28000d008671,https://img.shoplineapp.com/media/image_clips/698991477cca442b8ca4e625/original.jpg?1770623303=&owner_id=627e1d404e691000311b0a4f,1680 TWD,in stock,new
69684591e520a40014c6b5c1:6968458ff08e28000d008672,FM SHOES 馬銜扣輕量厚底軟Q樂福鞋 黑(37-41),,https://www.fmshoes.com.tw/products/69684591e520a40014c6b5c1?variation=6968458ff08e28000d008672,https://img.shoplineapp.com/media/image_clips/698991477cca442b8ca4e625/original.jpg?1770623303=&owner_id=627e1d404e691000311b0a4f,1680 TWD,in stock,new
696847f7ee6c0cafc208bc24:696847f450b45100123adba7,FM SHOES 馬銜扣輕量厚底軟Q樂福鞋 米白(37-41),,https://www.fmshoes.com.tw/products/696847f7ee6c0cafc208bc24?variation=696847f450b45100123adba7,https://img.shoplineapp.com/media/image_clips/698991faea83aa8e5ade15eb/original.jpg?1770623481=&owner_id=627e1d404e691000311b0a4f,1680 TWD,in stock,new
696847f7ee6c0cafc208bc24:696847f450b45100123adba8,FM SHOES 馬銜扣輕量厚底軟Q樂福鞋 米白(37-41),,https://www.fmshoes.com.tw/products/696847f7ee6c0cafc208bc24?variation=696847f450b45100123adba8,https://img.shoplineapp.com/media/image_clips/698991faea83aa8e5ade15eb/original.jpg?1770623481=&owner_id=627e1d404e691000311b0a4f,1680 TWD,in stock,new
696847f7ee6c0cafc208bc24:696847f450b45100123adba9,FM SHOES 馬銜扣輕量厚底軟Q樂福鞋 米白(37-41),,https://www.fmshoes.com.tw/products/696847f7ee6c0cafc208bc24?variation=696847f450b45100123adba9,https://img.shoplineapp.com/media/image_clips/698991faea83aa8e5ade15eb/original.jpg?1770623481=&owner_id=627e1d404e691000311b0a4f,1680 TWD,in stock,new
696847f7ee6c0cafc208bc24:696847f450b45100123adbaa,FM SHOES 馬銜扣輕量厚底軟Q樂福鞋 米白(37-41),,https://www.fmshoes.com.tw/products/696847f7ee6c0cafc208bc24?variation=696847f450b45100123adbaa,https://img.shoplineapp.com/media/image_clips/698991faea83aa8e5ade15eb/original.jpg?1770623481=&owner_id=627e1d404e691000311b0a4f,1680 TWD,in stock,new
696847f7ee6c0cafc208bc24:696847f450b45100123adbab,FM SHOES 馬銜扣輕量厚底軟Q樂福鞋 米白(37-41),,https://www.fmshoes.com.tw/products/696847f7ee6c0cafc208bc24?variation=696847f450b45100123adbab,https://img.shoplineapp.com/media/image_clips/698991faea83aa8e5ade15eb/original.jpg?1770623481=&owner_id=627e1d404e691000311b0a4f,1680 TWD,in stock,new
696848b301ee36fdca6549d1:696848b050b45100173adb95,FM SHOES 綁帶輕量厚底學院風樂福鞋 黑(37-41),,https://www.fmshoes.com.tw/products/696848b301ee36fdca6549d1?variation=696848b050b45100173adb95,https://img.shoplineapp.com/media/image_clips/698992584dc8203fd7c0d7f8/original.jpg?1770623576=&owner_id=627e1d404e691000311b0a4f,1680 TWD,in stock,new
696848b301ee36fdca6549d1:696848b050b45100173adb96,FM SHOES 綁帶輕量厚底學院風樂福鞋 黑(37-41),,https://www.fmshoes.com.tw/products/696848b301ee36fdca6549d1?variation=696848b050b45100173adb96,https://img.shoplineapp.com/media/image_clips/698992584dc8203fd7c0d7f8/original.jpg?1770623576=&owner_id=627e1d404e691000311b0a4f,1680 TWD,in stock,new
696848b301ee36fdca6549d1:696848b050b45100173adb97,FM SHOES 綁帶輕量厚底學院風樂福鞋 黑(37-41),,https://www.fmshoes.com.tw/products/696848b301ee36fdca6549d1?variation=696848b050b45100173adb97,https://img.shoplineapp.com/media/image_clips/698992584dc8203fd7c0d7f8/original.jpg?1770623576=&owner_id=627e1d404e691000311b0a4f,1680 TWD,in stock,new
696848b301ee36fdca6549d1:696848b050b45100173adb98,FM SHOES 綁帶輕量厚底學院風樂福鞋 黑(37-41),,https://www.fmshoes.com.tw/products/696848b301ee36fdca6549d1?variation=696848b050b45100173adb98,https://img.shoplineapp.com/media/image_clips/698992584dc8203fd7c0d7f8/original.jpg?1770623576=&owner_id=627e1d404e691000311b0a4f,1680 TWD,in stock,new
696849277d529b2aeca8ddea:69684924eda8a9000afc76a9,FM SHOES 綁帶輕量厚底學院風樂福鞋 米白(37-41),,https://www.fmshoes.com.tw/products/696849277d529b2aeca8ddea?variation=69684924eda8a9000afc76a9,https://img.shoplineapp.com/media/image_clips/698992c9c8ce405a84a81729/original.jpg?1770623689=&owner_id=627e1d404e691000311b0a4f,1680 TWD,in stock,new
696849277d529b2aeca8ddea:69684924eda8a9000afc76aa,FM SHOES 綁帶輕量厚底學院風樂福鞋 米白(37-41),,https://www.fmshoes.com.tw/products/696849277d529b2aeca8ddea?variation=69684924eda8a9000afc76aa,https://img.shoplineapp.com/media/image_clips/698992c9c8ce405a84a81729/original.jpg?1770623689=&owner_id=627e1d404e691000311b0a4f,1680 TWD,in stock,new
696849277d529b2aeca8ddea:69684924eda8a9000afc76ab,FM SHOES 綁帶輕量厚底學院風樂福鞋 米白(37-41),,https://www.fmshoes.com.tw/products/696849277d529b2aeca8ddea?variation=69684924eda8a9000afc76ab,https://img.shoplineapp.com/media/image_clips/698992c9c8ce405a84a81729/original.jpg?1770623689=&owner_id=627e1d404e691000311b0a4f,1680 TWD,in stock,new
696849277d529b2aeca8ddea:69684924eda8a9000afc76ac,FM SHOES 綁帶輕量厚底學院風樂福鞋 米白(37-41),,https://www.fmshoes.com.tw/products/696849277d529b2aeca8ddea?variation=69684924eda8a9000afc76ac,https://img.shoplineapp.com/media/image_clips/698992c9c8ce405a84a81729/original.jpg?1770623689=&owner_id=627e1d404e691000311b0a4f,1680 TWD,in stock,new
6968949e26a63d8232442b41:6968949b67ff29001687dd03,NEUTRAL 三效防護秒穿機能鞋 黑（防水 耐油 止滑）(36-45),NEUTRAL 三效防護秒穿機能鞋 黑（防水 耐油 止滑）(36-45),https://www.fmshoes.com.tw/products/6968949e26a63d8232442b41?variation=6968949b67ff29001687dd03,https://img.shoplineapp.com/media/image_clips/6a1fe3563ba6b4f18134cc55/original.jpg?1780474710=&owner_id=627e1d404e691000311b0a4f,2480 TWD,in stock,new
6968949e26a63d8232442b41:6968949b67ff29001687dd05,NEUTRAL 三效防護秒穿機能鞋 黑（防水 耐油 止滑）(36-45),NEUTRAL 三效防護秒穿機能鞋 黑（防水 耐油 止滑）(36-45),https://www.fmshoes.com.tw/products/6968949e26a63d8232442b41?variation=6968949b67ff29001687dd05,https://img.shoplineapp.com/media/image_clips/6a1fe3563ba6b4f18134cc55/original.jpg?1780474710=&owner_id=627e1d404e691000311b0a4f,2480 TWD,in stock,new
6968949e26a63d8232442b41:6968949b67ff29001687dd06,NEUTRAL 三效防護秒穿機能鞋 黑（防水 耐油 止滑）(36-45),NEUTRAL 三效防護秒穿機能鞋 黑（防水 耐油 止滑）(36-45),https://www.fmshoes.com.tw/products/6968949e26a63d8232442b41?variation=6968949b67ff29001687dd06,https://img.shoplineapp.com/media/image_clips/6a1fe3563ba6b4f18134cc55/original.jpg?1780474710=&owner_id=627e1d404e691000311b0a4f,2480 TWD,in stock,new
696895a34410227bcfec20f6:696895a103025e000aabdfea,NEUTRAL 三效防護秒穿機能鞋 白紫（防水  耐油  止滑）(36-42),NEUTRAL 三效防護秒穿機能鞋 白紫（防水  耐油  止滑）(36-42),https://www.fmshoes.com.tw/products/696895a34410227bcfec20f6?variation=696895a103025e000aabdfea,https://img.shoplineapp.com/media/image_clips/6a1fe6a279c8ebf98a0eb03b/original.jpg?1780475554=&owner_id=627e1d404e691000311b0a4f,2480 TWD,in stock,new
696895a34410227bcfec20f6:696895a103025e000aabdfeb,NEUTRAL 三效防護秒穿機能鞋 白紫（防水  耐油  止滑）(36-42),NEUTRAL 三效防護秒穿機能鞋 白紫（防水  耐油  止滑）(36-42),https://www.fmshoes.com.tw/products/696895a34410227bcfec20f6?variation=696895a103025e000aabdfeb,https://img.shoplineapp.com/media/image_clips/6a1fe6a279c8ebf98a0eb03b/original.jpg?1780475554=&owner_id=627e1d404e691000311b0a4f,2480 TWD,in stock,new
696895a34410227bcfec20f6:696895a103025e000aabdfec,NEUTRAL 三效防護秒穿機能鞋 白紫（防水  耐油  止滑）(36-42),NEUTRAL 三效防護秒穿機能鞋 白紫（防水  耐油  止滑）(36-42),https://www.fmshoes.com.tw/products/696895a34410227bcfec20f6?variation=696895a103025e000aabdfec,https://img.shoplineapp.com/media/image_clips/6a1fe6a279c8ebf98a0eb03b/original.jpg?1780475554=&owner_id=627e1d404e691000311b0a4f,2480 TWD,in stock,new
696895a34410227bcfec20f6:696895a103025e000aabdfed,NEUTRAL 三效防護秒穿機能鞋 白紫（防水  耐油  止滑）(36-42),NEUTRAL 三效防護秒穿機能鞋 白紫（防水  耐油  止滑）(36-42),https://www.fmshoes.com.tw/products/696895a34410227bcfec20f6?variation=696895a103025e000aabdfed,https://img.shoplineapp.com/media/image_clips/6a1fe6a279c8ebf98a0eb03b/original.jpg?1780475554=&owner_id=627e1d404e691000311b0a4f,2480 TWD,in stock,new
696895a34410227bcfec20f6:696895a103025e000aabdfee,NEUTRAL 三效防護秒穿機能鞋 白紫（防水  耐油  止滑）(36-42),NEUTRAL 三效防護秒穿機能鞋 白紫（防水  耐油  止滑）(36-42),https://www.fmshoes.com.tw/products/696895a34410227bcfec20f6?variation=696895a103025e000aabdfee,https://img.shoplineapp.com/media/image_clips/6a1fe6a279c8ebf98a0eb03b/original.jpg?1780475554=&owner_id=627e1d404e691000311b0a4f,2480 TWD,in stock,new
696895a34410227bcfec20f6:696895a103025e000aabdfef,NEUTRAL 三效防護秒穿機能鞋 白紫（防水  耐油  止滑）(36-42),NEUTRAL 三效防護秒穿機能鞋 白紫（防水  耐油  止滑）(36-42),https://www.fmshoes.com.tw/products/696895a34410227bcfec20f6?variation=696895a103025e000aabdfef,https://img.shoplineapp.com/media/image_clips/6a1fe6a279c8ebf98a0eb03b/original.jpg?1780475554=&owner_id=627e1d404e691000311b0a4f,2480 TWD,in stock,new
6972e634de2b8509d5cd6b3e:6972e631828cd00014de558b,FM SHOES 全真皮足弓減壓麂皮半包拖饅頭鞋 卡其(36-44),FM SHOES 全真皮足弓減壓麂皮半包拖饅頭鞋 卡其(36-44),https://www.fmshoes.com.tw/products/6972e634de2b8509d5cd6b3e?variation=6972e631828cd00014de558b,https://img.shoplineapp.com/media/image_clips/698995e84304e55581dd0a41/original.jpg?1770624488=&owner_id=627e1d404e691000311b0a4f,1980 TWD,in stock,new
6972e634de2b8509d5cd6b3e:6972e631828cd00014de558c,FM SHOES 全真皮足弓減壓麂皮半包拖饅頭鞋 卡其(36-44),FM SHOES 全真皮足弓減壓麂皮半包拖饅頭鞋 卡其(36-44),https://www.fmshoes.com.tw/products/6972e634de2b8509d5cd6b3e?variation=6972e631828cd00014de558c,https://img.shoplineapp.com/media/image_clips/698995e84304e55581dd0a41/original.jpg?1770624488=&owner_id=627e1d404e691000311b0a4f,1980 TWD,in stock,new
6972e634de2b8509d5cd6b3e:6972e631828cd00014de558d,FM SHOES 全真皮足弓減壓麂皮半包拖饅頭鞋 卡其(36-44),FM SHOES 全真皮足弓減壓麂皮半包拖饅頭鞋 卡其(36-44),https://www.fmshoes.com.tw/products/6972e634de2b8509d5cd6b3e?variation=6972e631828cd00014de558d,https://img.shoplineapp.com/media/image_clips/698995e84304e55581dd0a41/original.jpg?1770624488=&owner_id=627e1d404e691000311b0a4f,1980 TWD,in stock,new
6972e634de2b8509d5cd6b3e:6972e631828cd00014de558e,FM SHOES 全真皮足弓減壓麂皮半包拖饅頭鞋 卡其(36-44),FM SHOES 全真皮足弓減壓麂皮半包拖饅頭鞋 卡其(36-44),https://www.fmshoes.com.tw/products/6972e634de2b8509d5cd6b3e?variation=6972e631828cd00014de558e,https://img.shoplineapp.com/media/image_clips/698995e84304e55581dd0a41/original.jpg?1770624488=&owner_id=627e1d404e691000311b0a4f,1980 TWD,in stock,new
6972e634de2b8509d5cd6b3e:6972e631828cd00014de558f,FM SHOES 全真皮足弓減壓麂皮半包拖饅頭鞋 卡其(36-44),FM SHOES 全真皮足弓減壓麂皮半包拖饅頭鞋 卡其(36-44),https://www.fmshoes.com.tw/products/6972e634de2b8509d5cd6b3e?variation=6972e631828cd00014de558f,https://img.shoplineapp.com/media/image_clips/698995e84304e55581dd0a41/original.jpg?1770624488=&owner_id=627e1d404e691000311b0a4f,1980 TWD,in stock,new
6972e634de2b8509d5cd6b3e:6972e631828cd00014de5590,FM SHOES 全真皮足弓減壓麂皮半包拖饅頭鞋 卡其(36-44),FM SHOES 全真皮足弓減壓麂皮半包拖饅頭鞋 卡其(36-44),https://www.fmshoes.com.tw/products/6972e634de2b8509d5cd6b3e?variation=6972e631828cd00014de5590,https://img.shoplineapp.com/media/image_clips/698995e84304e55581dd0a41/original.jpg?1770624488=&owner_id=627e1d404e691000311b0a4f,1980 TWD,in stock,new
6972e634de2b8509d5cd6b3e:6972e631828cd00014de5591,FM SHOES 全真皮足弓減壓麂皮半包拖饅頭鞋 卡其(36-44),FM SHOES 全真皮足弓減壓麂皮半包拖饅頭鞋 卡其(36-44),https://www.fmshoes.com.tw/products/6972e634de2b8509d5cd6b3e?variation=6972e631828cd00014de5591,https://img.shoplineapp.com/media/image_clips/698995e84304e55581dd0a41/original.jpg?1770624488=&owner_id=627e1d404e691000311b0a4f,1980 TWD,in stock,new
6972e634de2b8509d5cd6b3e:6972e631828cd00014de5592,FM SHOES 全真皮足弓減壓麂皮半包拖饅頭鞋 卡其(36-44),FM SHOES 全真皮足弓減壓麂皮半包拖饅頭鞋 卡其(36-44),https://www.fmshoes.com.tw/products/6972e634de2b8509d5cd6b3e?variation=6972e631828cd00014de5592,https://img.shoplineapp.com/media/image_clips/698995e84304e55581dd0a41/original.jpg?1770624488=&owner_id=627e1d404e691000311b0a4f,1980 TWD,in stock,new
6972e634de2b8509d5cd6b3e:6972e631828cd00014de5593,FM SHOES 全真皮足弓減壓麂皮半包拖饅頭鞋 卡其(36-44),FM SHOES 全真皮足弓減壓麂皮半包拖饅頭鞋 卡其(36-44),https://www.fmshoes.com.tw/products/6972e634de2b8509d5cd6b3e?variation=6972e631828cd00014de5593,https://img.shoplineapp.com/media/image_clips/698995e84304e55581dd0a41/original.jpg?1770624488=&owner_id=627e1d404e691000311b0a4f,1980 TWD,in stock,new
6972e6c975424c5fab353331:6972e6c78490c80014d70cfd,FM SHOES 全真皮足弓減壓麂皮半包拖饅頭鞋 咖啡(36-44),FM SHOES 全真皮足弓減壓麂皮半包拖饅頭鞋 咖啡(36-44),https://www.fmshoes.com.tw/products/6972e6c975424c5fab353331?variation=6972e6c78490c80014d70cfd,https://img.shoplineapp.com/media/image_clips/6989942dbc3d7d45c9a5a5b0/original.jpg?1770624045=&owner_id=627e1d404e691000311b0a4f,1980 TWD,in stock,new
6972e6c975424c5fab353331:6972e6c78490c80014d70cfe,FM SHOES 全真皮足弓減壓麂皮半包拖饅頭鞋 咖啡(36-44),FM SHOES 全真皮足弓減壓麂皮半包拖饅頭鞋 咖啡(36-44),https://www.fmshoes.com.tw/products/6972e6c975424c5fab353331?variation=6972e6c78490c80014d70cfe,https://img.shoplineapp.com/media/image_clips/6989942dbc3d7d45c9a5a5b0/original.jpg?1770624045=&owner_id=627e1d404e691000311b0a4f,1980 TWD,in stock,new
6972e6c975424c5fab353331:6972e6c78490c80014d70cff,FM SHOES 全真皮足弓減壓麂皮半包拖饅頭鞋 咖啡(36-44),FM SHOES 全真皮足弓減壓麂皮半包拖饅頭鞋 咖啡(36-44),https://www.fmshoes.com.tw/products/6972e6c975424c5fab353331?variation=6972e6c78490c80014d70cff,https://img.shoplineapp.com/media/image_clips/6989942dbc3d7d45c9a5a5b0/original.jpg?1770624045=&owner_id=627e1d404e691000311b0a4f,1980 TWD,in stock,new
6972e6c975424c5fab353331:6972e6c78490c80014d70d00,FM SHOES 全真皮足弓減壓麂皮半包拖饅頭鞋 咖啡(36-44),FM SHOES 全真皮足弓減壓麂皮半包拖饅頭鞋 咖啡(36-44),https://www.fmshoes.com.tw/products/6972e6c975424c5fab353331?variation=6972e6c78490c80014d70d00,https://img.shoplineapp.com/media/image_clips/6989942dbc3d7d45c9a5a5b0/original.jpg?1770624045=&owner_id=627e1d404e691000311b0a4f,1980 TWD,in stock,new
6972e6c975424c5fab353331:6972e6c78490c80014d70d01,FM SHOES 全真皮足弓減壓麂皮半包拖饅頭鞋 咖啡(36-44),FM SHOES 全真皮足弓減壓麂皮半包拖饅頭鞋 咖啡(36-44),https://www.fmshoes.com.tw/products/6972e6c975424c5fab353331?variation=6972e6c78490c80014d70d01,https://img.shoplineapp.com/media/image_clips/6989942dbc3d7d45c9a5a5b0/original.jpg?1770624045=&owner_id=627e1d404e691000311b0a4f,1980 TWD,in stock,new
6972e6c975424c5fab353331:6972e6c78490c80014d70d02,FM SHOES 全真皮足弓減壓麂皮半包拖饅頭鞋 咖啡(36-44),FM SHOES 全真皮足弓減壓麂皮半包拖饅頭鞋 咖啡(36-44),https://www.fmshoes.com.tw/products/6972e6c975424c5fab353331?variation=6972e6c78490c80014d70d02,https://img.shoplineapp.com/media/image_clips/6989942dbc3d7d45c9a5a5b0/original.jpg?1770624045=&owner_id=627e1d404e691000311b0a4f,1980 TWD,in stock,new
6972e6c975424c5fab353331:6972e6c78490c80014d70d03,FM SHOES 全真皮足弓減壓麂皮半包拖饅頭鞋 咖啡(36-44),FM SHOES 全真皮足弓減壓麂皮半包拖饅頭鞋 咖啡(36-44),https://www.fmshoes.com.tw/products/6972e6c975424c5fab353331?variation=6972e6c78490c80014d70d03,https://img.shoplineapp.com/media/image_clips/6989942dbc3d7d45c9a5a5b0/original.jpg?1770624045=&owner_id=627e1d404e691000311b0a4f,1980 TWD,in stock,new
6972e6c975424c5fab353331:6972e6c78490c80014d70d04,FM SHOES 全真皮足弓減壓麂皮半包拖饅頭鞋 咖啡(36-44),FM SHOES 全真皮足弓減壓麂皮半包拖饅頭鞋 咖啡(36-44),https://www.fmshoes.com.tw/products/6972e6c975424c5fab353331?variation=6972e6c78490c80014d70d04,https://img.shoplineapp.com/media/image_clips/6989942dbc3d7d45c9a5a5b0/original.jpg?1770624045=&owner_id=627e1d404e691000311b0a4f,1980 TWD,in stock,new
6972e6c975424c5fab353331:6972e6c78490c80014d70d05,FM SHOES 全真皮足弓減壓麂皮半包拖饅頭鞋 咖啡(36-44),FM SHOES 全真皮足弓減壓麂皮半包拖饅頭鞋 咖啡(36-44),https://www.fmshoes.com.tw/products/6972e6c975424c5fab353331?variation=6972e6c78490c80014d70d05,https://img.shoplineapp.com/media/image_clips/6989942dbc3d7d45c9a5a5b0/original.jpg?1770624045=&owner_id=627e1d404e691000311b0a4f,1980 TWD,in stock,new
6972e7421058ca90ecf1c979:698d23d38053a4000b54ae1c,FM SHOES 全真皮足弓減壓麂皮半包拖饅頭鞋 芋紫(36-43),FM SHOES 全真皮足弓減壓麂皮半包拖饅頭鞋 芋紫(36-43),https://www.fmshoes.com.tw/products/6972e7421058ca90ecf1c979?variation=698d23d38053a4000b54ae1c,https://img.shoplineapp.com/media/image_clips/6989953b8308d5eb8515e832/original.jpg?1770624314=&owner_id=627e1d404e691000311b0a4f,1980 TWD,in stock,new
6972e7421058ca90ecf1c979:698d23d38053a4000b54ae1d,FM SHOES 全真皮足弓減壓麂皮半包拖饅頭鞋 芋紫(36-43),FM SHOES 全真皮足弓減壓麂皮半包拖饅頭鞋 芋紫(36-43),https://www.fmshoes.com.tw/products/6972e7421058ca90ecf1c979?variation=698d23d38053a4000b54ae1d,https://img.shoplineapp.com/media/image_clips/6989953b8308d5eb8515e832/original.jpg?1770624314=&owner_id=627e1d404e691000311b0a4f,1980 TWD,in stock,new
6972e7421058ca90ecf1c979:698d23d38053a4000b54ae1e,FM SHOES 全真皮足弓減壓麂皮半包拖饅頭鞋 芋紫(36-43),FM SHOES 全真皮足弓減壓麂皮半包拖饅頭鞋 芋紫(36-43),https://www.fmshoes.com.tw/products/6972e7421058ca90ecf1c979?variation=698d23d38053a4000b54ae1e,https://img.shoplineapp.com/media/image_clips/6989953b8308d5eb8515e832/original.jpg?1770624314=&owner_id=627e1d404e691000311b0a4f,1980 TWD,in stock,new
6972e7421058ca90ecf1c979:698d23d38053a4000b54ae1f,FM SHOES 全真皮足弓減壓麂皮半包拖饅頭鞋 芋紫(36-43),FM SHOES 全真皮足弓減壓麂皮半包拖饅頭鞋 芋紫(36-43),https://www.fmshoes.com.tw/products/6972e7421058ca90ecf1c979?variation=698d23d38053a4000b54ae1f,https://img.shoplineapp.com/media/image_clips/6989953b8308d5eb8515e832/original.jpg?1770624314=&owner_id=627e1d404e691000311b0a4f,1980 TWD,in stock,new
6972e7421058ca90ecf1c979:698d23d38053a4000b54ae20,FM SHOES 全真皮足弓減壓麂皮半包拖饅頭鞋 芋紫(36-43),FM SHOES 全真皮足弓減壓麂皮半包拖饅頭鞋 芋紫(36-43),https://www.fmshoes.com.tw/products/6972e7421058ca90ecf1c979?variation=698d23d38053a4000b54ae20,https://img.shoplineapp.com/media/image_clips/6989953b8308d5eb8515e832/original.jpg?1770624314=&owner_id=627e1d404e691000311b0a4f,1980 TWD,in stock,new
6972e7421058ca90ecf1c979:698d23d38053a4000b54ae21,FM SHOES 全真皮足弓減壓麂皮半包拖饅頭鞋 芋紫(36-43),FM SHOES 全真皮足弓減壓麂皮半包拖饅頭鞋 芋紫(36-43),https://www.fmshoes.com.tw/products/6972e7421058ca90ecf1c979?variation=698d23d38053a4000b54ae21,https://img.shoplineapp.com/media/image_clips/6989953b8308d5eb8515e832/original.jpg?1770624314=&owner_id=627e1d404e691000311b0a4f,1980 TWD,in stock,new
6972e7421058ca90ecf1c979:698d23d38053a4000b54ae22,FM SHOES 全真皮足弓減壓麂皮半包拖饅頭鞋 芋紫(36-43),FM SHOES 全真皮足弓減壓麂皮半包拖饅頭鞋 芋紫(36-43),https://www.fmshoes.com.tw/products/6972e7421058ca90ecf1c979?variation=698d23d38053a4000b54ae22,https://img.shoplineapp.com/media/image_clips/6989953b8308d5eb8515e832/original.jpg?1770624314=&owner_id=627e1d404e691000311b0a4f,1980 TWD,in stock,new
6972e7421058ca90ecf1c979:698d23d38053a4000b54ae23,FM SHOES 全真皮足弓減壓麂皮半包拖饅頭鞋 芋紫(36-43),FM SHOES 全真皮足弓減壓麂皮半包拖饅頭鞋 芋紫(36-43),https://www.fmshoes.com.tw/products/6972e7421058ca90ecf1c979?variation=698d23d38053a4000b54ae23,https://img.shoplineapp.com/media/image_clips/6989953b8308d5eb8515e832/original.jpg?1770624314=&owner_id=627e1d404e691000311b0a4f,1980 TWD,in stock,new
6980347ccc06d10010dac345:6980347c5a2623000ed20eae,NEUTRAL 雲感牛纖絨防潑水雙釦厚底拖鞋 米灰(42-44),NEUTRAL 雲感牛纖絨防潑水雙釦厚底拖鞋 米灰(42-44),https://www.fmshoes.com.tw/products/6980347ccc06d10010dac345?variation=6980347c5a2623000ed20eae,https://img.shoplineapp.com/media/image_clips/698043e1f6cdbceaacdc902c/original.jpg?1770013665=&owner_id=627e1d404e691000311b0a4f,1480 TWD,in stock,new
6980347ccc06d10010dac345:6980347c5a2623000ed20eaf,NEUTRAL 雲感牛纖絨防潑水雙釦厚底拖鞋 米灰(42-44),NEUTRAL 雲感牛纖絨防潑水雙釦厚底拖鞋 米灰(42-44),https://www.fmshoes.com.tw/products/6980347ccc06d10010dac345?variation=6980347c5a2623000ed20eaf,https://img.shoplineapp.com/media/image_clips/698043e1f6cdbceaacdc902c/original.jpg?1770013665=&owner_id=627e1d404e691000311b0a4f,1480 TWD,in stock,new
6980347ccc06d10010dac345:6980347c5a2623000ed20eb0,NEUTRAL 雲感牛纖絨防潑水雙釦厚底拖鞋 米灰(42-44),NEUTRAL 雲感牛纖絨防潑水雙釦厚底拖鞋 米灰(42-44),https://www.fmshoes.com.tw/products/6980347ccc06d10010dac345?variation=6980347c5a2623000ed20eb0,https://img.shoplineapp.com/media/image_clips/698043e1f6cdbceaacdc902c/original.jpg?1770013665=&owner_id=627e1d404e691000311b0a4f,1480 TWD,in stock,new
69803507c085627add7a2bb5:698035075dbb550012ed0d96,NEUTRAL 雲感牛纖絨防潑水雙釦厚底拖鞋 黑(42-44),NEUTRAL 雲感牛纖絨防潑水雙釦厚底拖鞋 黑(42-44),https://www.fmshoes.com.tw/products/69803507c085627add7a2bb5?variation=698035075dbb550012ed0d96,https://img.shoplineapp.com/media/image_clips/698043fd16804c0e035d7f59/original.jpg?1770013693=&owner_id=627e1d404e691000311b0a4f,1480 TWD,in stock,new
69818856cfd3d0614b4e1f62:69818853e668bd000cbce73a,FM SHOES 全真皮輕量厚底美式休閒鞋(37-41),FM SHOES 全真皮輕量厚底美式休閒鞋(37-41),https://www.fmshoes.com.tw/products/69818856cfd3d0614b4e1f62?variation=69818853e668bd000cbce73a,https://img.shoplineapp.com/media/image_clips/69dd929cbb6ca6028245d875/original.jpg?1776128668=&owner_id=627e1d404e691000311b0a4f,2280 TWD,in stock,new
69818856cfd3d0614b4e1f62:69818853e668bd000cbce73b,FM SHOES 全真皮輕量厚底美式休閒鞋(37-41),FM SHOES 全真皮輕量厚底美式休閒鞋(37-41),https://www.fmshoes.com.tw/products/69818856cfd3d0614b4e1f62?variation=69818853e668bd000cbce73b,https://img.shoplineapp.com/media/image_clips/69dd929cbb6ca6028245d875/original.jpg?1776128668=&owner_id=627e1d404e691000311b0a4f,2280 TWD,in stock,new
69818856cfd3d0614b4e1f62:69818853e668bd000cbce73c,FM SHOES 全真皮輕量厚底美式休閒鞋(37-41),FM SHOES 全真皮輕量厚底美式休閒鞋(37-41),https://www.fmshoes.com.tw/products/69818856cfd3d0614b4e1f62?variation=69818853e668bd000cbce73c,https://img.shoplineapp.com/media/image_clips/69dd929cbb6ca6028245d875/original.jpg?1776128668=&owner_id=627e1d404e691000311b0a4f,2280 TWD,in stock,new
69818856cfd3d0614b4e1f62:69818853e668bd000cbce73d,FM SHOES 全真皮輕量厚底美式休閒鞋(37-41),FM SHOES 全真皮輕量厚底美式休閒鞋(37-41),https://www.fmshoes.com.tw/products/69818856cfd3d0614b4e1f62?variation=69818853e668bd000cbce73d,https://img.shoplineapp.com/media/image_clips/69dd929cbb6ca6028245d875/original.jpg?1776128668=&owner_id=627e1d404e691000311b0a4f,2280 TWD,in stock,new
69818856cfd3d0614b4e1f62:69818853e668bd000cbce73e,FM SHOES 全真皮輕量厚底美式休閒鞋(37-41),FM SHOES 全真皮輕量厚底美式休閒鞋(37-41),https://www.fmshoes.com.tw/products/69818856cfd3d0614b4e1f62?variation=69818853e668bd000cbce73e,https://img.shoplineapp.com/media/image_clips/69dd929cbb6ca6028245d875/original.jpg?1776128668=&owner_id=627e1d404e691000311b0a4f,2280 TWD,in stock,new
69818938f805d36ea1c9c017:698189360e05b800149d44a0,NEUTRAL 雲感輕彈增高秒穿鞋 全白(36-44),".embed-container { position: relative; padding-bottom: 56.25%; height: 0; overflow: hidden; max-width: 100%; } .embed-container iframe, .embed-container object, .embed-container embed { position: absolute; top: 0; left: 0; width:",https://www.fmshoes.com.tw/products/69818938f805d36ea1c9c017?variation=698189360e05b800149d44a0,https://img.shoplineapp.com/media/image_clips/69e97c9d26b643f3cafb4584/original.jpg?1776909468=&owner_id=627e1d404e691000311b0a4f,1890 TWD,in stock,new
69818938f805d36ea1c9c017:698189360e05b800149d44a1,NEUTRAL 雲感輕彈增高秒穿鞋 全白(36-44),".embed-container { position: relative; padding-bottom: 56.25%; height: 0; overflow: hidden; max-width: 100%; } .embed-container iframe, .embed-container object, .embed-container embed { position: absolute; top: 0; left: 0; width:",https://www.fmshoes.com.tw/products/69818938f805d36ea1c9c017?variation=698189360e05b800149d44a1,https://img.shoplineapp.com/media/image_clips/69e97c9d26b643f3cafb4584/original.jpg?1776909468=&owner_id=627e1d404e691000311b0a4f,1890 TWD,in stock,new
69818938f805d36ea1c9c017:698189360e05b800149d44a2,NEUTRAL 雲感輕彈增高秒穿鞋 全白(36-44),".embed-container { position: relative; padding-bottom: 56.25%; height: 0; overflow: hidden; max-width: 100%; } .embed-container iframe, .embed-container object, .embed-container embed { position: absolute; top: 0; left: 0; width:",https://www.fmshoes.com.tw/products/69818938f805d36ea1c9c017?variation=698189360e05b800149d44a2,https://img.shoplineapp.com/media/image_clips/69e97c9d26b643f3cafb4584/original.jpg?1776909468=&owner_id=627e1d404e691000311b0a4f,1890 TWD,in stock,new
69818938f805d36ea1c9c017:698189360e05b800149d44a3,NEUTRAL 雲感輕彈增高秒穿鞋 全白(36-44),".embed-container { position: relative; padding-bottom: 56.25%; height: 0; overflow: hidden; max-width: 100%; } .embed-container iframe, .embed-container object, .embed-container embed { position: absolute; top: 0; left: 0; width:",https://www.fmshoes.com.tw/products/69818938f805d36ea1c9c017?variation=698189360e05b800149d44a3,https://img.shoplineapp.com/media/image_clips/69e97c9d26b643f3cafb4584/original.jpg?1776909468=&owner_id=627e1d404e691000311b0a4f,1890 TWD,in stock,new
69818938f805d36ea1c9c017:698189360e05b800149d44a4,NEUTRAL 雲感輕彈增高秒穿鞋 全白(36-44),".embed-container { position: relative; padding-bottom: 56.25%; height: 0; overflow: hidden; max-width: 100%; } .embed-container iframe, .embed-container object, .embed-container embed { position: absolute; top: 0; left: 0; width:",https://www.fmshoes.com.tw/products/69818938f805d36ea1c9c017?variation=698189360e05b800149d44a4,https://img.shoplineapp.com/media/image_clips/69e97c9d26b643f3cafb4584/original.jpg?1776909468=&owner_id=627e1d404e691000311b0a4f,1890 TWD,in stock,new
69818938f805d36ea1c9c017:698189360e05b800149d44a5,NEUTRAL 雲感輕彈增高秒穿鞋 全白(36-44),".embed-container { position: relative; padding-bottom: 56.25%; height: 0; overflow: hidden; max-width: 100%; } .embed-container iframe, .embed-container object, .embed-container embed { position: absolute; top: 0; left: 0; width:",https://www.fmshoes.com.tw/products/69818938f805d36ea1c9c017?variation=698189360e05b800149d44a5,https://img.shoplineapp.com/media/image_clips/69e97c9d26b643f3cafb4584/original.jpg?1776909468=&owner_id=627e1d404e691000311b0a4f,1890 TWD,in stock,new
69818938f805d36ea1c9c017:698189360e05b800149d44a6,NEUTRAL 雲感輕彈增高秒穿鞋 全白(36-44),".embed-container { position: relative; padding-bottom: 56.25%; height: 0; overflow: hidden; max-width: 100%; } .embed-container iframe, .embed-container object, .embed-container embed { position: absolute; top: 0; left: 0; width:",https://www.fmshoes.com.tw/products/69818938f805d36ea1c9c017?variation=698189360e05b800149d44a6,https://img.shoplineapp.com/media/image_clips/69e97c9d26b643f3cafb4584/original.jpg?1776909468=&owner_id=627e1d404e691000311b0a4f,1890 TWD,in stock,new
69818938f805d36ea1c9c017:698189360e05b800149d44a7,NEUTRAL 雲感輕彈增高秒穿鞋 全白(36-44),".embed-container { position: relative; padding-bottom: 56.25%; height: 0; overflow: hidden; max-width: 100%; } .embed-container iframe, .embed-container object, .embed-container embed { position: absolute; top: 0; left: 0; width:",https://www.fmshoes.com.tw/products/69818938f805d36ea1c9c017?variation=698189360e05b800149d44a7,https://img.shoplineapp.com/media/image_clips/69e97c9d26b643f3cafb4584/original.jpg?1776909468=&owner_id=627e1d404e691000311b0a4f,1890 TWD,in stock,new
69818938f805d36ea1c9c017:698189360e05b800149d44a8,NEUTRAL 雲感輕彈增高秒穿鞋 全白(36-44),".embed-container { position: relative; padding-bottom: 56.25%; height: 0; overflow: hidden; max-width: 100%; } .embed-container iframe, .embed-container object, .embed-container embed { position: absolute; top: 0; left: 0; width:",https://www.fmshoes.com.tw/products/69818938f805d36ea1c9c017?variation=698189360e05b800149d44a8,https://img.shoplineapp.com/media/image_clips/69e97c9d26b643f3cafb4584/original.jpg?1776909468=&owner_id=627e1d404e691000311b0a4f,1890 TWD,in stock,new
699d18f53d211586dcd27d6c:699d18f448e85c000e5a8387,NEUTRAL 防潑水免綁帶秒穿氣墊鞋 芋紫(36-43),,https://www.fmshoes.com.tw/products/699d18f53d211586dcd27d6c?variation=699d18f448e85c000e5a8387,https://img.shoplineapp.com/media/image_clips/69e57e47abd4822e96330dcc/original.jpg?1776647751=&owner_id=627e1d404e691000311b0a4f,1680 TWD,in stock,new
699d18f53d211586dcd27d6c:699d18f448e85c000e5a8388,NEUTRAL 防潑水免綁帶秒穿氣墊鞋 芋紫(36-43),,https://www.fmshoes.com.tw/products/699d18f53d211586dcd27d6c?variation=699d18f448e85c000e5a8388,https://img.shoplineapp.com/media/image_clips/69e57e47abd4822e96330dcc/original.jpg?1776647751=&owner_id=627e1d404e691000311b0a4f,1680 TWD,in stock,new
699d18f53d211586dcd27d6c:699d18f448e85c000e5a8389,NEUTRAL 防潑水免綁帶秒穿氣墊鞋 芋紫(36-43),,https://www.fmshoes.com.tw/products/699d18f53d211586dcd27d6c?variation=699d18f448e85c000e5a8389,https://img.shoplineapp.com/media/image_clips/69e57e47abd4822e96330dcc/original.jpg?1776647751=&owner_id=627e1d404e691000311b0a4f,1680 TWD,in stock,new
699d18f53d211586dcd27d6c:699d18f448e85c000e5a838a,NEUTRAL 防潑水免綁帶秒穿氣墊鞋 芋紫(36-43),,https://www.fmshoes.com.tw/products/699d18f53d211586dcd27d6c?variation=699d18f448e85c000e5a838a,https://img.shoplineapp.com/media/image_clips/69e57e47abd4822e96330dcc/original.jpg?1776647751=&owner_id=627e1d404e691000311b0a4f,1680 TWD,in stock,new
699d18f53d211586dcd27d6c:699d18f448e85c000e5a838b,NEUTRAL 防潑水免綁帶秒穿氣墊鞋 芋紫(36-43),,https://www.fmshoes.com.tw/products/699d18f53d211586dcd27d6c?variation=699d18f448e85c000e5a838b,https://img.shoplineapp.com/media/image_clips/69e57e47abd4822e96330dcc/original.jpg?1776647751=&owner_id=627e1d404e691000311b0a4f,1680 TWD,in stock,new
699d18f53d211586dcd27d6c:699d18f448e85c000e5a838c,NEUTRAL 防潑水免綁帶秒穿氣墊鞋 芋紫(36-43),,https://www.fmshoes.com.tw/products/699d18f53d211586dcd27d6c?variation=699d18f448e85c000e5a838c,https://img.shoplineapp.com/media/image_clips/69e57e47abd4822e96330dcc/original.jpg?1776647751=&owner_id=627e1d404e691000311b0a4f,1680 TWD,in stock,new
699d18f53d211586dcd27d6c:699d18f448e85c000e5a838d,NEUTRAL 防潑水免綁帶秒穿氣墊鞋 芋紫(36-43),,https://www.fmshoes.com.tw/products/699d18f53d211586dcd27d6c?variation=699d18f448e85c000e5a838d,https://img.shoplineapp.com/media/image_clips/69e57e47abd4822e96330dcc/original.jpg?1776647751=&owner_id=627e1d404e691000311b0a4f,1680 TWD,in stock,new
699d18f53d211586dcd27d6c:699d18f448e85c000e5a838e,NEUTRAL 防潑水免綁帶秒穿氣墊鞋 芋紫(36-43),,https://www.fmshoes.com.tw/products/699d18f53d211586dcd27d6c?variation=699d18f448e85c000e5a838e,https://img.shoplineapp.com/media/image_clips/69e57e47abd4822e96330dcc/original.jpg?1776647751=&owner_id=627e1d404e691000311b0a4f,1680 TWD,in stock,new
699d1bd8b040d1bc3594604b:699d1bd5c57b22001522dbe0,NEUTRAL 防潑水免綁帶秒穿氣墊鞋 奶茶灰(36-44),,https://www.fmshoes.com.tw/products/699d1bd8b040d1bc3594604b?variation=699d1bd5c57b22001522dbe0,https://img.shoplineapp.com/media/image_clips/69e57ead1826a61d393b302f/original.jpg?1776647852=&owner_id=627e1d404e691000311b0a4f,1680 TWD,in stock,new
699d1bd8b040d1bc3594604b:699d1bd5c57b22001522dbe1,NEUTRAL 防潑水免綁帶秒穿氣墊鞋 奶茶灰(36-44),,https://www.fmshoes.com.tw/products/699d1bd8b040d1bc3594604b?variation=699d1bd5c57b22001522dbe1,https://img.shoplineapp.com/media/image_clips/69e57ead1826a61d393b302f/original.jpg?1776647852=&owner_id=627e1d404e691000311b0a4f,1680 TWD,in stock,new
699d1bd8b040d1bc3594604b:699d1bd5c57b22001522dbe2,NEUTRAL 防潑水免綁帶秒穿氣墊鞋 奶茶灰(36-44),,https://www.fmshoes.com.tw/products/699d1bd8b040d1bc3594604b?variation=699d1bd5c57b22001522dbe2,https://img.shoplineapp.com/media/image_clips/69e57ead1826a61d393b302f/original.jpg?1776647852=&owner_id=627e1d404e691000311b0a4f,1680 TWD,in stock,new
699d1bd8b040d1bc3594604b:699d1bd5c57b22001522dbe3,NEUTRAL 防潑水免綁帶秒穿氣墊鞋 奶茶灰(36-44),,https://www.fmshoes.com.tw/products/699d1bd8b040d1bc3594604b?variation=699d1bd5c57b22001522dbe3,https://img.shoplineapp.com/media/image_clips/69e57ead1826a61d393b302f/original.jpg?1776647852=&owner_id=627e1d404e691000311b0a4f,1680 TWD,in stock,new
699d1bd8b040d1bc3594604b:699d1bd5c57b22001522dbe4,NEUTRAL 防潑水免綁帶秒穿氣墊鞋 奶茶灰(36-44),,https://www.fmshoes.com.tw/products/699d1bd8b040d1bc3594604b?variation=699d1bd5c57b22001522dbe4,https://img.shoplineapp.com/media/image_clips/69e57ead1826a61d393b302f/original.jpg?1776647852=&owner_id=627e1d404e691000311b0a4f,1680 TWD,in stock,new
699d1bd8b040d1bc3594604b:699d1bd5c57b22001522dbe5,NEUTRAL 防潑水免綁帶秒穿氣墊鞋 奶茶灰(36-44),,https://www.fmshoes.com.tw/products/699d1bd8b040d1bc3594604b?variation=699d1bd5c57b22001522dbe5,https://img.shoplineapp.com/media/image_clips/69e57ead1826a61d393b302f/original.jpg?1776647852=&owner_id=627e1d404e691000311b0a4f,1680 TWD,in stock,new
699d1bd8b040d1bc3594604b:699d1bd5c57b22001522dbe6,NEUTRAL 防潑水免綁帶秒穿氣墊鞋 奶茶灰(36-44),,https://www.fmshoes.com.tw/products/699d1bd8b040d1bc3594604b?variation=699d1bd5c57b22001522dbe6,https://img.shoplineapp.com/media/image_clips/69e57ead1826a61d393b302f/original.jpg?1776647852=&owner_id=627e1d404e691000311b0a4f,1680 TWD,in stock,new
699d1bd8b040d1bc3594604b:699d1bd5c57b22001522dbe7,NEUTRAL 防潑水免綁帶秒穿氣墊鞋 奶茶灰(36-44),,https://www.fmshoes.com.tw/products/699d1bd8b040d1bc3594604b?variation=699d1bd5c57b22001522dbe7,https://img.shoplineapp.com/media/image_clips/69e57ead1826a61d393b302f/original.jpg?1776647852=&owner_id=627e1d404e691000311b0a4f,1680 TWD,in stock,new
699d1bd8b040d1bc3594604b:699d1bd5c57b22001522dbe8,NEUTRAL 防潑水免綁帶秒穿氣墊鞋 奶茶灰(36-44),,https://www.fmshoes.com.tw/products/699d1bd8b040d1bc3594604b?variation=699d1bd5c57b22001522dbe8,https://img.shoplineapp.com/media/image_clips/69e57ead1826a61d393b302f/original.jpg?1776647852=&owner_id=627e1d404e691000311b0a4f,1680 TWD,in stock,new
699d4408ad0e0d03550f1bfe:699d4405a565010016940727,NEUTRAL 輕量透氣彈力跑步鞋｜秒穿系列 白(36-41),NEUTRAL 輕量透氣彈力跑步鞋｜秒穿系列 白(36-41),https://www.fmshoes.com.tw/products/699d4408ad0e0d03550f1bfe?variation=699d4405a565010016940727,https://img.shoplineapp.com/media/image_clips/6a17b963d5c22bb1cc00c0c8/original.jpg?1779939682=&owner_id=627e1d404e691000311b0a4f,1680 TWD,in stock,new
699d4408ad0e0d03550f1bfe:699d4405a565010016940728,NEUTRAL 輕量透氣彈力跑步鞋｜秒穿系列 白(36-41),NEUTRAL 輕量透氣彈力跑步鞋｜秒穿系列 白(36-41),https://www.fmshoes.com.tw/products/699d4408ad0e0d03550f1bfe?variation=699d4405a565010016940728,https://img.shoplineapp.com/media/image_clips/6a17b963d5c22bb1cc00c0c8/original.jpg?1779939682=&owner_id=627e1d404e691000311b0a4f,1680 TWD,in stock,new
699d4408ad0e0d03550f1bfe:699d4405a565010016940729,NEUTRAL 輕量透氣彈力跑步鞋｜秒穿系列 白(36-41),NEUTRAL 輕量透氣彈力跑步鞋｜秒穿系列 白(36-41),https://www.fmshoes.com.tw/products/699d4408ad0e0d03550f1bfe?variation=699d4405a565010016940729,https://img.shoplineapp.com/media/image_clips/6a17b963d5c22bb1cc00c0c8/original.jpg?1779939682=&owner_id=627e1d404e691000311b0a4f,1680 TWD,in stock,new
699d4408ad0e0d03550f1bfe:699d4405a56501001694072a,NEUTRAL 輕量透氣彈力跑步鞋｜秒穿系列 白(36-41),NEUTRAL 輕量透氣彈力跑步鞋｜秒穿系列 白(36-41),https://www.fmshoes.com.tw/products/699d4408ad0e0d03550f1bfe?variation=699d4405a56501001694072a,https://img.shoplineapp.com/media/image_clips/6a17b963d5c22bb1cc00c0c8/original.jpg?1779939682=&owner_id=627e1d404e691000311b0a4f,1680 TWD,in stock,new
699d4408ad0e0d03550f1bfe:699d4405a56501001694072b,NEUTRAL 輕量透氣彈力跑步鞋｜秒穿系列 白(36-41),NEUTRAL 輕量透氣彈力跑步鞋｜秒穿系列 白(36-41),https://www.fmshoes.com.tw/products/699d4408ad0e0d03550f1bfe?variation=699d4405a56501001694072b,https://img.shoplineapp.com/media/image_clips/6a17b963d5c22bb1cc00c0c8/original.jpg?1779939682=&owner_id=627e1d404e691000311b0a4f,1680 TWD,in stock,new
699d4408ad0e0d03550f1bfe:699d4405a56501001694072c,NEUTRAL 輕量透氣彈力跑步鞋｜秒穿系列 白(36-41),NEUTRAL 輕量透氣彈力跑步鞋｜秒穿系列 白(36-41),https://www.fmshoes.com.tw/products/699d4408ad0e0d03550f1bfe?variation=699d4405a56501001694072c,https://img.shoplineapp.com/media/image_clips/6a17b963d5c22bb1cc00c0c8/original.jpg?1779939682=&owner_id=627e1d404e691000311b0a4f,1680 TWD,in stock,new
699d449bf28d60065431decd:699d4499f253dc0010f8bfca,NEUTRAL 輕量透氣彈力跑步鞋｜秒穿系列 卡其(36-41),NEUTRAL 輕量透氣彈力跑步鞋｜秒穿系列 卡其(36-41),https://www.fmshoes.com.tw/products/699d449bf28d60065431decd?variation=699d4499f253dc0010f8bfca,https://img.shoplineapp.com/media/image_clips/6a278686fbce5d6398856dd0/original.jpg?1780975238=&owner_id=627e1d404e691000311b0a4f,1680 TWD,in stock,new
699d449bf28d60065431decd:699d4499f253dc0010f8bfcb,NEUTRAL 輕量透氣彈力跑步鞋｜秒穿系列 卡其(36-41),NEUTRAL 輕量透氣彈力跑步鞋｜秒穿系列 卡其(36-41),https://www.fmshoes.com.tw/products/699d449bf28d60065431decd?variation=699d4499f253dc0010f8bfcb,https://img.shoplineapp.com/media/image_clips/6a278686fbce5d6398856dd0/original.jpg?1780975238=&owner_id=627e1d404e691000311b0a4f,1680 TWD,in stock,new
699d449bf28d60065431decd:699d4499f253dc0010f8bfcc,NEUTRAL 輕量透氣彈力跑步鞋｜秒穿系列 卡其(36-41),NEUTRAL 輕量透氣彈力跑步鞋｜秒穿系列 卡其(36-41),https://www.fmshoes.com.tw/products/699d449bf28d60065431decd?variation=699d4499f253dc0010f8bfcc,https://img.shoplineapp.com/media/image_clips/6a278686fbce5d6398856dd0/original.jpg?1780975238=&owner_id=627e1d404e691000311b0a4f,1680 TWD,in stock,new
699d449bf28d60065431decd:699d4499f253dc0010f8bfcd,NEUTRAL 輕量透氣彈力跑步鞋｜秒穿系列 卡其(36-41),NEUTRAL 輕量透氣彈力跑步鞋｜秒穿系列 卡其(36-41),https://www.fmshoes.com.tw/products/699d449bf28d60065431decd?variation=699d4499f253dc0010f8bfcd,https://img.shoplineapp.com/media/image_clips/6a278686fbce5d6398856dd0/original.jpg?1780975238=&owner_id=627e1d404e691000311b0a4f,1680 TWD,in stock,new
699d449bf28d60065431decd:699d4499f253dc0010f8bfce,NEUTRAL 輕量透氣彈力跑步鞋｜秒穿系列 卡其(36-41),NEUTRAL 輕量透氣彈力跑步鞋｜秒穿系列 卡其(36-41),https://www.fmshoes.com.tw/products/699d449bf28d60065431decd?variation=699d4499f253dc0010f8bfce,https://img.shoplineapp.com/media/image_clips/6a278686fbce5d6398856dd0/original.jpg?1780975238=&owner_id=627e1d404e691000311b0a4f,1680 TWD,in stock,new
699d449bf28d60065431decd:699d4499f253dc0010f8bfcf,NEUTRAL 輕量透氣彈力跑步鞋｜秒穿系列 卡其(36-41),NEUTRAL 輕量透氣彈力跑步鞋｜秒穿系列 卡其(36-41),https://www.fmshoes.com.tw/products/699d449bf28d60065431decd?variation=699d4499f253dc0010f8bfcf,https://img.shoplineapp.com/media/image_clips/6a278686fbce5d6398856dd0/original.jpg?1780975238=&owner_id=627e1d404e691000311b0a4f,1680 TWD,in stock,new
699d456c0cbcd0ff7db007b3:699d456a42ad3d00179c0584,NEUTRAL 輕量透氣彈力跑步鞋｜秒穿系列 藍灰(36-41),NEUTRAL 輕量透氣彈力跑步鞋｜秒穿系列 藍灰(36-41),https://www.fmshoes.com.tw/products/699d456c0cbcd0ff7db007b3?variation=699d456a42ad3d00179c0584,https://img.shoplineapp.com/media/image_clips/6a2785f6587947681a7a578b/original.jpg?1780975094=&owner_id=627e1d404e691000311b0a4f,1680 TWD,in stock,new
699d456c0cbcd0ff7db007b3:699d456a42ad3d00179c0585,NEUTRAL 輕量透氣彈力跑步鞋｜秒穿系列 藍灰(36-41),NEUTRAL 輕量透氣彈力跑步鞋｜秒穿系列 藍灰(36-41),https://www.fmshoes.com.tw/products/699d456c0cbcd0ff7db007b3?variation=699d456a42ad3d00179c0585,https://img.shoplineapp.com/media/image_clips/6a2785f6587947681a7a578b/original.jpg?1780975094=&owner_id=627e1d404e691000311b0a4f,1680 TWD,in stock,new
699d456c0cbcd0ff7db007b3:699d456a42ad3d00179c0586,NEUTRAL 輕量透氣彈力跑步鞋｜秒穿系列 藍灰(36-41),NEUTRAL 輕量透氣彈力跑步鞋｜秒穿系列 藍灰(36-41),https://www.fmshoes.com.tw/products/699d456c0cbcd0ff7db007b3?variation=699d456a42ad3d00179c0586,https://img.shoplineapp.com/media/image_clips/6a2785f6587947681a7a578b/original.jpg?1780975094=&owner_id=627e1d404e691000311b0a4f,1680 TWD,in stock,new
699d456c0cbcd0ff7db007b3:699d456a42ad3d00179c0587,NEUTRAL 輕量透氣彈力跑步鞋｜秒穿系列 藍灰(36-41),NEUTRAL 輕量透氣彈力跑步鞋｜秒穿系列 藍灰(36-41),https://www.fmshoes.com.tw/products/699d456c0cbcd0ff7db007b3?variation=699d456a42ad3d00179c0587,https://img.shoplineapp.com/media/image_clips/6a2785f6587947681a7a578b/original.jpg?1780975094=&owner_id=627e1d404e691000311b0a4f,1680 TWD,in stock,new
699d456c0cbcd0ff7db007b3:699d456a42ad3d00179c0588,NEUTRAL 輕量透氣彈力跑步鞋｜秒穿系列 藍灰(36-41),NEUTRAL 輕量透氣彈力跑步鞋｜秒穿系列 藍灰(36-41),https://www.fmshoes.com.tw/products/699d456c0cbcd0ff7db007b3?variation=699d456a42ad3d00179c0588,https://img.shoplineapp.com/media/image_clips/6a2785f6587947681a7a578b/original.jpg?1780975094=&owner_id=627e1d404e691000311b0a4f,1680 TWD,in stock,new
699d456c0cbcd0ff7db007b3:699d456a42ad3d00179c0589,NEUTRAL 輕量透氣彈力跑步鞋｜秒穿系列 藍灰(36-41),NEUTRAL 輕量透氣彈力跑步鞋｜秒穿系列 藍灰(36-41),https://www.fmshoes.com.tw/products/699d456c0cbcd0ff7db007b3?variation=699d456a42ad3d00179c0589,https://img.shoplineapp.com/media/image_clips/6a2785f6587947681a7a578b/original.jpg?1780975094=&owner_id=627e1d404e691000311b0a4f,1680 TWD,in stock,new
699d46c6f203a8c149a65bfd:699d46c419424f001335d023,NEUTRAL 輕量透氣彈力跑步鞋｜秒穿系列 黑(36-41),NEUTRAL 輕量透氣彈力跑步鞋｜秒穿系列 黑(36-41),https://www.fmshoes.com.tw/products/699d46c6f203a8c149a65bfd?variation=699d46c419424f001335d023,https://img.shoplineapp.com/media/image_clips/6a17b607d5c22bc7fd00b74f/original.jpg?1779938822=&owner_id=627e1d404e691000311b0a4f,1680 TWD,in stock,new
699d46c6f203a8c149a65bfd:699d46c419424f001335d024,NEUTRAL 輕量透氣彈力跑步鞋｜秒穿系列 黑(36-41),NEUTRAL 輕量透氣彈力跑步鞋｜秒穿系列 黑(36-41),https://www.fmshoes.com.tw/products/699d46c6f203a8c149a65bfd?variation=699d46c419424f001335d024,https://img.shoplineapp.com/media/image_clips/6a17b607d5c22bc7fd00b74f/original.jpg?1779938822=&owner_id=627e1d404e691000311b0a4f,1680 TWD,in stock,new
699d46c6f203a8c149a65bfd:699d46c419424f001335d025,NEUTRAL 輕量透氣彈力跑步鞋｜秒穿系列 黑(36-41),NEUTRAL 輕量透氣彈力跑步鞋｜秒穿系列 黑(36-41),https://www.fmshoes.com.tw/products/699d46c6f203a8c149a65bfd?variation=699d46c419424f001335d025,https://img.shoplineapp.com/media/image_clips/6a17b607d5c22bc7fd00b74f/original.jpg?1779938822=&owner_id=627e1d404e691000311b0a4f,1680 TWD,in stock,new
699d46c6f203a8c149a65bfd:699d46c419424f001335d026,NEUTRAL 輕量透氣彈力跑步鞋｜秒穿系列 黑(36-41),NEUTRAL 輕量透氣彈力跑步鞋｜秒穿系列 黑(36-41),https://www.fmshoes.com.tw/products/699d46c6f203a8c149a65bfd?variation=699d46c419424f001335d026,https://img.shoplineapp.com/media/image_clips/6a17b607d5c22bc7fd00b74f/original.jpg?1779938822=&owner_id=627e1d404e691000311b0a4f,1680 TWD,in stock,new
699d46c6f203a8c149a65bfd:699d46c419424f001335d027,NEUTRAL 輕量透氣彈力跑步鞋｜秒穿系列 黑(36-41),NEUTRAL 輕量透氣彈力跑步鞋｜秒穿系列 黑(36-41),https://www.fmshoes.com.tw/products/699d46c6f203a8c149a65bfd?variation=699d46c419424f001335d027,https://img.shoplineapp.com/media/image_clips/6a17b607d5c22bc7fd00b74f/original.jpg?1779938822=&owner_id=627e1d404e691000311b0a4f,1680 TWD,in stock,new
699d46c6f203a8c149a65bfd:699d46c419424f001335d028,NEUTRAL 輕量透氣彈力跑步鞋｜秒穿系列 黑(36-41),NEUTRAL 輕量透氣彈力跑步鞋｜秒穿系列 黑(36-41),https://www.fmshoes.com.tw/products/699d46c6f203a8c149a65bfd?variation=699d46c419424f001335d028,https://img.shoplineapp.com/media/image_clips/6a17b607d5c22bc7fd00b74f/original.jpg?1779938822=&owner_id=627e1d404e691000311b0a4f,1680 TWD,in stock,new
69cb774bfdb7143102633c15:69cb77498ea6d50010cd429c,讓愛走出去 | 你捐鞋 我們幫你送(秒穿系列),,https://www.fmshoes.com.tw/products/69cb774bfdb7143102633c15?variation=69cb77498ea6d50010cd429c,https://img.shoplineapp.com/media/image_clips/69d6159295e6b91abe488e94/original.jpg?1775637906=&owner_id=627e1d404e691000311b0a4f,1680 TWD,in stock,new
69e581684354d82fbce86be7:69e581669b04810010855bf9,NEUTRAL 全地形機能風瑪莉珍鞋 全黑(36-42),NEUTRAL 全地形機能風瑪莉珍鞋 全黑(36-42),https://www.fmshoes.com.tw/products/69e581684354d82fbce86be7?variation=69e581669b04810010855bf9,https://img.shoplineapp.com/media/image_clips/69e5800da024860b422bcdc8/original.jpg?1776648205=&owner_id=627e1d404e691000311b0a4f,2080 TWD,in stock,new
69e581684354d82fbce86be7:69e581669b04810010855bfa,NEUTRAL 全地形機能風瑪莉珍鞋 全黑(36-42),NEUTRAL 全地形機能風瑪莉珍鞋 全黑(36-42),https://www.fmshoes.com.tw/products/69e581684354d82fbce86be7?variation=69e581669b04810010855bfa,https://img.shoplineapp.com/media/image_clips/69e5800da024860b422bcdc8/original.jpg?1776648205=&owner_id=627e1d404e691000311b0a4f,2080 TWD,in stock,new
69e581684354d82fbce86be7:69e581669b04810010855bfb,NEUTRAL 全地形機能風瑪莉珍鞋 全黑(36-42),NEUTRAL 全地形機能風瑪莉珍鞋 全黑(36-42),https://www.fmshoes.com.tw/products/69e581684354d82fbce86be7?variation=69e581669b04810010855bfb,https://img.shoplineapp.com/media/image_clips/69e5800da024860b422bcdc8/original.jpg?1776648205=&owner_id=627e1d404e691000311b0a4f,2080 TWD,in stock,new
69e581684354d82fbce86be7:69e581669b04810010855bfc,NEUTRAL 全地形機能風瑪莉珍鞋 全黑(36-42),NEUTRAL 全地形機能風瑪莉珍鞋 全黑(36-42),https://www.fmshoes.com.tw/products/69e581684354d82fbce86be7?variation=69e581669b04810010855bfc,https://img.shoplineapp.com/media/image_clips/69e5800da024860b422bcdc8/original.jpg?1776648205=&owner_id=627e1d404e691000311b0a4f,2080 TWD,in stock,new
69e581684354d82fbce86be7:69e581669b04810010855bfd,NEUTRAL 全地形機能風瑪莉珍鞋 全黑(36-42),NEUTRAL 全地形機能風瑪莉珍鞋 全黑(36-42),https://www.fmshoes.com.tw/products/69e581684354d82fbce86be7?variation=69e581669b04810010855bfd,https://img.shoplineapp.com/media/image_clips/69e5800da024860b422bcdc8/original.jpg?1776648205=&owner_id=627e1d404e691000311b0a4f,2080 TWD,in stock,new
69e5825772c6300f0dd22c4b:69e58254acad3a00129b59e4,NEUTRAL 全地形機能風瑪莉珍鞋 銀(36-42),NEUTRAL 全地形機能風瑪莉珍鞋 銀(36-42),https://www.fmshoes.com.tw/products/69e5825772c6300f0dd22c4b?variation=69e58254acad3a00129b59e4,https://img.shoplineapp.com/media/image_clips/69e581a59a5e174d68f234af/original.jpg?1776648613=&owner_id=627e1d404e691000311b0a4f,2080 TWD,in stock,new
69e5825772c6300f0dd22c4b:69e58254acad3a00129b59e5,NEUTRAL 全地形機能風瑪莉珍鞋 銀(36-42),NEUTRAL 全地形機能風瑪莉珍鞋 銀(36-42),https://www.fmshoes.com.tw/products/69e5825772c6300f0dd22c4b?variation=69e58254acad3a00129b59e5,https://img.shoplineapp.com/media/image_clips/69e581a59a5e174d68f234af/original.jpg?1776648613=&owner_id=627e1d404e691000311b0a4f,2080 TWD,in stock,new
69e5825772c6300f0dd22c4b:69e58254acad3a00129b59e6,NEUTRAL 全地形機能風瑪莉珍鞋 銀(36-42),NEUTRAL 全地形機能風瑪莉珍鞋 銀(36-42),https://www.fmshoes.com.tw/products/69e5825772c6300f0dd22c4b?variation=69e58254acad3a00129b59e6,https://img.shoplineapp.com/media/image_clips/69e581a59a5e174d68f234af/original.jpg?1776648613=&owner_id=627e1d404e691000311b0a4f,2080 TWD,in stock,new
69e5825772c6300f0dd22c4b:69e58254acad3a00129b59e7,NEUTRAL 全地形機能風瑪莉珍鞋 銀(36-42),NEUTRAL 全地形機能風瑪莉珍鞋 銀(36-42),https://www.fmshoes.com.tw/products/69e5825772c6300f0dd22c4b?variation=69e58254acad3a00129b59e7,https://img.shoplineapp.com/media/image_clips/69e581a59a5e174d68f234af/original.jpg?1776648613=&owner_id=627e1d404e691000311b0a4f,2080 TWD,in stock,new
69e5825772c6300f0dd22c4b:69e58254acad3a00129b59e8,NEUTRAL 全地形機能風瑪莉珍鞋 銀(36-42),NEUTRAL 全地形機能風瑪莉珍鞋 銀(36-42),https://www.fmshoes.com.tw/products/69e5825772c6300f0dd22c4b?variation=69e58254acad3a00129b59e8,https://img.shoplineapp.com/media/image_clips/69e581a59a5e174d68f234af/original.jpg?1776648613=&owner_id=627e1d404e691000311b0a4f,2080 TWD,in stock,new
69e5825772c6300f0dd22c4b:69e58254acad3a00129b59e9,NEUTRAL 全地形機能風瑪莉珍鞋 銀(36-42),NEUTRAL 全地形機能風瑪莉珍鞋 銀(36-42),https://www.fmshoes.com.tw/products/69e5825772c6300f0dd22c4b?variation=69e58254acad3a00129b59e9,https://img.shoplineapp.com/media/image_clips/69e581a59a5e174d68f234af/original.jpg?1776648613=&owner_id=627e1d404e691000311b0a4f,2080 TWD,in stock,new
69e9b1f826b643c5aafb4057:69e9b1f6cbde2f00149b9e3c,FM SHOES 女款質感側扣真皮樂福鞋 黑(36-40),,https://www.fmshoes.com.tw/products/69e9b1f826b643c5aafb4057?variation=69e9b1f6cbde2f00149b9e3c,https://img.shoplineapp.com/media/image_clips/69e9b18540a97e8bc20d8282/original.jpg?1776923013=&owner_id=627e1d404e691000311b0a4f,2280 TWD,in stock,new
69e9b1f826b643c5aafb4057:69e9b1f6cbde2f00149b9e3d,FM SHOES 女款質感側扣真皮樂福鞋 黑(36-40),,https://www.fmshoes.com.tw/products/69e9b1f826b643c5aafb4057?variation=69e9b1f6cbde2f00149b9e3d,https://img.shoplineapp.com/media/image_clips/69e9b18540a97e8bc20d8282/original.jpg?1776923013=&owner_id=627e1d404e691000311b0a4f,2280 TWD,in stock,new
69e9b1f826b643c5aafb4057:69e9b1f6cbde2f00149b9e3e,FM SHOES 女款質感側扣真皮樂福鞋 黑(36-40),,https://www.fmshoes.com.tw/products/69e9b1f826b643c5aafb4057?variation=69e9b1f6cbde2f00149b9e3e,https://img.shoplineapp.com/media/image_clips/69e9b18540a97e8bc20d8282/original.jpg?1776923013=&owner_id=627e1d404e691000311b0a4f,2280 TWD,in stock,new
69e9b1f826b643c5aafb4057:69e9b1f6cbde2f00149b9e3f,FM SHOES 女款質感側扣真皮樂福鞋 黑(36-40),,https://www.fmshoes.com.tw/products/69e9b1f826b643c5aafb4057?variation=69e9b1f6cbde2f00149b9e3f,https://img.shoplineapp.com/media/image_clips/69e9b18540a97e8bc20d8282/original.jpg?1776923013=&owner_id=627e1d404e691000311b0a4f,2280 TWD,in stock,new
69e9b1f826b643c5aafb4057:69e9b1f6cbde2f00149b9e40,FM SHOES 女款質感側扣真皮樂福鞋 黑(36-40),,https://www.fmshoes.com.tw/products/69e9b1f826b643c5aafb4057?variation=69e9b1f6cbde2f00149b9e40,https://img.shoplineapp.com/media/image_clips/69e9b18540a97e8bc20d8282/original.jpg?1776923013=&owner_id=627e1d404e691000311b0a4f,2280 TWD,in stock,new
69e9b2c33b85370cb0e89ff4:69e9b2c0837dec0010954eed,FM SHOES 女款質感側扣真皮樂福鞋 杏(36-40),,https://www.fmshoes.com.tw/products/69e9b2c33b85370cb0e89ff4?variation=69e9b2c0837dec0010954eed,https://img.shoplineapp.com/media/image_clips/69e9b221838d9a0688fd8669/original.jpg?1776923168=&owner_id=627e1d404e691000311b0a4f,2280 TWD,in stock,new
69e9b2c33b85370cb0e89ff4:69e9b2c0837dec0010954eee,FM SHOES 女款質感側扣真皮樂福鞋 杏(36-40),,https://www.fmshoes.com.tw/products/69e9b2c33b85370cb0e89ff4?variation=69e9b2c0837dec0010954eee,https://img.shoplineapp.com/media/image_clips/69e9b221838d9a0688fd8669/original.jpg?1776923168=&owner_id=627e1d404e691000311b0a4f,2280 TWD,in stock,new
69e9b2c33b85370cb0e89ff4:69e9b2c0837dec0010954eef,FM SHOES 女款質感側扣真皮樂福鞋 杏(36-40),,https://www.fmshoes.com.tw/products/69e9b2c33b85370cb0e89ff4?variation=69e9b2c0837dec0010954eef,https://img.shoplineapp.com/media/image_clips/69e9b221838d9a0688fd8669/original.jpg?1776923168=&owner_id=627e1d404e691000311b0a4f,2280 TWD,in stock,new
69e9b2c33b85370cb0e89ff4:69e9b2c0837dec0010954ef0,FM SHOES 女款質感側扣真皮樂福鞋 杏(36-40),,https://www.fmshoes.com.tw/products/69e9b2c33b85370cb0e89ff4?variation=69e9b2c0837dec0010954ef0,https://img.shoplineapp.com/media/image_clips/69e9b221838d9a0688fd8669/original.jpg?1776923168=&owner_id=627e1d404e691000311b0a4f,2280 TWD,in stock,new
69e9b2c33b85370cb0e89ff4:69e9b2c0837dec0010954ef1,FM SHOES 女款質感側扣真皮樂福鞋 杏(36-40),,https://www.fmshoes.com.tw/products/69e9b2c33b85370cb0e89ff4?variation=69e9b2c0837dec0010954ef1,https://img.shoplineapp.com/media/image_clips/69e9b221838d9a0688fd8669/original.jpg?1776923168=&owner_id=627e1d404e691000311b0a4f,2280 TWD,in stock,new
69e9b3df1887fc3a11870ef1:69e9b3dc0e608b00100c58a7,FM SHOES 英倫風鋸齒真皮增高款樂福鞋 黑(36-40),,https://www.fmshoes.com.tw/products/69e9b3df1887fc3a11870ef1?variation=69e9b3dc0e608b00100c58a7,https://img.shoplineapp.com/media/image_clips/69e9db674da0088efe3410b5/original.jpg?1776933735=&owner_id=627e1d404e691000311b0a4f,2280 TWD,in stock,new
69e9b3df1887fc3a11870ef1:69e9b3dc0e608b00100c58a8,FM SHOES 英倫風鋸齒真皮增高款樂福鞋 黑(36-40),,https://www.fmshoes.com.tw/products/69e9b3df1887fc3a11870ef1?variation=69e9b3dc0e608b00100c58a8,https://img.shoplineapp.com/media/image_clips/69e9db674da0088efe3410b5/original.jpg?1776933735=&owner_id=627e1d404e691000311b0a4f,2280 TWD,in stock,new
69e9b3df1887fc3a11870ef1:69e9b3dc0e608b00100c58a9,FM SHOES 英倫風鋸齒真皮增高款樂福鞋 黑(36-40),,https://www.fmshoes.com.tw/products/69e9b3df1887fc3a11870ef1?variation=69e9b3dc0e608b00100c58a9,https://img.shoplineapp.com/media/image_clips/69e9db674da0088efe3410b5/original.jpg?1776933735=&owner_id=627e1d404e691000311b0a4f,2280 TWD,in stock,new
69e9b3df1887fc3a11870ef1:69e9b3dc0e608b00100c58aa,FM SHOES 英倫風鋸齒真皮增高款樂福鞋 黑(36-40),,https://www.fmshoes.com.tw/products/69e9b3df1887fc3a11870ef1?variation=69e9b3dc0e608b00100c58aa,https://img.shoplineapp.com/media/image_clips/69e9db674da0088efe3410b5/original.jpg?1776933735=&owner_id=627e1d404e691000311b0a4f,2280 TWD,in stock,new
69e9b3df1887fc3a11870ef1:69e9b3dc0e608b00100c58ab,FM SHOES 英倫風鋸齒真皮增高款樂福鞋 黑(36-40),,https://www.fmshoes.com.tw/products/69e9b3df1887fc3a11870ef1?variation=69e9b3dc0e608b00100c58ab,https://img.shoplineapp.com/media/image_clips/69e9db674da0088efe3410b5/original.jpg?1776933735=&owner_id=627e1d404e691000311b0a4f,2280 TWD,in stock,new
69e9cc8626b6433042fb409f:69e9cc83837dec0012954f6e,FM SHOES 真皮極簡拼接質感德訓鞋 米白(36-42),,https://www.fmshoes.com.tw/products/69e9cc8626b6433042fb409f?variation=69e9cc83837dec0012954f6e,https://img.shoplineapp.com/media/image_clips/69f054cc0e4a044e0d152f3e/original.jpg?1777358028=&owner_id=627e1d404e691000311b0a4f,2280 TWD,in stock,new
69e9cc8626b6433042fb409f:69e9cc83837dec0012954f6f,FM SHOES 真皮極簡拼接質感德訓鞋 米白(36-42),,https://www.fmshoes.com.tw/products/69e9cc8626b6433042fb409f?variation=69e9cc83837dec0012954f6f,https://img.shoplineapp.com/media/image_clips/69f054cc0e4a044e0d152f3e/original.jpg?1777358028=&owner_id=627e1d404e691000311b0a4f,2280 TWD,in stock,new
69e9cc8626b6433042fb409f:69e9cc83837dec0012954f70,FM SHOES 真皮極簡拼接質感德訓鞋 米白(36-42),,https://www.fmshoes.com.tw/products/69e9cc8626b6433042fb409f?variation=69e9cc83837dec0012954f70,https://img.shoplineapp.com/media/image_clips/69f054cc0e4a044e0d152f3e/original.jpg?1777358028=&owner_id=627e1d404e691000311b0a4f,2280 TWD,in stock,new
69e9cc8626b6433042fb409f:69e9cc83837dec0012954f71,FM SHOES 真皮極簡拼接質感德訓鞋 米白(36-42),,https://www.fmshoes.com.tw/products/69e9cc8626b6433042fb409f?variation=69e9cc83837dec0012954f71,https://img.shoplineapp.com/media/image_clips/69f054cc0e4a044e0d152f3e/original.jpg?1777358028=&owner_id=627e1d404e691000311b0a4f,2280 TWD,in stock,new
69e9cc8626b6433042fb409f:69e9cc83837dec0012954f72,FM SHOES 真皮極簡拼接質感德訓鞋 米白(36-42),,https://www.fmshoes.com.tw/products/69e9cc8626b6433042fb409f?variation=69e9cc83837dec0012954f72,https://img.shoplineapp.com/media/image_clips/69f054cc0e4a044e0d152f3e/original.jpg?1777358028=&owner_id=627e1d404e691000311b0a4f,2280 TWD,in stock,new
69e9cc8626b6433042fb409f:69e9cc83837dec0012954f73,FM SHOES 真皮極簡拼接質感德訓鞋 米白(36-42),,https://www.fmshoes.com.tw/products/69e9cc8626b6433042fb409f?variation=69e9cc83837dec0012954f73,https://img.shoplineapp.com/media/image_clips/69f054cc0e4a044e0d152f3e/original.jpg?1777358028=&owner_id=627e1d404e691000311b0a4f,2280 TWD,in stock,new
69e9cc8626b6433042fb409f:69e9cc83837dec0012954f74,FM SHOES 真皮極簡拼接質感德訓鞋 米白(36-42),,https://www.fmshoes.com.tw/products/69e9cc8626b6433042fb409f?variation=69e9cc83837dec0012954f74,https://img.shoplineapp.com/media/image_clips/69f054cc0e4a044e0d152f3e/original.jpg?1777358028=&owner_id=627e1d404e691000311b0a4f,2280 TWD,in stock,new
69e9cd0da5f2c603e6af8595:69e9cd0aad9c860014b90104,FM SHOES 真皮極簡拼接質感德訓鞋 杏(36-42),,https://www.fmshoes.com.tw/products/69e9cd0da5f2c603e6af8595?variation=69e9cd0aad9c860014b90104,https://img.shoplineapp.com/media/image_clips/69f05563f08a8f5cdae0891e/original.jpg?1777358179=&owner_id=627e1d404e691000311b0a4f,2280 TWD,in stock,new
69e9cd0da5f2c603e6af8595:69e9cd0aad9c860014b90105,FM SHOES 真皮極簡拼接質感德訓鞋 杏(36-42),,https://www.fmshoes.com.tw/products/69e9cd0da5f2c603e6af8595?variation=69e9cd0aad9c860014b90105,https://img.shoplineapp.com/media/image_clips/69f05563f08a8f5cdae0891e/original.jpg?1777358179=&owner_id=627e1d404e691000311b0a4f,2280 TWD,in stock,new
69e9cd0da5f2c603e6af8595:69e9cd0aad9c860014b90106,FM SHOES 真皮極簡拼接質感德訓鞋 杏(36-42),,https://www.fmshoes.com.tw/products/69e9cd0da5f2c603e6af8595?variation=69e9cd0aad9c860014b90106,https://img.shoplineapp.com/media/image_clips/69f05563f08a8f5cdae0891e/original.jpg?1777358179=&owner_id=627e1d404e691000311b0a4f,2280 TWD,in stock,new
69e9cd0da5f2c603e6af8595:69e9cd0aad9c860014b90107,FM SHOES 真皮極簡拼接質感德訓鞋 杏(36-42),,https://www.fmshoes.com.tw/products/69e9cd0da5f2c603e6af8595?variation=69e9cd0aad9c860014b90107,https://img.shoplineapp.com/media/image_clips/69f05563f08a8f5cdae0891e/original.jpg?1777358179=&owner_id=627e1d404e691000311b0a4f,2280 TWD,in stock,new
69e9cd0da5f2c603e6af8595:69e9cd0aad9c860014b90108,FM SHOES 真皮極簡拼接質感德訓鞋 杏(36-42),,https://www.fmshoes.com.tw/products/69e9cd0da5f2c603e6af8595?variation=69e9cd0aad9c860014b90108,https://img.shoplineapp.com/media/image_clips/69f05563f08a8f5cdae0891e/original.jpg?1777358179=&owner_id=627e1d404e691000311b0a4f,2280 TWD,in stock,new
69e9cd0da5f2c603e6af8595:69e9cd0aad9c860014b90109,FM SHOES 真皮極簡拼接質感德訓鞋 杏(36-42),,https://www.fmshoes.com.tw/products/69e9cd0da5f2c603e6af8595?variation=69e9cd0aad9c860014b90109,https://img.shoplineapp.com/media/image_clips/69f05563f08a8f5cdae0891e/original.jpg?1777358179=&owner_id=627e1d404e691000311b0a4f,2280 TWD,in stock,new
69e9cd0da5f2c603e6af8595:69e9cd0aad9c860014b9010a,FM SHOES 真皮極簡拼接質感德訓鞋 杏(36-42),,https://www.fmshoes.com.tw/products/69e9cd0da5f2c603e6af8595?variation=69e9cd0aad9c860014b9010a,https://img.shoplineapp.com/media/image_clips/69f05563f08a8f5cdae0891e/original.jpg?1777358179=&owner_id=627e1d404e691000311b0a4f,2280 TWD,in stock,new
6a0c0cb87f1439e14d4bc8e1:6a0c0cb540febb00097c96fb,NEUTRAL 透氣減壓大氣墊美體健走鞋 黑(36-42),NEUTRAL 透氣減壓大氣墊美體健走鞋 黑(36-42),https://www.fmshoes.com.tw/products/6a0c0cb87f1439e14d4bc8e1?variation=6a0c0cb540febb00097c96fb,https://img.shoplineapp.com/media/image_clips/6a436fc1f32099aae89f35da/original.jpg?1782804417=&owner_id=627e1d404e691000311b0a4f,1680 TWD,in stock,new
6a0c0cb87f1439e14d4bc8e1:6a0c0cb540febb00097c96fc,NEUTRAL 透氣減壓大氣墊美體健走鞋 黑(36-42),NEUTRAL 透氣減壓大氣墊美體健走鞋 黑(36-42),https://www.fmshoes.com.tw/products/6a0c0cb87f1439e14d4bc8e1?variation=6a0c0cb540febb00097c96fc,https://img.shoplineapp.com/media/image_clips/6a436fc1f32099aae89f35da/original.jpg?1782804417=&owner_id=627e1d404e691000311b0a4f,1680 TWD,in stock,new
6a0c0cb87f1439e14d4bc8e1:6a0c0cb540febb00097c96fd,NEUTRAL 透氣減壓大氣墊美體健走鞋 黑(36-42),NEUTRAL 透氣減壓大氣墊美體健走鞋 黑(36-42),https://www.fmshoes.com.tw/products/6a0c0cb87f1439e14d4bc8e1?variation=6a0c0cb540febb00097c96fd,https://img.shoplineapp.com/media/image_clips/6a436fc1f32099aae89f35da/original.jpg?1782804417=&owner_id=627e1d404e691000311b0a4f,1680 TWD,in stock,new
6a0c0cb87f1439e14d4bc8e1:6a0c0cb540febb00097c96fe,NEUTRAL 透氣減壓大氣墊美體健走鞋 黑(36-42),NEUTRAL 透氣減壓大氣墊美體健走鞋 黑(36-42),https://www.fmshoes.com.tw/products/6a0c0cb87f1439e14d4bc8e1?variation=6a0c0cb540febb00097c96fe,https://img.shoplineapp.com/media/image_clips/6a436fc1f32099aae89f35da/original.jpg?1782804417=&owner_id=627e1d404e691000311b0a4f,1680 TWD,in stock,new
6a0c0cb87f1439e14d4bc8e1:6a0c0cb540febb00097c96ff,NEUTRAL 透氣減壓大氣墊美體健走鞋 黑(36-42),NEUTRAL 透氣減壓大氣墊美體健走鞋 黑(36-42),https://www.fmshoes.com.tw/products/6a0c0cb87f1439e14d4bc8e1?variation=6a0c0cb540febb00097c96ff,https://img.shoplineapp.com/media/image_clips/6a436fc1f32099aae89f35da/original.jpg?1782804417=&owner_id=627e1d404e691000311b0a4f,1680 TWD,in stock,new
6a0c0cb87f1439e14d4bc8e1:6a0c0cb540febb00097c9700,NEUTRAL 透氣減壓大氣墊美體健走鞋 黑(36-42),NEUTRAL 透氣減壓大氣墊美體健走鞋 黑(36-42),https://www.fmshoes.com.tw/products/6a0c0cb87f1439e14d4bc8e1?variation=6a0c0cb540febb00097c9700,https://img.shoplineapp.com/media/image_clips/6a436fc1f32099aae89f35da/original.jpg?1782804417=&owner_id=627e1d404e691000311b0a4f,1680 TWD,in stock,new
6a0c23db7630661844a20b42:6a0c23d953b918000d53684e,NEUTRAL 戶外風格高透氣網層耐油止滑鞋 黑(36-45),NEUTRAL 戶外風格高透氣網層耐油止滑鞋 黑(36-45),https://www.fmshoes.com.tw/products/6a0c23db7630661844a20b42?variation=6a0c23d953b918000d53684e,https://img.shoplineapp.com/media/image_clips/6a2a50bee722f8c08d2e4ba0/original.jpg?1781158078=&owner_id=627e1d404e691000311b0a4f,2480 TWD,in stock,new
6a0c23db7630661844a20b42:6a0c23d953b918000d53684f,NEUTRAL 戶外風格高透氣網層耐油止滑鞋 黑(36-45),NEUTRAL 戶外風格高透氣網層耐油止滑鞋 黑(36-45),https://www.fmshoes.com.tw/products/6a0c23db7630661844a20b42?variation=6a0c23d953b918000d53684f,https://img.shoplineapp.com/media/image_clips/6a2a50bee722f8c08d2e4ba0/original.jpg?1781158078=&owner_id=627e1d404e691000311b0a4f,2480 TWD,in stock,new
6a0c23db7630661844a20b42:6a0c23d953b918000d536850,NEUTRAL 戶外風格高透氣網層耐油止滑鞋 黑(36-45),NEUTRAL 戶外風格高透氣網層耐油止滑鞋 黑(36-45),https://www.fmshoes.com.tw/products/6a0c23db7630661844a20b42?variation=6a0c23d953b918000d536850,https://img.shoplineapp.com/media/image_clips/6a2a50bee722f8c08d2e4ba0/original.jpg?1781158078=&owner_id=627e1d404e691000311b0a4f,2480 TWD,in stock,new
6a0c23db7630661844a20b42:6a0c23d953b918000d536851,NEUTRAL 戶外風格高透氣網層耐油止滑鞋 黑(36-45),NEUTRAL 戶外風格高透氣網層耐油止滑鞋 黑(36-45),https://www.fmshoes.com.tw/products/6a0c23db7630661844a20b42?variation=6a0c23d953b918000d536851,https://img.shoplineapp.com/media/image_clips/6a2a50bee722f8c08d2e4ba0/original.jpg?1781158078=&owner_id=627e1d404e691000311b0a4f,2480 TWD,in stock,new
6a0c23db7630661844a20b42:6a0c23d953b918000d536852,NEUTRAL 戶外風格高透氣網層耐油止滑鞋 黑(36-45),NEUTRAL 戶外風格高透氣網層耐油止滑鞋 黑(36-45),https://www.fmshoes.com.tw/products/6a0c23db7630661844a20b42?variation=6a0c23d953b918000d536852,https://img.shoplineapp.com/media/image_clips/6a2a50bee722f8c08d2e4ba0/original.jpg?1781158078=&owner_id=627e1d404e691000311b0a4f,2480 TWD,in stock,new
6a0c23db7630661844a20b42:6a0c23d953b918000d536853,NEUTRAL 戶外風格高透氣網層耐油止滑鞋 黑(36-45),NEUTRAL 戶外風格高透氣網層耐油止滑鞋 黑(36-45),https://www.fmshoes.com.tw/products/6a0c23db7630661844a20b42?variation=6a0c23d953b918000d536853,https://img.shoplineapp.com/media/image_clips/6a2a50bee722f8c08d2e4ba0/original.jpg?1781158078=&owner_id=627e1d404e691000311b0a4f,2480 TWD,in stock,new
6a0c23db7630661844a20b42:6a0c23d953b918000d536854,NEUTRAL 戶外風格高透氣網層耐油止滑鞋 黑(36-45),NEUTRAL 戶外風格高透氣網層耐油止滑鞋 黑(36-45),https://www.fmshoes.com.tw/products/6a0c23db7630661844a20b42?variation=6a0c23d953b918000d536854,https://img.shoplineapp.com/media/image_clips/6a2a50bee722f8c08d2e4ba0/original.jpg?1781158078=&owner_id=627e1d404e691000311b0a4f,2480 TWD,in stock,new
6a0c23db7630661844a20b42:6a0c23d953b918000d536855,NEUTRAL 戶外風格高透氣網層耐油止滑鞋 黑(36-45),NEUTRAL 戶外風格高透氣網層耐油止滑鞋 黑(36-45),https://www.fmshoes.com.tw/products/6a0c23db7630661844a20b42?variation=6a0c23d953b918000d536855,https://img.shoplineapp.com/media/image_clips/6a2a50bee722f8c08d2e4ba0/original.jpg?1781158078=&owner_id=627e1d404e691000311b0a4f,2480 TWD,in stock,new
6a0c23db7630661844a20b42:6a0c23d953b918000d536856,NEUTRAL 戶外風格高透氣網層耐油止滑鞋 黑(36-45),NEUTRAL 戶外風格高透氣網層耐油止滑鞋 黑(36-45),https://www.fmshoes.com.tw/products/6a0c23db7630661844a20b42?variation=6a0c23d953b918000d536856,https://img.shoplineapp.com/media/image_clips/6a2a50bee722f8c08d2e4ba0/original.jpg?1781158078=&owner_id=627e1d404e691000311b0a4f,2480 TWD,in stock,new
6a0c24d1c1509aa1f595bbee:6a0c24cfca5d2c000a7ccf7b,NEUTRAL 戶外風格高透氣網層耐油止滑鞋 銀(36-45),NEUTRAL 戶外風格高透氣網層耐油止滑鞋 銀(36-45),https://www.fmshoes.com.tw/products/6a0c24d1c1509aa1f595bbee?variation=6a0c24cfca5d2c000a7ccf7b,https://img.shoplineapp.com/media/image_clips/6a2a5162fc42bbc1187f4d89/original.jpg?1781158241=&owner_id=627e1d404e691000311b0a4f,2480 TWD,in stock,new
6a0c24d1c1509aa1f595bbee:6a0c24cfca5d2c000a7ccf7c,NEUTRAL 戶外風格高透氣網層耐油止滑鞋 銀(36-45),NEUTRAL 戶外風格高透氣網層耐油止滑鞋 銀(36-45),https://www.fmshoes.com.tw/products/6a0c24d1c1509aa1f595bbee?variation=6a0c24cfca5d2c000a7ccf7c,https://img.shoplineapp.com/media/image_clips/6a2a5162fc42bbc1187f4d89/original.jpg?1781158241=&owner_id=627e1d404e691000311b0a4f,2480 TWD,in stock,new
6a0c24d1c1509aa1f595bbee:6a0c24cfca5d2c000a7ccf7d,NEUTRAL 戶外風格高透氣網層耐油止滑鞋 銀(36-45),NEUTRAL 戶外風格高透氣網層耐油止滑鞋 銀(36-45),https://www.fmshoes.com.tw/products/6a0c24d1c1509aa1f595bbee?variation=6a0c24cfca5d2c000a7ccf7d,https://img.shoplineapp.com/media/image_clips/6a2a5162fc42bbc1187f4d89/original.jpg?1781158241=&owner_id=627e1d404e691000311b0a4f,2480 TWD,in stock,new
6a0c24d1c1509aa1f595bbee:6a0c24cfca5d2c000a7ccf7e,NEUTRAL 戶外風格高透氣網層耐油止滑鞋 銀(36-45),NEUTRAL 戶外風格高透氣網層耐油止滑鞋 銀(36-45),https://www.fmshoes.com.tw/products/6a0c24d1c1509aa1f595bbee?variation=6a0c24cfca5d2c000a7ccf7e,https://img.shoplineapp.com/media/image_clips/6a2a5162fc42bbc1187f4d89/original.jpg?1781158241=&owner_id=627e1d404e691000311b0a4f,2480 TWD,in stock,new
6a0c24d1c1509aa1f595bbee:6a0c24cfca5d2c000a7ccf7f,NEUTRAL 戶外風格高透氣網層耐油止滑鞋 銀(36-45),NEUTRAL 戶外風格高透氣網層耐油止滑鞋 銀(36-45),https://www.fmshoes.com.tw/products/6a0c24d1c1509aa1f595bbee?variation=6a0c24cfca5d2c000a7ccf7f,https://img.shoplineapp.com/media/image_clips/6a2a5162fc42bbc1187f4d89/original.jpg?1781158241=&owner_id=627e1d404e691000311b0a4f,2480 TWD,in stock,new
6a0c24d1c1509aa1f595bbee:6a0c24cfca5d2c000a7ccf80,NEUTRAL 戶外風格高透氣網層耐油止滑鞋 銀(36-45),NEUTRAL 戶外風格高透氣網層耐油止滑鞋 銀(36-45),https://www.fmshoes.com.tw/products/6a0c24d1c1509aa1f595bbee?variation=6a0c24cfca5d2c000a7ccf80,https://img.shoplineapp.com/media/image_clips/6a2a5162fc42bbc1187f4d89/original.jpg?1781158241=&owner_id=627e1d404e691000311b0a4f,2480 TWD,in stock,new
6a0c24d1c1509aa1f595bbee:6a0c24cfca5d2c000a7ccf81,NEUTRAL 戶外風格高透氣網層耐油止滑鞋 銀(36-45),NEUTRAL 戶外風格高透氣網層耐油止滑鞋 銀(36-45),https://www.fmshoes.com.tw/products/6a0c24d1c1509aa1f595bbee?variation=6a0c24cfca5d2c000a7ccf81,https://img.shoplineapp.com/media/image_clips/6a2a5162fc42bbc1187f4d89/original.jpg?1781158241=&owner_id=627e1d404e691000311b0a4f,2480 TWD,in stock,new
6a0c24d1c1509aa1f595bbee:6a0c24cfca5d2c000a7ccf82,NEUTRAL 戶外風格高透氣網層耐油止滑鞋 銀(36-45),NEUTRAL 戶外風格高透氣網層耐油止滑鞋 銀(36-45),https://www.fmshoes.com.tw/products/6a0c24d1c1509aa1f595bbee?variation=6a0c24cfca5d2c000a7ccf82,https://img.shoplineapp.com/media/image_clips/6a2a5162fc42bbc1187f4d89/original.jpg?1781158241=&owner_id=627e1d404e691000311b0a4f,2480 TWD,in stock,new
6a0c24d1c1509aa1f595bbee:6a0c24cfca5d2c000a7ccf83,NEUTRAL 戶外風格高透氣網層耐油止滑鞋 銀(36-45),NEUTRAL 戶外風格高透氣網層耐油止滑鞋 銀(36-45),https://www.fmshoes.com.tw/products/6a0c24d1c1509aa1f595bbee?variation=6a0c24cfca5d2c000a7ccf83,https://img.shoplineapp.com/media/image_clips/6a2a5162fc42bbc1187f4d89/original.jpg?1781158241=&owner_id=627e1d404e691000311b0a4f,2480 TWD,in stock,new
6a0c24d1c1509aa1f595bbee:6a0c24cfca5d2c000a7ccf84,NEUTRAL 戶外風格高透氣網層耐油止滑鞋 銀(36-45),NEUTRAL 戶外風格高透氣網層耐油止滑鞋 銀(36-45),https://www.fmshoes.com.tw/products/6a0c24d1c1509aa1f595bbee?variation=6a0c24cfca5d2c000a7ccf84,https://img.shoplineapp.com/media/image_clips/6a2a5162fc42bbc1187f4d89/original.jpg?1781158241=&owner_id=627e1d404e691000311b0a4f,2480 TWD,in stock,new
6a0c257b727a85cc5d0f2ad3:6a0c2578ce02ac0016df7171,NEUTRAL 戶外風格高透氣網層耐油止滑鞋 白(36-45),NEUTRAL 戶外風格高透氣網層耐油止滑鞋 白(36-45),https://www.fmshoes.com.tw/products/6a0c257b727a85cc5d0f2ad3?variation=6a0c2578ce02ac0016df7171,https://img.shoplineapp.com/media/image_clips/6a2a4e71b3f733ae69da8866/original.jpg?1781157488=&owner_id=627e1d404e691000311b0a4f,2480 TWD,in stock,new
6a0c257b727a85cc5d0f2ad3:6a0c2578ce02ac0016df7172,NEUTRAL 戶外風格高透氣網層耐油止滑鞋 白(36-45),NEUTRAL 戶外風格高透氣網層耐油止滑鞋 白(36-45),https://www.fmshoes.com.tw/products/6a0c257b727a85cc5d0f2ad3?variation=6a0c2578ce02ac0016df7172,https://img.shoplineapp.com/media/image_clips/6a2a4e71b3f733ae69da8866/original.jpg?1781157488=&owner_id=627e1d404e691000311b0a4f,2480 TWD,in stock,new
6a0c257b727a85cc5d0f2ad3:6a0c2578ce02ac0016df7173,NEUTRAL 戶外風格高透氣網層耐油止滑鞋 白(36-45),NEUTRAL 戶外風格高透氣網層耐油止滑鞋 白(36-45),https://www.fmshoes.com.tw/products/6a0c257b727a85cc5d0f2ad3?variation=6a0c2578ce02ac0016df7173,https://img.shoplineapp.com/media/image_clips/6a2a4e71b3f733ae69da8866/original.jpg?1781157488=&owner_id=627e1d404e691000311b0a4f,2480 TWD,in stock,new
6a0c257b727a85cc5d0f2ad3:6a0c2578ce02ac0016df7174,NEUTRAL 戶外風格高透氣網層耐油止滑鞋 白(36-45),NEUTRAL 戶外風格高透氣網層耐油止滑鞋 白(36-45),https://www.fmshoes.com.tw/products/6a0c257b727a85cc5d0f2ad3?variation=6a0c2578ce02ac0016df7174,https://img.shoplineapp.com/media/image_clips/6a2a4e71b3f733ae69da8866/original.jpg?1781157488=&owner_id=627e1d404e691000311b0a4f,2480 TWD,in stock,new
6a0c257b727a85cc5d0f2ad3:6a0c2578ce02ac0016df7175,NEUTRAL 戶外風格高透氣網層耐油止滑鞋 白(36-45),NEUTRAL 戶外風格高透氣網層耐油止滑鞋 白(36-45),https://www.fmshoes.com.tw/products/6a0c257b727a85cc5d0f2ad3?variation=6a0c2578ce02ac0016df7175,https://img.shoplineapp.com/media/image_clips/6a2a4e71b3f733ae69da8866/original.jpg?1781157488=&owner_id=627e1d404e691000311b0a4f,2480 TWD,in stock,new
6a0c257b727a85cc5d0f2ad3:6a0c2578ce02ac0016df7176,NEUTRAL 戶外風格高透氣網層耐油止滑鞋 白(36-45),NEUTRAL 戶外風格高透氣網層耐油止滑鞋 白(36-45),https://www.fmshoes.com.tw/products/6a0c257b727a85cc5d0f2ad3?variation=6a0c2578ce02ac0016df7176,https://img.shoplineapp.com/media/image_clips/6a2a4e71b3f733ae69da8866/original.jpg?1781157488=&owner_id=627e1d404e691000311b0a4f,2480 TWD,in stock,new
6a0c257b727a85cc5d0f2ad3:6a0c2578ce02ac0016df7177,NEUTRAL 戶外風格高透氣網層耐油止滑鞋 白(36-45),NEUTRAL 戶外風格高透氣網層耐油止滑鞋 白(36-45),https://www.fmshoes.com.tw/products/6a0c257b727a85cc5d0f2ad3?variation=6a0c2578ce02ac0016df7177,https://img.shoplineapp.com/media/image_clips/6a2a4e71b3f733ae69da8866/original.jpg?1781157488=&owner_id=627e1d404e691000311b0a4f,2480 TWD,in stock,new
6a0c257b727a85cc5d0f2ad3:6a0c2578ce02ac0016df7178,NEUTRAL 戶外風格高透氣網層耐油止滑鞋 白(36-45),NEUTRAL 戶外風格高透氣網層耐油止滑鞋 白(36-45),https://www.fmshoes.com.tw/products/6a0c257b727a85cc5d0f2ad3?variation=6a0c2578ce02ac0016df7178,https://img.shoplineapp.com/media/image_clips/6a2a4e71b3f733ae69da8866/original.jpg?1781157488=&owner_id=627e1d404e691000311b0a4f,2480 TWD,in stock,new
6a0c257b727a85cc5d0f2ad3:6a0c2578ce02ac0016df7179,NEUTRAL 戶外風格高透氣網層耐油止滑鞋 白(36-45),NEUTRAL 戶外風格高透氣網層耐油止滑鞋 白(36-45),https://www.fmshoes.com.tw/products/6a0c257b727a85cc5d0f2ad3?variation=6a0c2578ce02ac0016df7179,https://img.shoplineapp.com/media/image_clips/6a2a4e71b3f733ae69da8866/original.jpg?1781157488=&owner_id=627e1d404e691000311b0a4f,2480 TWD,in stock,new
6a0c257b727a85cc5d0f2ad3:6a0c2578ce02ac0016df717a,NEUTRAL 戶外風格高透氣網層耐油止滑鞋 白(36-45),NEUTRAL 戶外風格高透氣網層耐油止滑鞋 白(36-45),https://www.fmshoes.com.tw/products/6a0c257b727a85cc5d0f2ad3?variation=6a0c2578ce02ac0016df717a,https://img.shoplineapp.com/media/image_clips/6a2a4e71b3f733ae69da8866/original.jpg?1781157488=&owner_id=627e1d404e691000311b0a4f,2480 TWD,in stock,new
6a0d1a8553f43749f8cdcfaf:6a0d1a82c4453800102d0988,FM SHOES 全真皮足弓減壓牛巴革饅頭鞋 杏(36-44),FM SHOES 全真皮足弓減壓牛巴革饅頭鞋 杏(36-44),https://www.fmshoes.com.tw/products/6a0d1a8553f43749f8cdcfaf?variation=6a0d1a82c4453800102d0988,https://img.shoplineapp.com/media/image_clips/6a17ece348ef2e13eff09a46/original.jpg?1779952867=&owner_id=627e1d404e691000311b0a4f,1980 TWD,in stock,new
6a0d1a8553f43749f8cdcfaf:6a0d1a82c4453800102d0989,FM SHOES 全真皮足弓減壓牛巴革饅頭鞋 杏(36-44),FM SHOES 全真皮足弓減壓牛巴革饅頭鞋 杏(36-44),https://www.fmshoes.com.tw/products/6a0d1a8553f43749f8cdcfaf?variation=6a0d1a82c4453800102d0989,https://img.shoplineapp.com/media/image_clips/6a17ece348ef2e13eff09a46/original.jpg?1779952867=&owner_id=627e1d404e691000311b0a4f,1980 TWD,in stock,new
6a0d1a8553f43749f8cdcfaf:6a0d1a82c4453800102d098a,FM SHOES 全真皮足弓減壓牛巴革饅頭鞋 杏(36-44),FM SHOES 全真皮足弓減壓牛巴革饅頭鞋 杏(36-44),https://www.fmshoes.com.tw/products/6a0d1a8553f43749f8cdcfaf?variation=6a0d1a82c4453800102d098a,https://img.shoplineapp.com/media/image_clips/6a17ece348ef2e13eff09a46/original.jpg?1779952867=&owner_id=627e1d404e691000311b0a4f,1980 TWD,in stock,new
6a0d1a8553f43749f8cdcfaf:6a0d1a82c4453800102d098b,FM SHOES 全真皮足弓減壓牛巴革饅頭鞋 杏(36-44),FM SHOES 全真皮足弓減壓牛巴革饅頭鞋 杏(36-44),https://www.fmshoes.com.tw/products/6a0d1a8553f43749f8cdcfaf?variation=6a0d1a82c4453800102d098b,https://img.shoplineapp.com/media/image_clips/6a17ece348ef2e13eff09a46/original.jpg?1779952867=&owner_id=627e1d404e691000311b0a4f,1980 TWD,in stock,new
6a0d1a8553f43749f8cdcfaf:6a0d1a82c4453800102d098c,FM SHOES 全真皮足弓減壓牛巴革饅頭鞋 杏(36-44),FM SHOES 全真皮足弓減壓牛巴革饅頭鞋 杏(36-44),https://www.fmshoes.com.tw/products/6a0d1a8553f43749f8cdcfaf?variation=6a0d1a82c4453800102d098c,https://img.shoplineapp.com/media/image_clips/6a17ece348ef2e13eff09a46/original.jpg?1779952867=&owner_id=627e1d404e691000311b0a4f,1980 TWD,in stock,new
6a0d1a8553f43749f8cdcfaf:6a0d1a82c4453800102d098d,FM SHOES 全真皮足弓減壓牛巴革饅頭鞋 杏(36-44),FM SHOES 全真皮足弓減壓牛巴革饅頭鞋 杏(36-44),https://www.fmshoes.com.tw/products/6a0d1a8553f43749f8cdcfaf?variation=6a0d1a82c4453800102d098d,https://img.shoplineapp.com/media/image_clips/6a17ece348ef2e13eff09a46/original.jpg?1779952867=&owner_id=627e1d404e691000311b0a4f,1980 TWD,in stock,new
6a0d1a8553f43749f8cdcfaf:6a0d1a82c4453800102d098e,FM SHOES 全真皮足弓減壓牛巴革饅頭鞋 杏(36-44),FM SHOES 全真皮足弓減壓牛巴革饅頭鞋 杏(36-44),https://www.fmshoes.com.tw/products/6a0d1a8553f43749f8cdcfaf?variation=6a0d1a82c4453800102d098e,https://img.shoplineapp.com/media/image_clips/6a17ece348ef2e13eff09a46/original.jpg?1779952867=&owner_id=627e1d404e691000311b0a4f,1980 TWD,in stock,new
6a0d1a8553f43749f8cdcfaf:6a0d1a82c4453800102d098f,FM SHOES 全真皮足弓減壓牛巴革饅頭鞋 杏(36-44),FM SHOES 全真皮足弓減壓牛巴革饅頭鞋 杏(36-44),https://www.fmshoes.com.tw/products/6a0d1a8553f43749f8cdcfaf?variation=6a0d1a82c4453800102d098f,https://img.shoplineapp.com/media/image_clips/6a17ece348ef2e13eff09a46/original.jpg?1779952867=&owner_id=627e1d404e691000311b0a4f,1980 TWD,in stock,new
6a0d1a8553f43749f8cdcfaf:6a0d1a82c4453800102d0990,FM SHOES 全真皮足弓減壓牛巴革饅頭鞋 杏(36-44),FM SHOES 全真皮足弓減壓牛巴革饅頭鞋 杏(36-44),https://www.fmshoes.com.tw/products/6a0d1a8553f43749f8cdcfaf?variation=6a0d1a82c4453800102d0990,https://img.shoplineapp.com/media/image_clips/6a17ece348ef2e13eff09a46/original.jpg?1779952867=&owner_id=627e1d404e691000311b0a4f,1980 TWD,in stock,new
6a0d1b419a5fd62ab67a723d:6a0d1b3ecd48a10008a580da,FM SHOES 全真皮足弓減壓牛巴革饅頭鞋 紅棕(36-44),FM SHOES 全真皮足弓減壓牛巴革饅頭鞋 紅棕(36-44),https://www.fmshoes.com.tw/products/6a0d1b419a5fd62ab67a723d?variation=6a0d1b3ecd48a10008a580da,https://img.shoplineapp.com/media/image_clips/6a17edf4906e9a1c7425ebed/original.jpg?1779953139=&owner_id=627e1d404e691000311b0a4f,1980 TWD,in stock,new
6a0d1b419a5fd62ab67a723d:6a0d1b3ecd48a10008a580db,FM SHOES 全真皮足弓減壓牛巴革饅頭鞋 紅棕(36-44),FM SHOES 全真皮足弓減壓牛巴革饅頭鞋 紅棕(36-44),https://www.fmshoes.com.tw/products/6a0d1b419a5fd62ab67a723d?variation=6a0d1b3ecd48a10008a580db,https://img.shoplineapp.com/media/image_clips/6a17edf4906e9a1c7425ebed/original.jpg?1779953139=&owner_id=627e1d404e691000311b0a4f,1980 TWD,in stock,new
6a0d1b419a5fd62ab67a723d:6a0d1b3ecd48a10008a580dc,FM SHOES 全真皮足弓減壓牛巴革饅頭鞋 紅棕(36-44),FM SHOES 全真皮足弓減壓牛巴革饅頭鞋 紅棕(36-44),https://www.fmshoes.com.tw/products/6a0d1b419a5fd62ab67a723d?variation=6a0d1b3ecd48a10008a580dc,https://img.shoplineapp.com/media/image_clips/6a17edf4906e9a1c7425ebed/original.jpg?1779953139=&owner_id=627e1d404e691000311b0a4f,1980 TWD,in stock,new
6a0d1b419a5fd62ab67a723d:6a0d1b3ecd48a10008a580de,FM SHOES 全真皮足弓減壓牛巴革饅頭鞋 紅棕(36-44),FM SHOES 全真皮足弓減壓牛巴革饅頭鞋 紅棕(36-44),https://www.fmshoes.com.tw/products/6a0d1b419a5fd62ab67a723d?variation=6a0d1b3ecd48a10008a580de,https://img.shoplineapp.com/media/image_clips/6a17edf4906e9a1c7425ebed/original.jpg?1779953139=&owner_id=627e1d404e691000311b0a4f,1980 TWD,in stock,new
6a0d1b419a5fd62ab67a723d:6a0d1b3ecd48a10008a580df,FM SHOES 全真皮足弓減壓牛巴革饅頭鞋 紅棕(36-44),FM SHOES 全真皮足弓減壓牛巴革饅頭鞋 紅棕(36-44),https://www.fmshoes.com.tw/products/6a0d1b419a5fd62ab67a723d?variation=6a0d1b3ecd48a10008a580df,https://img.shoplineapp.com/media/image_clips/6a17edf4906e9a1c7425ebed/original.jpg?1779953139=&owner_id=627e1d404e691000311b0a4f,1980 TWD,in stock,new
6a0d1b419a5fd62ab67a723d:6a0d1b3ecd48a10008a580e0,FM SHOES 全真皮足弓減壓牛巴革饅頭鞋 紅棕(36-44),FM SHOES 全真皮足弓減壓牛巴革饅頭鞋 紅棕(36-44),https://www.fmshoes.com.tw/products/6a0d1b419a5fd62ab67a723d?variation=6a0d1b3ecd48a10008a580e0,https://img.shoplineapp.com/media/image_clips/6a17edf4906e9a1c7425ebed/original.jpg?1779953139=&owner_id=627e1d404e691000311b0a4f,1980 TWD,in stock,new
6a0d1b419a5fd62ab67a723d:6a0d1b3ecd48a10008a580e2,FM SHOES 全真皮足弓減壓牛巴革饅頭鞋 紅棕(36-44),FM SHOES 全真皮足弓減壓牛巴革饅頭鞋 紅棕(36-44),https://www.fmshoes.com.tw/products/6a0d1b419a5fd62ab67a723d?variation=6a0d1b3ecd48a10008a580e2,https://img.shoplineapp.com/media/image_clips/6a17edf4906e9a1c7425ebed/original.jpg?1779953139=&owner_id=627e1d404e691000311b0a4f,1980 TWD,in stock,new
6a0d1dac53f437568ecdceb4:6a0d1e547027e0000e1a5ed4,FM SHOES 全真皮足弓減壓牛巴革饅頭鞋 淺藍(36-44),FM SHOES 全真皮足弓減壓牛巴革饅頭鞋 淺藍(36-44),https://www.fmshoes.com.tw/products/6a0d1dac53f437568ecdceb4?variation=6a0d1e547027e0000e1a5ed4,https://img.shoplineapp.com/media/image_clips/6a17ee6d29f28e000c9dd588/original.jpg?1779953261=&owner_id=627e1d404e691000311b0a4f,1980 TWD,in stock,new
6a0d1dac53f437568ecdceb4:6a0d1e547027e0000e1a5ed5,FM SHOES 全真皮足弓減壓牛巴革饅頭鞋 淺藍(36-44),FM SHOES 全真皮足弓減壓牛巴革饅頭鞋 淺藍(36-44),https://www.fmshoes.com.tw/products/6a0d1dac53f437568ecdceb4?variation=6a0d1e547027e0000e1a5ed5,https://img.shoplineapp.com/media/image_clips/6a17ee6d29f28e000c9dd588/original.jpg?1779953261=&owner_id=627e1d404e691000311b0a4f,1980 TWD,in stock,new
6a0d1dac53f437568ecdceb4:6a0d1e547027e0000e1a5ed6,FM SHOES 全真皮足弓減壓牛巴革饅頭鞋 淺藍(36-44),FM SHOES 全真皮足弓減壓牛巴革饅頭鞋 淺藍(36-44),https://www.fmshoes.com.tw/products/6a0d1dac53f437568ecdceb4?variation=6a0d1e547027e0000e1a5ed6,https://img.shoplineapp.com/media/image_clips/6a17ee6d29f28e000c9dd588/original.jpg?1779953261=&owner_id=627e1d404e691000311b0a4f,1980 TWD,in stock,new
6a0d1dac53f437568ecdceb4:6a0d1e547027e0000e1a5ed7,FM SHOES 全真皮足弓減壓牛巴革饅頭鞋 淺藍(36-44),FM SHOES 全真皮足弓減壓牛巴革饅頭鞋 淺藍(36-44),https://www.fmshoes.com.tw/products/6a0d1dac53f437568ecdceb4?variation=6a0d1e547027e0000e1a5ed7,https://img.shoplineapp.com/media/image_clips/6a17ee6d29f28e000c9dd588/original.jpg?1779953261=&owner_id=627e1d404e691000311b0a4f,1980 TWD,in stock,new
6a0d1dac53f437568ecdceb4:6a0d1e547027e0000e1a5ed8,FM SHOES 全真皮足弓減壓牛巴革饅頭鞋 淺藍(36-44),FM SHOES 全真皮足弓減壓牛巴革饅頭鞋 淺藍(36-44),https://www.fmshoes.com.tw/products/6a0d1dac53f437568ecdceb4?variation=6a0d1e547027e0000e1a5ed8,https://img.shoplineapp.com/media/image_clips/6a17ee6d29f28e000c9dd588/original.jpg?1779953261=&owner_id=627e1d404e691000311b0a4f,1980 TWD,in stock,new
6a0d1dac53f437568ecdceb4:6a0d1e547027e0000e1a5ed9,FM SHOES 全真皮足弓減壓牛巴革饅頭鞋 淺藍(36-44),FM SHOES 全真皮足弓減壓牛巴革饅頭鞋 淺藍(36-44),https://www.fmshoes.com.tw/products/6a0d1dac53f437568ecdceb4?variation=6a0d1e547027e0000e1a5ed9,https://img.shoplineapp.com/media/image_clips/6a17ee6d29f28e000c9dd588/original.jpg?1779953261=&owner_id=627e1d404e691000311b0a4f,1980 TWD,in stock,new
6a0d1dac53f437568ecdceb4:6a0d1e547027e0000e1a5eda,FM SHOES 全真皮足弓減壓牛巴革饅頭鞋 淺藍(36-44),FM SHOES 全真皮足弓減壓牛巴革饅頭鞋 淺藍(36-44),https://www.fmshoes.com.tw/products/6a0d1dac53f437568ecdceb4?variation=6a0d1e547027e0000e1a5eda,https://img.shoplineapp.com/media/image_clips/6a17ee6d29f28e000c9dd588/original.jpg?1779953261=&owner_id=627e1d404e691000311b0a4f,1980 TWD,in stock,new
6a0d1dac53f437568ecdceb4:6a0d1e547027e0000e1a5edb,FM SHOES 全真皮足弓減壓牛巴革饅頭鞋 淺藍(36-44),FM SHOES 全真皮足弓減壓牛巴革饅頭鞋 淺藍(36-44),https://www.fmshoes.com.tw/products/6a0d1dac53f437568ecdceb4?variation=6a0d1e547027e0000e1a5edb,https://img.shoplineapp.com/media/image_clips/6a17ee6d29f28e000c9dd588/original.jpg?1779953261=&owner_id=627e1d404e691000311b0a4f,1980 TWD,in stock,new
6a0d1dac53f437568ecdceb4:6a0d1e547027e0000e1a5edc,FM SHOES 全真皮足弓減壓牛巴革饅頭鞋 淺藍(36-44),FM SHOES 全真皮足弓減壓牛巴革饅頭鞋 淺藍(36-44),https://www.fmshoes.com.tw/products/6a0d1dac53f437568ecdceb4?variation=6a0d1e547027e0000e1a5edc,https://img.shoplineapp.com/media/image_clips/6a17ee6d29f28e000c9dd588/original.jpg?1779953261=&owner_id=627e1d404e691000311b0a4f,1980 TWD,in stock,new
6a0d1efba732132e59fde8cb:6a0d1ef9012d0c00084b0137,FM SHOES 全真皮足弓減壓牛巴革饅頭鞋 黑藍(36-44),FM SHOES 全真皮足弓減壓牛巴革饅頭鞋 黑藍(36-44),https://www.fmshoes.com.tw/products/6a0d1efba732132e59fde8cb?variation=6a0d1ef9012d0c00084b0137,https://img.shoplineapp.com/media/image_clips/6a17eeee3f3ac00e7e46fada/original.jpg?1779953389=&owner_id=627e1d404e691000311b0a4f,1980 TWD,in stock,new
6a0d1efba732132e59fde8cb:6a0d1ef9012d0c00084b0138,FM SHOES 全真皮足弓減壓牛巴革饅頭鞋 黑藍(36-44),FM SHOES 全真皮足弓減壓牛巴革饅頭鞋 黑藍(36-44),https://www.fmshoes.com.tw/products/6a0d1efba732132e59fde8cb?variation=6a0d1ef9012d0c00084b0138,https://img.shoplineapp.com/media/image_clips/6a17eeee3f3ac00e7e46fada/original.jpg?1779953389=&owner_id=627e1d404e691000311b0a4f,1980 TWD,in stock,new
6a0d1efba732132e59fde8cb:6a0d1ef9012d0c00084b0139,FM SHOES 全真皮足弓減壓牛巴革饅頭鞋 黑藍(36-44),FM SHOES 全真皮足弓減壓牛巴革饅頭鞋 黑藍(36-44),https://www.fmshoes.com.tw/products/6a0d1efba732132e59fde8cb?variation=6a0d1ef9012d0c00084b0139,https://img.shoplineapp.com/media/image_clips/6a17eeee3f3ac00e7e46fada/original.jpg?1779953389=&owner_id=627e1d404e691000311b0a4f,1980 TWD,in stock,new
6a0d1efba732132e59fde8cb:6a0d1ef9012d0c00084b013a,FM SHOES 全真皮足弓減壓牛巴革饅頭鞋 黑藍(36-44),FM SHOES 全真皮足弓減壓牛巴革饅頭鞋 黑藍(36-44),https://www.fmshoes.com.tw/products/6a0d1efba732132e59fde8cb?variation=6a0d1ef9012d0c00084b013a,https://img.shoplineapp.com/media/image_clips/6a17eeee3f3ac00e7e46fada/original.jpg?1779953389=&owner_id=627e1d404e691000311b0a4f,1980 TWD,in stock,new
6a0d1efba732132e59fde8cb:6a0d1ef9012d0c00084b013b,FM SHOES 全真皮足弓減壓牛巴革饅頭鞋 黑藍(36-44),FM SHOES 全真皮足弓減壓牛巴革饅頭鞋 黑藍(36-44),https://www.fmshoes.com.tw/products/6a0d1efba732132e59fde8cb?variation=6a0d1ef9012d0c00084b013b,https://img.shoplineapp.com/media/image_clips/6a17eeee3f3ac00e7e46fada/original.jpg?1779953389=&owner_id=627e1d404e691000311b0a4f,1980 TWD,in stock,new
6a0d1efba732132e59fde8cb:6a0d1ef9012d0c00084b013c,FM SHOES 全真皮足弓減壓牛巴革饅頭鞋 黑藍(36-44),FM SHOES 全真皮足弓減壓牛巴革饅頭鞋 黑藍(36-44),https://www.fmshoes.com.tw/products/6a0d1efba732132e59fde8cb?variation=6a0d1ef9012d0c00084b013c,https://img.shoplineapp.com/media/image_clips/6a17eeee3f3ac00e7e46fada/original.jpg?1779953389=&owner_id=627e1d404e691000311b0a4f,1980 TWD,in stock,new
6a0d1efba732132e59fde8cb:6a0d1ef9012d0c00084b013d,FM SHOES 全真皮足弓減壓牛巴革饅頭鞋 黑藍(36-44),FM SHOES 全真皮足弓減壓牛巴革饅頭鞋 黑藍(36-44),https://www.fmshoes.com.tw/products/6a0d1efba732132e59fde8cb?variation=6a0d1ef9012d0c00084b013d,https://img.shoplineapp.com/media/image_clips/6a17eeee3f3ac00e7e46fada/original.jpg?1779953389=&owner_id=627e1d404e691000311b0a4f,1980 TWD,in stock,new
6a0d1efba732132e59fde8cb:6a0d1ef9012d0c00084b013e,FM SHOES 全真皮足弓減壓牛巴革饅頭鞋 黑藍(36-44),FM SHOES 全真皮足弓減壓牛巴革饅頭鞋 黑藍(36-44),https://www.fmshoes.com.tw/products/6a0d1efba732132e59fde8cb?variation=6a0d1ef9012d0c00084b013e,https://img.shoplineapp.com/media/image_clips/6a17eeee3f3ac00e7e46fada/original.jpg?1779953389=&owner_id=627e1d404e691000311b0a4f,1980 TWD,in stock,new
6a0d1efba732132e59fde8cb:6a0d1ef9012d0c00084b013f,FM SHOES 全真皮足弓減壓牛巴革饅頭鞋 黑藍(36-44),FM SHOES 全真皮足弓減壓牛巴革饅頭鞋 黑藍(36-44),https://www.fmshoes.com.tw/products/6a0d1efba732132e59fde8cb?variation=6a0d1ef9012d0c00084b013f,https://img.shoplineapp.com/media/image_clips/6a17eeee3f3ac00e7e46fada/original.jpg?1779953389=&owner_id=627e1d404e691000311b0a4f,1980 TWD,in stock,new
6a0ea58ab723260960e1babc:6a0ea58720b43f001407da27,NEUTRAL 漫步輕旅交叉細帶厚底涼鞋 米白(36-41),NEUTRAL 漫步輕旅交叉細帶厚底涼鞋 米白(36-41),https://www.fmshoes.com.tw/products/6a0ea58ab723260960e1babc?variation=6a0ea58720b43f001407da27,https://img.shoplineapp.com/media/image_clips/6a278a81378bb4c70028a7cf/original.jpg?1780976256=&owner_id=627e1d404e691000311b0a4f,1680 TWD,in stock,new
6a0ea58ab723260960e1babc:6a0ea58720b43f001407da28,NEUTRAL 漫步輕旅交叉細帶厚底涼鞋 米白(36-41),NEUTRAL 漫步輕旅交叉細帶厚底涼鞋 米白(36-41),https://www.fmshoes.com.tw/products/6a0ea58ab723260960e1babc?variation=6a0ea58720b43f001407da28,https://img.shoplineapp.com/media/image_clips/6a278a81378bb4c70028a7cf/original.jpg?1780976256=&owner_id=627e1d404e691000311b0a4f,1680 TWD,in stock,new
6a0ea58ab723260960e1babc:6a0ea58720b43f001407da29,NEUTRAL 漫步輕旅交叉細帶厚底涼鞋 米白(36-41),NEUTRAL 漫步輕旅交叉細帶厚底涼鞋 米白(36-41),https://www.fmshoes.com.tw/products/6a0ea58ab723260960e1babc?variation=6a0ea58720b43f001407da29,https://img.shoplineapp.com/media/image_clips/6a278a81378bb4c70028a7cf/original.jpg?1780976256=&owner_id=627e1d404e691000311b0a4f,1680 TWD,in stock,new
6a0ea58ab723260960e1babc:6a0ea58720b43f001407da2a,NEUTRAL 漫步輕旅交叉細帶厚底涼鞋 米白(36-41),NEUTRAL 漫步輕旅交叉細帶厚底涼鞋 米白(36-41),https://www.fmshoes.com.tw/products/6a0ea58ab723260960e1babc?variation=6a0ea58720b43f001407da2a,https://img.shoplineapp.com/media/image_clips/6a278a81378bb4c70028a7cf/original.jpg?1780976256=&owner_id=627e1d404e691000311b0a4f,1680 TWD,in stock,new
6a0ea58ab723260960e1babc:6a0ea58720b43f001407da2b,NEUTRAL 漫步輕旅交叉細帶厚底涼鞋 米白(36-41),NEUTRAL 漫步輕旅交叉細帶厚底涼鞋 米白(36-41),https://www.fmshoes.com.tw/products/6a0ea58ab723260960e1babc?variation=6a0ea58720b43f001407da2b,https://img.shoplineapp.com/media/image_clips/6a278a81378bb4c70028a7cf/original.jpg?1780976256=&owner_id=627e1d404e691000311b0a4f,1680 TWD,in stock,new
6a0ea58ab723260960e1babc:6a0ea58720b43f001407da2c,NEUTRAL 漫步輕旅交叉細帶厚底涼鞋 米白(36-41),NEUTRAL 漫步輕旅交叉細帶厚底涼鞋 米白(36-41),https://www.fmshoes.com.tw/products/6a0ea58ab723260960e1babc?variation=6a0ea58720b43f001407da2c,https://img.shoplineapp.com/media/image_clips/6a278a81378bb4c70028a7cf/original.jpg?1780976256=&owner_id=627e1d404e691000311b0a4f,1680 TWD,in stock,new
6a0ea5f950017719fa0b80e6:6a0ea5f61deeeb001442f8ea,NEUTRAL 漫步輕旅交叉細帶厚底涼鞋 銀(36-41),NEUTRAL 漫步輕旅交叉細帶厚底涼鞋 銀(36-41),https://www.fmshoes.com.tw/products/6a0ea5f950017719fa0b80e6?variation=6a0ea5f61deeeb001442f8ea,https://img.shoplineapp.com/media/image_clips/6a278b1a2e880c1517758d94/original.jpg?1780976410=&owner_id=627e1d404e691000311b0a4f,1680 TWD,in stock,new
6a0ea5f950017719fa0b80e6:6a0ea5f61deeeb001442f8eb,NEUTRAL 漫步輕旅交叉細帶厚底涼鞋 銀(36-41),NEUTRAL 漫步輕旅交叉細帶厚底涼鞋 銀(36-41),https://www.fmshoes.com.tw/products/6a0ea5f950017719fa0b80e6?variation=6a0ea5f61deeeb001442f8eb,https://img.shoplineapp.com/media/image_clips/6a278b1a2e880c1517758d94/original.jpg?1780976410=&owner_id=627e1d404e691000311b0a4f,1680 TWD,in stock,new
6a0ea5f950017719fa0b80e6:6a0ea5f61deeeb001442f8ec,NEUTRAL 漫步輕旅交叉細帶厚底涼鞋 銀(36-41),NEUTRAL 漫步輕旅交叉細帶厚底涼鞋 銀(36-41),https://www.fmshoes.com.tw/products/6a0ea5f950017719fa0b80e6?variation=6a0ea5f61deeeb001442f8ec,https://img.shoplineapp.com/media/image_clips/6a278b1a2e880c1517758d94/original.jpg?1780976410=&owner_id=627e1d404e691000311b0a4f,1680 TWD,in stock,new
6a0ea5f950017719fa0b80e6:6a0ea5f61deeeb001442f8ed,NEUTRAL 漫步輕旅交叉細帶厚底涼鞋 銀(36-41),NEUTRAL 漫步輕旅交叉細帶厚底涼鞋 銀(36-41),https://www.fmshoes.com.tw/products/6a0ea5f950017719fa0b80e6?variation=6a0ea5f61deeeb001442f8ed,https://img.shoplineapp.com/media/image_clips/6a278b1a2e880c1517758d94/original.jpg?1780976410=&owner_id=627e1d404e691000311b0a4f,1680 TWD,in stock,new
6a0ea5f950017719fa0b80e6:6a0ea5f61deeeb001442f8ee,NEUTRAL 漫步輕旅交叉細帶厚底涼鞋 銀(36-41),NEUTRAL 漫步輕旅交叉細帶厚底涼鞋 銀(36-41),https://www.fmshoes.com.tw/products/6a0ea5f950017719fa0b80e6?variation=6a0ea5f61deeeb001442f8ee,https://img.shoplineapp.com/media/image_clips/6a278b1a2e880c1517758d94/original.jpg?1780976410=&owner_id=627e1d404e691000311b0a4f,1680 TWD,in stock,new
6a0ea5f950017719fa0b80e6:6a0ea5f61deeeb001442f8ef,NEUTRAL 漫步輕旅交叉細帶厚底涼鞋 銀(36-41),NEUTRAL 漫步輕旅交叉細帶厚底涼鞋 銀(36-41),https://www.fmshoes.com.tw/products/6a0ea5f950017719fa0b80e6?variation=6a0ea5f61deeeb001442f8ef,https://img.shoplineapp.com/media/image_clips/6a278b1a2e880c1517758d94/original.jpg?1780976410=&owner_id=627e1d404e691000311b0a4f,1680 TWD,in stock,new
6a0ea672ee6a99864104ecdb:6a0ea67051c7250008468d18,NEUTRAL 漫步輕旅交叉細帶厚底涼鞋 黑(36-41),NEUTRAL 漫步輕旅交叉細帶厚底涼鞋 黑(36-41),https://www.fmshoes.com.tw/products/6a0ea672ee6a99864104ecdb?variation=6a0ea67051c7250008468d18,https://img.shoplineapp.com/media/image_clips/6a278b88474407084a8aff0b/original.jpg?1780976519=&owner_id=627e1d404e691000311b0a4f,1680 TWD,in stock,new
6a0ea672ee6a99864104ecdb:6a0ea67051c7250008468d19,NEUTRAL 漫步輕旅交叉細帶厚底涼鞋 黑(36-41),NEUTRAL 漫步輕旅交叉細帶厚底涼鞋 黑(36-41),https://www.fmshoes.com.tw/products/6a0ea672ee6a99864104ecdb?variation=6a0ea67051c7250008468d19,https://img.shoplineapp.com/media/image_clips/6a278b88474407084a8aff0b/original.jpg?1780976519=&owner_id=627e1d404e691000311b0a4f,1680 TWD,in stock,new
6a0ea672ee6a99864104ecdb:6a0ea67051c7250008468d1a,NEUTRAL 漫步輕旅交叉細帶厚底涼鞋 黑(36-41),NEUTRAL 漫步輕旅交叉細帶厚底涼鞋 黑(36-41),https://www.fmshoes.com.tw/products/6a0ea672ee6a99864104ecdb?variation=6a0ea67051c7250008468d1a,https://img.shoplineapp.com/media/image_clips/6a278b88474407084a8aff0b/original.jpg?1780976519=&owner_id=627e1d404e691000311b0a4f,1680 TWD,in stock,new
6a0ea672ee6a99864104ecdb:6a0ea67051c7250008468d1b,NEUTRAL 漫步輕旅交叉細帶厚底涼鞋 黑(36-41),NEUTRAL 漫步輕旅交叉細帶厚底涼鞋 黑(36-41),https://www.fmshoes.com.tw/products/6a0ea672ee6a99864104ecdb?variation=6a0ea67051c7250008468d1b,https://img.shoplineapp.com/media/image_clips/6a278b88474407084a8aff0b/original.jpg?1780976519=&owner_id=627e1d404e691000311b0a4f,1680 TWD,in stock,new
6a0ea672ee6a99864104ecdb:6a0ea67051c7250008468d1c,NEUTRAL 漫步輕旅交叉細帶厚底涼鞋 黑(36-41),NEUTRAL 漫步輕旅交叉細帶厚底涼鞋 黑(36-41),https://www.fmshoes.com.tw/products/6a0ea672ee6a99864104ecdb?variation=6a0ea67051c7250008468d1c,https://img.shoplineapp.com/media/image_clips/6a278b88474407084a8aff0b/original.jpg?1780976519=&owner_id=627e1d404e691000311b0a4f,1680 TWD,in stock,new
6a0ea672ee6a99864104ecdb:6a0ea67051c7250008468d1d,NEUTRAL 漫步輕旅交叉細帶厚底涼鞋 黑(36-41),NEUTRAL 漫步輕旅交叉細帶厚底涼鞋 黑(36-41),https://www.fmshoes.com.tw/products/6a0ea672ee6a99864104ecdb?variation=6a0ea67051c7250008468d1d,https://img.shoplineapp.com/media/image_clips/6a278b88474407084a8aff0b/original.jpg?1780976519=&owner_id=627e1d404e691000311b0a4f,1680 TWD,in stock,new
6a0ea6f4bb3b93629d900a9b:6a0ea6f1ab35d4000af9f8fd,NEUTRAL 漫步輕旅交叉細帶厚底涼鞋 黃(36-41),NEUTRAL 漫步輕旅交叉細帶厚底涼鞋 黃(36-41),https://www.fmshoes.com.tw/products/6a0ea6f4bb3b93629d900a9b?variation=6a0ea6f1ab35d4000af9f8fd,https://img.shoplineapp.com/media/image_clips/6a278bd82e880ccef4759fa4/original.jpg?1780976600=&owner_id=627e1d404e691000311b0a4f,1680 TWD,in stock,new
6a0ea6f4bb3b93629d900a9b:6a0ea6f1ab35d4000af9f8fe,NEUTRAL 漫步輕旅交叉細帶厚底涼鞋 黃(36-41),NEUTRAL 漫步輕旅交叉細帶厚底涼鞋 黃(36-41),https://www.fmshoes.com.tw/products/6a0ea6f4bb3b93629d900a9b?variation=6a0ea6f1ab35d4000af9f8fe,https://img.shoplineapp.com/media/image_clips/6a278bd82e880ccef4759fa4/original.jpg?1780976600=&owner_id=627e1d404e691000311b0a4f,1680 TWD,in stock,new
6a0ea6f4bb3b93629d900a9b:6a0ea6f1ab35d4000af9f8ff,NEUTRAL 漫步輕旅交叉細帶厚底涼鞋 黃(36-41),NEUTRAL 漫步輕旅交叉細帶厚底涼鞋 黃(36-41),https://www.fmshoes.com.tw/products/6a0ea6f4bb3b93629d900a9b?variation=6a0ea6f1ab35d4000af9f8ff,https://img.shoplineapp.com/media/image_clips/6a278bd82e880ccef4759fa4/original.jpg?1780976600=&owner_id=627e1d404e691000311b0a4f,1680 TWD,in stock,new
6a0ea6f4bb3b93629d900a9b:6a0ea6f1ab35d4000af9f900,NEUTRAL 漫步輕旅交叉細帶厚底涼鞋 黃(36-41),NEUTRAL 漫步輕旅交叉細帶厚底涼鞋 黃(36-41),https://www.fmshoes.com.tw/products/6a0ea6f4bb3b93629d900a9b?variation=6a0ea6f1ab35d4000af9f900,https://img.shoplineapp.com/media/image_clips/6a278bd82e880ccef4759fa4/original.jpg?1780976600=&owner_id=627e1d404e691000311b0a4f,1680 TWD,in stock,new
6a0ea6f4bb3b93629d900a9b:6a0ea6f1ab35d4000af9f901,NEUTRAL 漫步輕旅交叉細帶厚底涼鞋 黃(36-41),NEUTRAL 漫步輕旅交叉細帶厚底涼鞋 黃(36-41),https://www.fmshoes.com.tw/products/6a0ea6f4bb3b93629d900a9b?variation=6a0ea6f1ab35d4000af9f901,https://img.shoplineapp.com/media/image_clips/6a278bd82e880ccef4759fa4/original.jpg?1780976600=&owner_id=627e1d404e691000311b0a4f,1680 TWD,in stock,new
6a0ea6f4bb3b93629d900a9b:6a0ea6f1ab35d4000af9f902,NEUTRAL 漫步輕旅交叉細帶厚底涼鞋 黃(36-41),NEUTRAL 漫步輕旅交叉細帶厚底涼鞋 黃(36-41),https://www.fmshoes.com.tw/products/6a0ea6f4bb3b93629d900a9b?variation=6a0ea6f1ab35d4000af9f902,https://img.shoplineapp.com/media/image_clips/6a278bd82e880ccef4759fa4/original.jpg?1780976600=&owner_id=627e1d404e691000311b0a4f,1680 TWD,in stock,new
6a21338eb2b93e426c5d1f20:6a21338c630b3c001209236c,NEUTRAL 帆布瑪莉珍餅乾鞋 米白(36-42),NEUTRAL 帆布瑪莉珍餅乾鞋 米白(36-42),https://www.fmshoes.com.tw/products/6a21338eb2b93e426c5d1f20?variation=6a21338c630b3c001209236c,https://img.shoplineapp.com/media/image_clips/6a44a14a5c09c454404506e1/original.jpg?1782882633=&owner_id=627e1d404e691000311b0a4f,1480 TWD,in stock,new
6a21338eb2b93e426c5d1f20:6a21338c630b3c001209236d,NEUTRAL 帆布瑪莉珍餅乾鞋 米白(36-42),NEUTRAL 帆布瑪莉珍餅乾鞋 米白(36-42),https://www.fmshoes.com.tw/products/6a21338eb2b93e426c5d1f20?variation=6a21338c630b3c001209236d,https://img.shoplineapp.com/media/image_clips/6a44a14a5c09c454404506e1/original.jpg?1782882633=&owner_id=627e1d404e691000311b0a4f,1480 TWD,in stock,new
6a21338eb2b93e426c5d1f20:6a21338c630b3c001209236e,NEUTRAL 帆布瑪莉珍餅乾鞋 米白(36-42),NEUTRAL 帆布瑪莉珍餅乾鞋 米白(36-42),https://www.fmshoes.com.tw/products/6a21338eb2b93e426c5d1f20?variation=6a21338c630b3c001209236e,https://img.shoplineapp.com/media/image_clips/6a44a14a5c09c454404506e1/original.jpg?1782882633=&owner_id=627e1d404e691000311b0a4f,1480 TWD,in stock,new
6a21338eb2b93e426c5d1f20:6a21338c630b3c001209236f,NEUTRAL 帆布瑪莉珍餅乾鞋 米白(36-42),NEUTRAL 帆布瑪莉珍餅乾鞋 米白(36-42),https://www.fmshoes.com.tw/products/6a21338eb2b93e426c5d1f20?variation=6a21338c630b3c001209236f,https://img.shoplineapp.com/media/image_clips/6a44a14a5c09c454404506e1/original.jpg?1782882633=&owner_id=627e1d404e691000311b0a4f,1480 TWD,in stock,new
6a21338eb2b93e426c5d1f20:6a21338c630b3c0012092370,NEUTRAL 帆布瑪莉珍餅乾鞋 米白(36-42),NEUTRAL 帆布瑪莉珍餅乾鞋 米白(36-42),https://www.fmshoes.com.tw/products/6a21338eb2b93e426c5d1f20?variation=6a21338c630b3c0012092370,https://img.shoplineapp.com/media/image_clips/6a44a14a5c09c454404506e1/original.jpg?1782882633=&owner_id=627e1d404e691000311b0a4f,1480 TWD,in stock,new
6a21338eb2b93e426c5d1f20:6a21338c630b3c0012092371,NEUTRAL 帆布瑪莉珍餅乾鞋 米白(36-42),NEUTRAL 帆布瑪莉珍餅乾鞋 米白(36-42),https://www.fmshoes.com.tw/products/6a21338eb2b93e426c5d1f20?variation=6a21338c630b3c0012092371,https://img.shoplineapp.com/media/image_clips/6a44a14a5c09c454404506e1/original.jpg?1782882633=&owner_id=627e1d404e691000311b0a4f,1480 TWD,in stock,new
6a21338eb2b93e426c5d1f20:6a21338c630b3c0012092372,NEUTRAL 帆布瑪莉珍餅乾鞋 米白(36-42),NEUTRAL 帆布瑪莉珍餅乾鞋 米白(36-42),https://www.fmshoes.com.tw/products/6a21338eb2b93e426c5d1f20?variation=6a21338c630b3c0012092372,https://img.shoplineapp.com/media/image_clips/6a44a14a5c09c454404506e1/original.jpg?1782882633=&owner_id=627e1d404e691000311b0a4f,1480 TWD,in stock,new
6a21342238cab8983fffb6d0:6a44a345d9847f0010f2eed4,NEUTRAL 帆布瑪莉珍餅乾鞋 卡其(36-42),NEUTRAL 帆布瑪莉珍餅乾鞋 卡其(36-42),https://www.fmshoes.com.tw/products/6a21342238cab8983fffb6d0?variation=6a44a345d9847f0010f2eed4,https://img.shoplineapp.com/media/image_clips/6a44a25132a6721974f54d34/original.jpg?1782882897=&owner_id=627e1d404e691000311b0a4f,1480 TWD,in stock,new
6a21342238cab8983fffb6d0:6a44a345d9847f0010f2eed5,NEUTRAL 帆布瑪莉珍餅乾鞋 卡其(36-42),NEUTRAL 帆布瑪莉珍餅乾鞋 卡其(36-42),https://www.fmshoes.com.tw/products/6a21342238cab8983fffb6d0?variation=6a44a345d9847f0010f2eed5,https://img.shoplineapp.com/media/image_clips/6a44a25132a6721974f54d34/original.jpg?1782882897=&owner_id=627e1d404e691000311b0a4f,1480 TWD,in stock,new
6a21342238cab8983fffb6d0:6a44a345d9847f0010f2eed6,NEUTRAL 帆布瑪莉珍餅乾鞋 卡其(36-42),NEUTRAL 帆布瑪莉珍餅乾鞋 卡其(36-42),https://www.fmshoes.com.tw/products/6a21342238cab8983fffb6d0?variation=6a44a345d9847f0010f2eed6,https://img.shoplineapp.com/media/image_clips/6a44a25132a6721974f54d34/original.jpg?1782882897=&owner_id=627e1d404e691000311b0a4f,1480 TWD,in stock,new
6a21342238cab8983fffb6d0:6a44a345d9847f0010f2eed7,NEUTRAL 帆布瑪莉珍餅乾鞋 卡其(36-42),NEUTRAL 帆布瑪莉珍餅乾鞋 卡其(36-42),https://www.fmshoes.com.tw/products/6a21342238cab8983fffb6d0?variation=6a44a345d9847f0010f2eed7,https://img.shoplineapp.com/media/image_clips/6a44a25132a6721974f54d34/original.jpg?1782882897=&owner_id=627e1d404e691000311b0a4f,1480 TWD,in stock,new
6a21342238cab8983fffb6d0:6a44a345d9847f0010f2eed8,NEUTRAL 帆布瑪莉珍餅乾鞋 卡其(36-42),NEUTRAL 帆布瑪莉珍餅乾鞋 卡其(36-42),https://www.fmshoes.com.tw/products/6a21342238cab8983fffb6d0?variation=6a44a345d9847f0010f2eed8,https://img.shoplineapp.com/media/image_clips/6a44a25132a6721974f54d34/original.jpg?1782882897=&owner_id=627e1d404e691000311b0a4f,1480 TWD,in stock,new
6a21342238cab8983fffb6d0:6a44a345d9847f0010f2eed9,NEUTRAL 帆布瑪莉珍餅乾鞋 卡其(36-42),NEUTRAL 帆布瑪莉珍餅乾鞋 卡其(36-42),https://www.fmshoes.com.tw/products/6a21342238cab8983fffb6d0?variation=6a44a345d9847f0010f2eed9,https://img.shoplineapp.com/media/image_clips/6a44a25132a6721974f54d34/original.jpg?1782882897=&owner_id=627e1d404e691000311b0a4f,1480 TWD,in stock,new
6a21342238cab8983fffb6d0:6a44a345d9847f0010f2eeda,NEUTRAL 帆布瑪莉珍餅乾鞋 卡其(36-42),NEUTRAL 帆布瑪莉珍餅乾鞋 卡其(36-42),https://www.fmshoes.com.tw/products/6a21342238cab8983fffb6d0?variation=6a44a345d9847f0010f2eeda,https://img.shoplineapp.com/media/image_clips/6a44a25132a6721974f54d34/original.jpg?1782882897=&owner_id=627e1d404e691000311b0a4f,1480 TWD,in stock,new
6a213497b23f701892f77c6c:6a213495114ae9000cd9edf5,NEUTRAL 帆布瑪莉珍餅乾鞋 黑(36-42),NEUTRAL 帆布瑪莉珍餅乾鞋 黑(36-42),https://www.fmshoes.com.tw/products/6a213497b23f701892f77c6c?variation=6a213495114ae9000cd9edf5,https://img.shoplineapp.com/media/image_clips/6a44a3595c09c461d14504c4/original.jpg?1782883160=&owner_id=627e1d404e691000311b0a4f,1480 TWD,in stock,new
6a213497b23f701892f77c6c:6a213495114ae9000cd9edf6,NEUTRAL 帆布瑪莉珍餅乾鞋 黑(36-42),NEUTRAL 帆布瑪莉珍餅乾鞋 黑(36-42),https://www.fmshoes.com.tw/products/6a213497b23f701892f77c6c?variation=6a213495114ae9000cd9edf6,https://img.shoplineapp.com/media/image_clips/6a44a3595c09c461d14504c4/original.jpg?1782883160=&owner_id=627e1d404e691000311b0a4f,1480 TWD,in stock,new
6a213497b23f701892f77c6c:6a213495114ae9000cd9edf7,NEUTRAL 帆布瑪莉珍餅乾鞋 黑(36-42),NEUTRAL 帆布瑪莉珍餅乾鞋 黑(36-42),https://www.fmshoes.com.tw/products/6a213497b23f701892f77c6c?variation=6a213495114ae9000cd9edf7,https://img.shoplineapp.com/media/image_clips/6a44a3595c09c461d14504c4/original.jpg?1782883160=&owner_id=627e1d404e691000311b0a4f,1480 TWD,in stock,new
6a213497b23f701892f77c6c:6a213495114ae9000cd9edf8,NEUTRAL 帆布瑪莉珍餅乾鞋 黑(36-42),NEUTRAL 帆布瑪莉珍餅乾鞋 黑(36-42),https://www.fmshoes.com.tw/products/6a213497b23f701892f77c6c?variation=6a213495114ae9000cd9edf8,https://img.shoplineapp.com/media/image_clips/6a44a3595c09c461d14504c4/original.jpg?1782883160=&owner_id=627e1d404e691000311b0a4f,1480 TWD,in stock,new
6a213497b23f701892f77c6c:6a213495114ae9000cd9edf9,NEUTRAL 帆布瑪莉珍餅乾鞋 黑(36-42),NEUTRAL 帆布瑪莉珍餅乾鞋 黑(36-42),https://www.fmshoes.com.tw/products/6a213497b23f701892f77c6c?variation=6a213495114ae9000cd9edf9,https://img.shoplineapp.com/media/image_clips/6a44a3595c09c461d14504c4/original.jpg?1782883160=&owner_id=627e1d404e691000311b0a4f,1480 TWD,in stock,new
6a213497b23f701892f77c6c:6a213495114ae9000cd9edfa,NEUTRAL 帆布瑪莉珍餅乾鞋 黑(36-42),NEUTRAL 帆布瑪莉珍餅乾鞋 黑(36-42),https://www.fmshoes.com.tw/products/6a213497b23f701892f77c6c?variation=6a213495114ae9000cd9edfa,https://img.shoplineapp.com/media/image_clips/6a44a3595c09c461d14504c4/original.jpg?1782883160=&owner_id=627e1d404e691000311b0a4f,1480 TWD,in stock,new
6a213497b23f701892f77c6c:6a213495114ae9000cd9edfb,NEUTRAL 帆布瑪莉珍餅乾鞋 黑(36-42),NEUTRAL 帆布瑪莉珍餅乾鞋 黑(36-42),https://www.fmshoes.com.tw/products/6a213497b23f701892f77c6c?variation=6a213495114ae9000cd9edfb,https://img.shoplineapp.com/media/image_clips/6a44a3595c09c461d14504c4/original.jpg?1782883160=&owner_id=627e1d404e691000311b0a4f,1480 TWD,in stock,new
6a2137078cbb8d33a620fabf:6a213706114ae9000cd9ee11,NEUTRAL 雲朵交織穩步減壓拖鞋 米白(35-44),NEUTRAL 雲朵交織穩步減壓拖鞋 米白(35-44),https://www.fmshoes.com.tw/products/6a2137078cbb8d33a620fabf?variation=6a213706114ae9000cd9ee11,https://img.shoplineapp.com/media/image_clips/6a44a410ab0ed31480d70dec/original.jpg?1782883344=&owner_id=627e1d404e691000311b0a4f,1480 TWD,in stock,new
6a2137078cbb8d33a620fabf:6a213706114ae9000cd9ee13,NEUTRAL 雲朵交織穩步減壓拖鞋 米白(35-44),NEUTRAL 雲朵交織穩步減壓拖鞋 米白(35-44),https://www.fmshoes.com.tw/products/6a2137078cbb8d33a620fabf?variation=6a213706114ae9000cd9ee13,https://img.shoplineapp.com/media/image_clips/6a44a410ab0ed31480d70dec/original.jpg?1782883344=&owner_id=627e1d404e691000311b0a4f,1480 TWD,in stock,new
6a2137078cbb8d33a620fabf:6a213706114ae9000cd9ee14,NEUTRAL 雲朵交織穩步減壓拖鞋 米白(35-44),NEUTRAL 雲朵交織穩步減壓拖鞋 米白(35-44),https://www.fmshoes.com.tw/products/6a2137078cbb8d33a620fabf?variation=6a213706114ae9000cd9ee14,https://img.shoplineapp.com/media/image_clips/6a44a410ab0ed31480d70dec/original.jpg?1782883344=&owner_id=627e1d404e691000311b0a4f,1480 TWD,in stock,new
6a21379fd362beb2e238457d:6a21379d343951000e5061d5,NEUTRAL 雲朵交織穩步減壓拖鞋 紫(35-41),NEUTRAL 雲朵交織穩步減壓拖鞋 紫(35-41),https://www.fmshoes.com.tw/products/6a21379fd362beb2e238457d?variation=6a21379d343951000e5061d5,https://img.shoplineapp.com/media/image_clips/6a44a49472e953601af42b91/original.jpg?1782883475=&owner_id=627e1d404e691000311b0a4f,1480 TWD,in stock,new
6a21379fd362beb2e238457d:6a21379d343951000e5061d6,NEUTRAL 雲朵交織穩步減壓拖鞋 紫(35-41),NEUTRAL 雲朵交織穩步減壓拖鞋 紫(35-41),https://www.fmshoes.com.tw/products/6a21379fd362beb2e238457d?variation=6a21379d343951000e5061d6,https://img.shoplineapp.com/media/image_clips/6a44a49472e953601af42b91/original.jpg?1782883475=&owner_id=627e1d404e691000311b0a4f,1480 TWD,in stock,new
6a21379fd362beb2e238457d:6a21379d343951000e5061d7,NEUTRAL 雲朵交織穩步減壓拖鞋 紫(35-41),NEUTRAL 雲朵交織穩步減壓拖鞋 紫(35-41),https://www.fmshoes.com.tw/products/6a21379fd362beb2e238457d?variation=6a21379d343951000e5061d7,https://img.shoplineapp.com/media/image_clips/6a44a49472e953601af42b91/original.jpg?1782883475=&owner_id=627e1d404e691000311b0a4f,1480 TWD,in stock,new
6a21379fd362beb2e238457d:6a21379d343951000e5061d8,NEUTRAL 雲朵交織穩步減壓拖鞋 紫(35-41),NEUTRAL 雲朵交織穩步減壓拖鞋 紫(35-41),https://www.fmshoes.com.tw/products/6a21379fd362beb2e238457d?variation=6a21379d343951000e5061d8,https://img.shoplineapp.com/media/image_clips/6a44a49472e953601af42b91/original.jpg?1782883475=&owner_id=627e1d404e691000311b0a4f,1480 TWD,in stock,new
6a21379fd362beb2e238457d:6a21379d343951000e5061d9,NEUTRAL 雲朵交織穩步減壓拖鞋 紫(35-41),NEUTRAL 雲朵交織穩步減壓拖鞋 紫(35-41),https://www.fmshoes.com.tw/products/6a21379fd362beb2e238457d?variation=6a21379d343951000e5061d9,https://img.shoplineapp.com/media/image_clips/6a44a49472e953601af42b91/original.jpg?1782883475=&owner_id=627e1d404e691000311b0a4f,1480 TWD,in stock,new
6a21379fd362beb2e238457d:6a21379d343951000e5061da,NEUTRAL 雲朵交織穩步減壓拖鞋 紫(35-41),NEUTRAL 雲朵交織穩步減壓拖鞋 紫(35-41),https://www.fmshoes.com.tw/products/6a21379fd362beb2e238457d?variation=6a21379d343951000e5061da,https://img.shoplineapp.com/media/image_clips/6a44a49472e953601af42b91/original.jpg?1782883475=&owner_id=627e1d404e691000311b0a4f,1480 TWD,in stock,new
6a21379fd362beb2e238457d:6a21379d343951000e5061db,NEUTRAL 雲朵交織穩步減壓拖鞋 紫(35-41),NEUTRAL 雲朵交織穩步減壓拖鞋 紫(35-41),https://www.fmshoes.com.tw/products/6a21379fd362beb2e238457d?variation=6a21379d343951000e5061db,https://img.shoplineapp.com/media/image_clips/6a44a49472e953601af42b91/original.jpg?1782883475=&owner_id=627e1d404e691000311b0a4f,1480 TWD,in stock,new
6a21382ed851746547a4b834:6a21382b635d5b001468ecfb,NEUTRAL 雲朵交織穩步減壓拖鞋 黑(35-44),NEUTRAL 雲朵交織穩步減壓拖鞋 黑(35-44),https://www.fmshoes.com.tw/products/6a21382ed851746547a4b834?variation=6a21382b635d5b001468ecfb,https://img.shoplineapp.com/media/image_clips/6a44a4ec9513a36191085be1/original.jpg?1782883563=&owner_id=627e1d404e691000311b0a4f,1480 TWD,in stock,new
6a21382ed851746547a4b834:6a21382b635d5b001468ecfc,NEUTRAL 雲朵交織穩步減壓拖鞋 黑(35-44),NEUTRAL 雲朵交織穩步減壓拖鞋 黑(35-44),https://www.fmshoes.com.tw/products/6a21382ed851746547a4b834?variation=6a21382b635d5b001468ecfc,https://img.shoplineapp.com/media/image_clips/6a44a4ec9513a36191085be1/original.jpg?1782883563=&owner_id=627e1d404e691000311b0a4f,1480 TWD,in stock,new
6a21382ed851746547a4b834:6a21382b635d5b001468ecfd,NEUTRAL 雲朵交織穩步減壓拖鞋 黑(35-44),NEUTRAL 雲朵交織穩步減壓拖鞋 黑(35-44),https://www.fmshoes.com.tw/products/6a21382ed851746547a4b834?variation=6a21382b635d5b001468ecfd,https://img.shoplineapp.com/media/image_clips/6a44a4ec9513a36191085be1/original.jpg?1782883563=&owner_id=627e1d404e691000311b0a4f,1480 TWD,in stock,new
6a21382ed851746547a4b834:6a21382b635d5b001468ecfe,NEUTRAL 雲朵交織穩步減壓拖鞋 黑(35-44),NEUTRAL 雲朵交織穩步減壓拖鞋 黑(35-44),https://www.fmshoes.com.tw/products/6a21382ed851746547a4b834?variation=6a21382b635d5b001468ecfe,https://img.shoplineapp.com/media/image_clips/6a44a4ec9513a36191085be1/original.jpg?1782883563=&owner_id=627e1d404e691000311b0a4f,1480 TWD,in stock,new
6a21382ed851746547a4b834:6a21382b635d5b001468ecff,NEUTRAL 雲朵交織穩步減壓拖鞋 黑(35-44),NEUTRAL 雲朵交織穩步減壓拖鞋 黑(35-44),https://www.fmshoes.com.tw/products/6a21382ed851746547a4b834?variation=6a21382b635d5b001468ecff,https://img.shoplineapp.com/media/image_clips/6a44a4ec9513a36191085be1/original.jpg?1782883563=&owner_id=627e1d404e691000311b0a4f,1480 TWD,in stock,new
6a21382ed851746547a4b834:6a21382b635d5b001468ed00,NEUTRAL 雲朵交織穩步減壓拖鞋 黑(35-44),NEUTRAL 雲朵交織穩步減壓拖鞋 黑(35-44),https://www.fmshoes.com.tw/products/6a21382ed851746547a4b834?variation=6a21382b635d5b001468ed00,https://img.shoplineapp.com/media/image_clips/6a44a4ec9513a36191085be1/original.jpg?1782883563=&owner_id=627e1d404e691000311b0a4f,1480 TWD,in stock,new
6a21382ed851746547a4b834:6a21382b635d5b001468ed01,NEUTRAL 雲朵交織穩步減壓拖鞋 黑(35-44),NEUTRAL 雲朵交織穩步減壓拖鞋 黑(35-44),https://www.fmshoes.com.tw/products/6a21382ed851746547a4b834?variation=6a21382b635d5b001468ed01,https://img.shoplineapp.com/media/image_clips/6a44a4ec9513a36191085be1/original.jpg?1782883563=&owner_id=627e1d404e691000311b0a4f,1480 TWD,in stock,new
6a21382ed851746547a4b834:6a21382b635d5b001468ed02,NEUTRAL 雲朵交織穩步減壓拖鞋 黑(35-44),NEUTRAL 雲朵交織穩步減壓拖鞋 黑(35-44),https://www.fmshoes.com.tw/products/6a21382ed851746547a4b834?variation=6a21382b635d5b001468ed02,https://img.shoplineapp.com/media/image_clips/6a44a4ec9513a36191085be1/original.jpg?1782883563=&owner_id=627e1d404e691000311b0a4f,1480 TWD,in stock,new
6a21382ed851746547a4b834:6a21382b635d5b001468ed03,NEUTRAL 雲朵交織穩步減壓拖鞋 黑(35-44),NEUTRAL 雲朵交織穩步減壓拖鞋 黑(35-44),https://www.fmshoes.com.tw/products/6a21382ed851746547a4b834?variation=6a21382b635d5b001468ed03,https://img.shoplineapp.com/media/image_clips/6a44a4ec9513a36191085be1/original.jpg?1782883563=&owner_id=627e1d404e691000311b0a4f,1480 TWD,in stock,new
6a21382ed851746547a4b834:6a21382b635d5b001468ed04,NEUTRAL 雲朵交織穩步減壓拖鞋 黑(35-44),NEUTRAL 雲朵交織穩步減壓拖鞋 黑(35-44),https://www.fmshoes.com.tw/products/6a21382ed851746547a4b834?variation=6a21382b635d5b001468ed04,https://img.shoplineapp.com/media/image_clips/6a44a4ec9513a36191085be1/original.jpg?1782883563=&owner_id=627e1d404e691000311b0a4f,1480 TWD,in stock,new
6a2138c83c74eda587139420:6a2138c628f37d000e5f5c1a,NEUTRAL 雲朵交織穩步減壓拖鞋 灰(35-44),NEUTRAL 雲朵交織穩步減壓拖鞋 灰(35-44),https://www.fmshoes.com.tw/products/6a2138c83c74eda587139420?variation=6a2138c628f37d000e5f5c1a,https://img.shoplineapp.com/media/image_clips/6a44a539c67ebf46f386c1e3/original.jpg?1782883641=&owner_id=627e1d404e691000311b0a4f,1480 TWD,in stock,new
6a2138c83c74eda587139420:6a2138c628f37d000e5f5c1b,NEUTRAL 雲朵交織穩步減壓拖鞋 灰(35-44),NEUTRAL 雲朵交織穩步減壓拖鞋 灰(35-44),https://www.fmshoes.com.tw/products/6a2138c83c74eda587139420?variation=6a2138c628f37d000e5f5c1b,https://img.shoplineapp.com/media/image_clips/6a44a539c67ebf46f386c1e3/original.jpg?1782883641=&owner_id=627e1d404e691000311b0a4f,1480 TWD,in stock,new
6a2138c83c74eda587139420:6a2138c628f37d000e5f5c1c,NEUTRAL 雲朵交織穩步減壓拖鞋 灰(35-44),NEUTRAL 雲朵交織穩步減壓拖鞋 灰(35-44),https://www.fmshoes.com.tw/products/6a2138c83c74eda587139420?variation=6a2138c628f37d000e5f5c1c,https://img.shoplineapp.com/media/image_clips/6a44a539c67ebf46f386c1e3/original.jpg?1782883641=&owner_id=627e1d404e691000311b0a4f,1480 TWD,in stock,new
6a2138c83c74eda587139420:6a2138c628f37d000e5f5c1d,NEUTRAL 雲朵交織穩步減壓拖鞋 灰(35-44),NEUTRAL 雲朵交織穩步減壓拖鞋 灰(35-44),https://www.fmshoes.com.tw/products/6a2138c83c74eda587139420?variation=6a2138c628f37d000e5f5c1d,https://img.shoplineapp.com/media/image_clips/6a44a539c67ebf46f386c1e3/original.jpg?1782883641=&owner_id=627e1d404e691000311b0a4f,1480 TWD,in stock,new
6a2138c83c74eda587139420:6a2138c628f37d000e5f5c1e,NEUTRAL 雲朵交織穩步減壓拖鞋 灰(35-44),NEUTRAL 雲朵交織穩步減壓拖鞋 灰(35-44),https://www.fmshoes.com.tw/products/6a2138c83c74eda587139420?variation=6a2138c628f37d000e5f5c1e,https://img.shoplineapp.com/media/image_clips/6a44a539c67ebf46f386c1e3/original.jpg?1782883641=&owner_id=627e1d404e691000311b0a4f,1480 TWD,in stock,new
6a2138c83c74eda587139420:6a2138c628f37d000e5f5c1f,NEUTRAL 雲朵交織穩步減壓拖鞋 灰(35-44),NEUTRAL 雲朵交織穩步減壓拖鞋 灰(35-44),https://www.fmshoes.com.tw/products/6a2138c83c74eda587139420?variation=6a2138c628f37d000e5f5c1f,https://img.shoplineapp.com/media/image_clips/6a44a539c67ebf46f386c1e3/original.jpg?1782883641=&owner_id=627e1d404e691000311b0a4f,1480 TWD,in stock,new
6a2138c83c74eda587139420:6a2138c628f37d000e5f5c20,NEUTRAL 雲朵交織穩步減壓拖鞋 灰(35-44),NEUTRAL 雲朵交織穩步減壓拖鞋 灰(35-44),https://www.fmshoes.com.tw/products/6a2138c83c74eda587139420?variation=6a2138c628f37d000e5f5c20,https://img.shoplineapp.com/media/image_clips/6a44a539c67ebf46f386c1e3/original.jpg?1782883641=&owner_id=627e1d404e691000311b0a4f,1480 TWD,in stock,new
6a2138c83c74eda587139420:6a2138c628f37d000e5f5c21,NEUTRAL 雲朵交織穩步減壓拖鞋 灰(35-44),NEUTRAL 雲朵交織穩步減壓拖鞋 灰(35-44),https://www.fmshoes.com.tw/products/6a2138c83c74eda587139420?variation=6a2138c628f37d000e5f5c21,https://img.shoplineapp.com/media/image_clips/6a44a539c67ebf46f386c1e3/original.jpg?1782883641=&owner_id=627e1d404e691000311b0a4f,1480 TWD,in stock,new
6a2138c83c74eda587139420:6a2138c628f37d000e5f5c22,NEUTRAL 雲朵交織穩步減壓拖鞋 灰(35-44),NEUTRAL 雲朵交織穩步減壓拖鞋 灰(35-44),https://www.fmshoes.com.tw/products/6a2138c83c74eda587139420?variation=6a2138c628f37d000e5f5c22,https://img.shoplineapp.com/media/image_clips/6a44a539c67ebf46f386c1e3/original.jpg?1782883641=&owner_id=627e1d404e691000311b0a4f,1480 TWD,in stock,new
6a2138c83c74eda587139420:6a2138c628f37d000e5f5c23,NEUTRAL 雲朵交織穩步減壓拖鞋 灰(35-44),NEUTRAL 雲朵交織穩步減壓拖鞋 灰(35-44),https://www.fmshoes.com.tw/products/6a2138c83c74eda587139420?variation=6a2138c628f37d000e5f5c23,https://img.shoplineapp.com/media/image_clips/6a44a539c67ebf46f386c1e3/original.jpg?1782883641=&owner_id=627e1d404e691000311b0a4f,1480 TWD,in stock,new
6a213a24991f8053c0280ab6:6a213a22e34822000aeb3556,NEUTRAL 雲朵氣墊增高涼鞋 米(36-42),NEUTRAL 雲朵氣墊增高涼鞋 米(36-42),https://www.fmshoes.com.tw/products/6a213a24991f8053c0280ab6?variation=6a213a22e34822000aeb3556,https://img.shoplineapp.com/media/image_clips/6a3b52c967817b3008ef867b/original.jpg?1782272712=&owner_id=627e1d404e691000311b0a4f,2280 TWD,in stock,new
6a213a24991f8053c0280ab6:6a213a22e34822000aeb3557,NEUTRAL 雲朵氣墊增高涼鞋 米(36-42),NEUTRAL 雲朵氣墊增高涼鞋 米(36-42),https://www.fmshoes.com.tw/products/6a213a24991f8053c0280ab6?variation=6a213a22e34822000aeb3557,https://img.shoplineapp.com/media/image_clips/6a3b52c967817b3008ef867b/original.jpg?1782272712=&owner_id=627e1d404e691000311b0a4f,2280 TWD,in stock,new
6a213a24991f8053c0280ab6:6a213a22e34822000aeb3558,NEUTRAL 雲朵氣墊增高涼鞋 米(36-42),NEUTRAL 雲朵氣墊增高涼鞋 米(36-42),https://www.fmshoes.com.tw/products/6a213a24991f8053c0280ab6?variation=6a213a22e34822000aeb3558,https://img.shoplineapp.com/media/image_clips/6a3b52c967817b3008ef867b/original.jpg?1782272712=&owner_id=627e1d404e691000311b0a4f,2280 TWD,in stock,new
6a213a24991f8053c0280ab6:6a213a22e34822000aeb3559,NEUTRAL 雲朵氣墊增高涼鞋 米(36-42),NEUTRAL 雲朵氣墊增高涼鞋 米(36-42),https://www.fmshoes.com.tw/products/6a213a24991f8053c0280ab6?variation=6a213a22e34822000aeb3559,https://img.shoplineapp.com/media/image_clips/6a3b52c967817b3008ef867b/original.jpg?1782272712=&owner_id=627e1d404e691000311b0a4f,2280 TWD,in stock,new
6a213a24991f8053c0280ab6:6a213a22e34822000aeb355a,NEUTRAL 雲朵氣墊增高涼鞋 米(36-42),NEUTRAL 雲朵氣墊增高涼鞋 米(36-42),https://www.fmshoes.com.tw/products/6a213a24991f8053c0280ab6?variation=6a213a22e34822000aeb355a,https://img.shoplineapp.com/media/image_clips/6a3b52c967817b3008ef867b/original.jpg?1782272712=&owner_id=627e1d404e691000311b0a4f,2280 TWD,in stock,new
6a213a24991f8053c0280ab6:6a213a22e34822000aeb355b,NEUTRAL 雲朵氣墊增高涼鞋 米(36-42),NEUTRAL 雲朵氣墊增高涼鞋 米(36-42),https://www.fmshoes.com.tw/products/6a213a24991f8053c0280ab6?variation=6a213a22e34822000aeb355b,https://img.shoplineapp.com/media/image_clips/6a3b52c967817b3008ef867b/original.jpg?1782272712=&owner_id=627e1d404e691000311b0a4f,2280 TWD,in stock,new
6a213a24991f8053c0280ab6:6a213a22e34822000aeb355c,NEUTRAL 雲朵氣墊增高涼鞋 米(36-42),NEUTRAL 雲朵氣墊增高涼鞋 米(36-42),https://www.fmshoes.com.tw/products/6a213a24991f8053c0280ab6?variation=6a213a22e34822000aeb355c,https://img.shoplineapp.com/media/image_clips/6a3b52c967817b3008ef867b/original.jpg?1782272712=&owner_id=627e1d404e691000311b0a4f,2280 TWD,in stock,new
6a213b15d8c16984e03c11ad:6a213b13ec8f340014b8e90a,NEUTRAL 雲朵氣墊增高涼鞋 灰(36-42),NEUTRAL 雲朵氣墊增高涼鞋 灰(36-42),https://www.fmshoes.com.tw/products/6a213b15d8c16984e03c11ad?variation=6a213b13ec8f340014b8e90a,https://img.shoplineapp.com/media/image_clips/6a3b539914df2c22435a054e/original.jpg?1782272921=&owner_id=627e1d404e691000311b0a4f,2280 TWD,in stock,new
6a213b15d8c16984e03c11ad:6a213b13ec8f340014b8e90b,NEUTRAL 雲朵氣墊增高涼鞋 灰(36-42),NEUTRAL 雲朵氣墊增高涼鞋 灰(36-42),https://www.fmshoes.com.tw/products/6a213b15d8c16984e03c11ad?variation=6a213b13ec8f340014b8e90b,https://img.shoplineapp.com/media/image_clips/6a3b539914df2c22435a054e/original.jpg?1782272921=&owner_id=627e1d404e691000311b0a4f,2280 TWD,in stock,new
6a213b15d8c16984e03c11ad:6a213b13ec8f340014b8e90c,NEUTRAL 雲朵氣墊增高涼鞋 灰(36-42),NEUTRAL 雲朵氣墊增高涼鞋 灰(36-42),https://www.fmshoes.com.tw/products/6a213b15d8c16984e03c11ad?variation=6a213b13ec8f340014b8e90c,https://img.shoplineapp.com/media/image_clips/6a3b539914df2c22435a054e/original.jpg?1782272921=&owner_id=627e1d404e691000311b0a4f,2280 TWD,in stock,new
6a213b15d8c16984e03c11ad:6a213b13ec8f340014b8e90d,NEUTRAL 雲朵氣墊增高涼鞋 灰(36-42),NEUTRAL 雲朵氣墊增高涼鞋 灰(36-42),https://www.fmshoes.com.tw/products/6a213b15d8c16984e03c11ad?variation=6a213b13ec8f340014b8e90d,https://img.shoplineapp.com/media/image_clips/6a3b539914df2c22435a054e/original.jpg?1782272921=&owner_id=627e1d404e691000311b0a4f,2280 TWD,in stock,new
6a213b15d8c16984e03c11ad:6a213b13ec8f340014b8e90e,NEUTRAL 雲朵氣墊增高涼鞋 灰(36-42),NEUTRAL 雲朵氣墊增高涼鞋 灰(36-42),https://www.fmshoes.com.tw/products/6a213b15d8c16984e03c11ad?variation=6a213b13ec8f340014b8e90e,https://img.shoplineapp.com/media/image_clips/6a3b539914df2c22435a054e/original.jpg?1782272921=&owner_id=627e1d404e691000311b0a4f,2280 TWD,in stock,new
6a213b15d8c16984e03c11ad:6a213b13ec8f340014b8e90f,NEUTRAL 雲朵氣墊增高涼鞋 灰(36-42),NEUTRAL 雲朵氣墊增高涼鞋 灰(36-42),https://www.fmshoes.com.tw/products/6a213b15d8c16984e03c11ad?variation=6a213b13ec8f340014b8e90f,https://img.shoplineapp.com/media/image_clips/6a3b539914df2c22435a054e/original.jpg?1782272921=&owner_id=627e1d404e691000311b0a4f,2280 TWD,in stock,new
6a213b15d8c16984e03c11ad:6a213b13ec8f340014b8e910,NEUTRAL 雲朵氣墊增高涼鞋 灰(36-42),NEUTRAL 雲朵氣墊增高涼鞋 灰(36-42),https://www.fmshoes.com.tw/products/6a213b15d8c16984e03c11ad?variation=6a213b13ec8f340014b8e910,https://img.shoplineapp.com/media/image_clips/6a3b539914df2c22435a054e/original.jpg?1782272921=&owner_id=627e1d404e691000311b0a4f,2280 TWD,in stock,new
6a213bfe3ba6b4fdd134cbaf:6a213bfcddfe82129d557117,NEUTRAL 雲朵氣墊增高涼鞋 黑(36-42),NEUTRAL 雲朵氣墊增高涼鞋 黑(36-42),https://www.fmshoes.com.tw/products/6a213bfe3ba6b4fdd134cbaf?variation=6a213bfcddfe82129d557117,https://img.shoplineapp.com/media/image_clips/6a3b54396b691946bb62fc63/original.jpg?1782273081=&owner_id=627e1d404e691000311b0a4f,2280 TWD,in stock,new
6a213bfe3ba6b4fdd134cbaf:6a213bfcddfe82129d557118,NEUTRAL 雲朵氣墊增高涼鞋 黑(36-42),NEUTRAL 雲朵氣墊增高涼鞋 黑(36-42),https://www.fmshoes.com.tw/products/6a213bfe3ba6b4fdd134cbaf?variation=6a213bfcddfe82129d557118,https://img.shoplineapp.com/media/image_clips/6a3b54396b691946bb62fc63/original.jpg?1782273081=&owner_id=627e1d404e691000311b0a4f,2280 TWD,in stock,new
6a213bfe3ba6b4fdd134cbaf:6a213bfcddfe82129d557119,NEUTRAL 雲朵氣墊增高涼鞋 黑(36-42),NEUTRAL 雲朵氣墊增高涼鞋 黑(36-42),https://www.fmshoes.com.tw/products/6a213bfe3ba6b4fdd134cbaf?variation=6a213bfcddfe82129d557119,https://img.shoplineapp.com/media/image_clips/6a3b54396b691946bb62fc63/original.jpg?1782273081=&owner_id=627e1d404e691000311b0a4f,2280 TWD,in stock,new
6a213bfe3ba6b4fdd134cbaf:6a213bfcddfe82129d55711a,NEUTRAL 雲朵氣墊增高涼鞋 黑(36-42),NEUTRAL 雲朵氣墊增高涼鞋 黑(36-42),https://www.fmshoes.com.tw/products/6a213bfe3ba6b4fdd134cbaf?variation=6a213bfcddfe82129d55711a,https://img.shoplineapp.com/media/image_clips/6a3b54396b691946bb62fc63/original.jpg?1782273081=&owner_id=627e1d404e691000311b0a4f,2280 TWD,in stock,new
6a213bfe3ba6b4fdd134cbaf:6a213bfcddfe82129d55711b,NEUTRAL 雲朵氣墊增高涼鞋 黑(36-42),NEUTRAL 雲朵氣墊增高涼鞋 黑(36-42),https://www.fmshoes.com.tw/products/6a213bfe3ba6b4fdd134cbaf?variation=6a213bfcddfe82129d55711b,https://img.shoplineapp.com/media/image_clips/6a3b54396b691946bb62fc63/original.jpg?1782273081=&owner_id=627e1d404e691000311b0a4f,2280 TWD,in stock,new
6a213bfe3ba6b4fdd134cbaf:6a213bfcddfe82129d55711c,NEUTRAL 雲朵氣墊增高涼鞋 黑(36-42),NEUTRAL 雲朵氣墊增高涼鞋 黑(36-42),https://www.fmshoes.com.tw/products/6a213bfe3ba6b4fdd134cbaf?variation=6a213bfcddfe82129d55711c,https://img.shoplineapp.com/media/image_clips/6a3b54396b691946bb62fc63/original.jpg?1782273081=&owner_id=627e1d404e691000311b0a4f,2280 TWD,in stock,new
6a213bfe3ba6b4fdd134cbaf:6a213bfcddfe82129d55711d,NEUTRAL 雲朵氣墊增高涼鞋 黑(36-42),NEUTRAL 雲朵氣墊增高涼鞋 黑(36-42),https://www.fmshoes.com.tw/products/6a213bfe3ba6b4fdd134cbaf?variation=6a213bfcddfe82129d55711d,https://img.shoplineapp.com/media/image_clips/6a3b54396b691946bb62fc63/original.jpg?1782273081=&owner_id=627e1d404e691000311b0a4f,2280 TWD,in stock,new
6a213ca9d8c169c7eb3c05a9:6a213d03c7772b000a19f39a,NEUTRAL 瑪莉珍厚底機能鞋 米(36-42),NEUTRAL 瑪莉珍厚底機能鞋 米(36-42),https://www.fmshoes.com.tw/products/6a213ca9d8c169c7eb3c05a9?variation=6a213d03c7772b000a19f39a,https://img.shoplineapp.com/media/image_clips/6a3e1d6f25934438e1c08325/original.jpg?1782455663=&owner_id=627e1d404e691000311b0a4f,2280 TWD,in stock,new
6a213ca9d8c169c7eb3c05a9:6a213d03c7772b000a19f39b,NEUTRAL 瑪莉珍厚底機能鞋 米(36-42),NEUTRAL 瑪莉珍厚底機能鞋 米(36-42),https://www.fmshoes.com.tw/products/6a213ca9d8c169c7eb3c05a9?variation=6a213d03c7772b000a19f39b,https://img.shoplineapp.com/media/image_clips/6a3e1d6f25934438e1c08325/original.jpg?1782455663=&owner_id=627e1d404e691000311b0a4f,2280 TWD,in stock,new
6a213ca9d8c169c7eb3c05a9:6a213d03c7772b000a19f39c,NEUTRAL 瑪莉珍厚底機能鞋 米(36-42),NEUTRAL 瑪莉珍厚底機能鞋 米(36-42),https://www.fmshoes.com.tw/products/6a213ca9d8c169c7eb3c05a9?variation=6a213d03c7772b000a19f39c,https://img.shoplineapp.com/media/image_clips/6a3e1d6f25934438e1c08325/original.jpg?1782455663=&owner_id=627e1d404e691000311b0a4f,2280 TWD,in stock,new
6a213ca9d8c169c7eb3c05a9:6a213d03c7772b000a19f39d,NEUTRAL 瑪莉珍厚底機能鞋 米(36-42),NEUTRAL 瑪莉珍厚底機能鞋 米(36-42),https://www.fmshoes.com.tw/products/6a213ca9d8c169c7eb3c05a9?variation=6a213d03c7772b000a19f39d,https://img.shoplineapp.com/media/image_clips/6a3e1d6f25934438e1c08325/original.jpg?1782455663=&owner_id=627e1d404e691000311b0a4f,2280 TWD,in stock,new
6a213ca9d8c169c7eb3c05a9:6a213d03c7772b000a19f39e,NEUTRAL 瑪莉珍厚底機能鞋 米(36-42),NEUTRAL 瑪莉珍厚底機能鞋 米(36-42),https://www.fmshoes.com.tw/products/6a213ca9d8c169c7eb3c05a9?variation=6a213d03c7772b000a19f39e,https://img.shoplineapp.com/media/image_clips/6a3e1d6f25934438e1c08325/original.jpg?1782455663=&owner_id=627e1d404e691000311b0a4f,2280 TWD,in stock,new
6a213ca9d8c169c7eb3c05a9:6a213d03c7772b000a19f39f,NEUTRAL 瑪莉珍厚底機能鞋 米(36-42),NEUTRAL 瑪莉珍厚底機能鞋 米(36-42),https://www.fmshoes.com.tw/products/6a213ca9d8c169c7eb3c05a9?variation=6a213d03c7772b000a19f39f,https://img.shoplineapp.com/media/image_clips/6a3e1d6f25934438e1c08325/original.jpg?1782455663=&owner_id=627e1d404e691000311b0a4f,2280 TWD,in stock,new
6a213ca9d8c169c7eb3c05a9:6a61d65f2e71630014e84d18,NEUTRAL 瑪莉珍厚底機能鞋 米(36-42),NEUTRAL 瑪莉珍厚底機能鞋 米(36-42),https://www.fmshoes.com.tw/products/6a213ca9d8c169c7eb3c05a9?variation=6a61d65f2e71630014e84d18,https://img.shoplineapp.com/media/image_clips/6a3e1d6f25934438e1c08325/original.jpg?1782455663=&owner_id=627e1d404e691000311b0a4f,2280 TWD,in stock,new
6a213d98ff61e7d37646147d:6a213d965e33a4000818f69a,NEUTRAL 瑪莉珍厚底機能鞋 黑(36-42),NEUTRAL 瑪莉珍厚底機能鞋 黑(36-42),https://www.fmshoes.com.tw/products/6a213d98ff61e7d37646147d?variation=6a213d965e33a4000818f69a,https://img.shoplineapp.com/media/image_clips/6a4387805693718623bf66e3/original.jpg?1782810496=&owner_id=627e1d404e691000311b0a4f,2280 TWD,in stock,new
6a213d98ff61e7d37646147d:6a213d965e33a4000818f69b,NEUTRAL 瑪莉珍厚底機能鞋 黑(36-42),NEUTRAL 瑪莉珍厚底機能鞋 黑(36-42),https://www.fmshoes.com.tw/products/6a213d98ff61e7d37646147d?variation=6a213d965e33a4000818f69b,https://img.shoplineapp.com/media/image_clips/6a4387805693718623bf66e3/original.jpg?1782810496=&owner_id=627e1d404e691000311b0a4f,2280 TWD,in stock,new
6a213d98ff61e7d37646147d:6a213d965e33a4000818f69c,NEUTRAL 瑪莉珍厚底機能鞋 黑(36-42),NEUTRAL 瑪莉珍厚底機能鞋 黑(36-42),https://www.fmshoes.com.tw/products/6a213d98ff61e7d37646147d?variation=6a213d965e33a4000818f69c,https://img.shoplineapp.com/media/image_clips/6a4387805693718623bf66e3/original.jpg?1782810496=&owner_id=627e1d404e691000311b0a4f,2280 TWD,in stock,new
6a213d98ff61e7d37646147d:6a213d965e33a4000818f69d,NEUTRAL 瑪莉珍厚底機能鞋 黑(36-42),NEUTRAL 瑪莉珍厚底機能鞋 黑(36-42),https://www.fmshoes.com.tw/products/6a213d98ff61e7d37646147d?variation=6a213d965e33a4000818f69d,https://img.shoplineapp.com/media/image_clips/6a4387805693718623bf66e3/original.jpg?1782810496=&owner_id=627e1d404e691000311b0a4f,2280 TWD,in stock,new
6a213d98ff61e7d37646147d:6a213d965e33a4000818f69e,NEUTRAL 瑪莉珍厚底機能鞋 黑(36-42),NEUTRAL 瑪莉珍厚底機能鞋 黑(36-42),https://www.fmshoes.com.tw/products/6a213d98ff61e7d37646147d?variation=6a213d965e33a4000818f69e,https://img.shoplineapp.com/media/image_clips/6a4387805693718623bf66e3/original.jpg?1782810496=&owner_id=627e1d404e691000311b0a4f,2280 TWD,in stock,new
6a213d98ff61e7d37646147d:6a213d965e33a4000818f69f,NEUTRAL 瑪莉珍厚底機能鞋 黑(36-42),NEUTRAL 瑪莉珍厚底機能鞋 黑(36-42),https://www.fmshoes.com.tw/products/6a213d98ff61e7d37646147d?variation=6a213d965e33a4000818f69f,https://img.shoplineapp.com/media/image_clips/6a4387805693718623bf66e3/original.jpg?1782810496=&owner_id=627e1d404e691000311b0a4f,2280 TWD,in stock,new
6a213d98ff61e7d37646147d:6a61d639cf5ef5000ce7fb44,NEUTRAL 瑪莉珍厚底機能鞋 黑(36-42),NEUTRAL 瑪莉珍厚底機能鞋 黑(36-42),https://www.fmshoes.com.tw/products/6a213d98ff61e7d37646147d?variation=6a61d639cf5ef5000ce7fb44,https://img.shoplineapp.com/media/image_clips/6a4387805693718623bf66e3/original.jpg?1782810496=&owner_id=627e1d404e691000311b0a4f,2280 TWD,in stock,new
6a2264fd93a330923d522f7f:6a44a6fe0a94f50016a5ddcc,FM SHOES 真皮雙帶減壓拖鞋 白(36-41),版 型 偏大版(小一號購買)   產 地 台灣   鞋 面 超纖速乾面料   內 裏 腳床造型EVA發泡內墊   鞋 底 橡膠EVA防滑膠底   重 量 850公克 跟 型     筒 高  筒 圍  踝 圍,https://www.fmshoes.com.tw/products/6a2264fd93a330923d522f7f?variation=6a44a6fe0a94f50016a5ddcc,https://img.shoplineapp.com/media/image_clips/6a44a58aac6f4365becb83ad/original.jpg?1782883721=&owner_id=627e1d404e691000311b0a4f,2280 TWD,in stock,new
6a2264fd93a330923d522f7f:6a44a6fe0a94f50016a5ddcd,FM SHOES 真皮雙帶減壓拖鞋 白(36-41),版 型 偏大版(小一號購買)   產 地 台灣   鞋 面 超纖速乾面料   內 裏 腳床造型EVA發泡內墊   鞋 底 橡膠EVA防滑膠底   重 量 850公克 跟 型     筒 高  筒 圍  踝 圍,https://www.fmshoes.com.tw/products/6a2264fd93a330923d522f7f?variation=6a44a6fe0a94f50016a5ddcd,https://img.shoplineapp.com/media/image_clips/6a44a58aac6f4365becb83ad/original.jpg?1782883721=&owner_id=627e1d404e691000311b0a4f,2280 TWD,in stock,new
6a2264fd93a330923d522f7f:6a44a6fe0a94f50016a5ddce,FM SHOES 真皮雙帶減壓拖鞋 白(36-41),版 型 偏大版(小一號購買)   產 地 台灣   鞋 面 超纖速乾面料   內 裏 腳床造型EVA發泡內墊   鞋 底 橡膠EVA防滑膠底   重 量 850公克 跟 型     筒 高  筒 圍  踝 圍,https://www.fmshoes.com.tw/products/6a2264fd93a330923d522f7f?variation=6a44a6fe0a94f50016a5ddce,https://img.shoplineapp.com/media/image_clips/6a44a58aac6f4365becb83ad/original.jpg?1782883721=&owner_id=627e1d404e691000311b0a4f,2280 TWD,in stock,new
6a2264fd93a330923d522f7f:6a44a6fe0a94f50016a5ddcf,FM SHOES 真皮雙帶減壓拖鞋 白(36-41),版 型 偏大版(小一號購買)   產 地 台灣   鞋 面 超纖速乾面料   內 裏 腳床造型EVA發泡內墊   鞋 底 橡膠EVA防滑膠底   重 量 850公克 跟 型     筒 高  筒 圍  踝 圍,https://www.fmshoes.com.tw/products/6a2264fd93a330923d522f7f?variation=6a44a6fe0a94f50016a5ddcf,https://img.shoplineapp.com/media/image_clips/6a44a58aac6f4365becb83ad/original.jpg?1782883721=&owner_id=627e1d404e691000311b0a4f,2280 TWD,in stock,new
6a2264fd93a330923d522f7f:6a44a6fe0a94f50016a5ddd0,FM SHOES 真皮雙帶減壓拖鞋 白(36-41),版 型 偏大版(小一號購買)   產 地 台灣   鞋 面 超纖速乾面料   內 裏 腳床造型EVA發泡內墊   鞋 底 橡膠EVA防滑膠底   重 量 850公克 跟 型     筒 高  筒 圍  踝 圍,https://www.fmshoes.com.tw/products/6a2264fd93a330923d522f7f?variation=6a44a6fe0a94f50016a5ddd0,https://img.shoplineapp.com/media/image_clips/6a44a58aac6f4365becb83ad/original.jpg?1782883721=&owner_id=627e1d404e691000311b0a4f,2280 TWD,in stock,new
6a2264fd93a330923d522f7f:6a44a6fe0a94f50016a5ddd1,FM SHOES 真皮雙帶減壓拖鞋 白(36-41),版 型 偏大版(小一號購買)   產 地 台灣   鞋 面 超纖速乾面料   內 裏 腳床造型EVA發泡內墊   鞋 底 橡膠EVA防滑膠底   重 量 850公克 跟 型     筒 高  筒 圍  踝 圍,https://www.fmshoes.com.tw/products/6a2264fd93a330923d522f7f?variation=6a44a6fe0a94f50016a5ddd1,https://img.shoplineapp.com/media/image_clips/6a44a58aac6f4365becb83ad/original.jpg?1782883721=&owner_id=627e1d404e691000311b0a4f,2280 TWD,in stock,new
6a22661a3ba6b40b7c34d317:6a44a7e936fdea00128f19a7,FM SHOES 真皮雙帶減壓拖鞋 黃(36-41),版 型 偏大版(小一號購買)   產 地 台灣   鞋 面 超纖速乾面料   內 裏 腳床造型EVA發泡內墊   鞋 底 橡膠EVA防滑膠底   重 量 850公克 跟 型     筒 高  筒 圍  踝 圍,https://www.fmshoes.com.tw/products/6a22661a3ba6b40b7c34d317?variation=6a44a7e936fdea00128f19a7,https://img.shoplineapp.com/media/image_clips/6a44a7118be6444fc5b92878/original.jpg?1782884113=&owner_id=627e1d404e691000311b0a4f,2280 TWD,in stock,new
6a22661a3ba6b40b7c34d317:6a44a7e936fdea00128f19a8,FM SHOES 真皮雙帶減壓拖鞋 黃(36-41),版 型 偏大版(小一號購買)   產 地 台灣   鞋 面 超纖速乾面料   內 裏 腳床造型EVA發泡內墊   鞋 底 橡膠EVA防滑膠底   重 量 850公克 跟 型     筒 高  筒 圍  踝 圍,https://www.fmshoes.com.tw/products/6a22661a3ba6b40b7c34d317?variation=6a44a7e936fdea00128f19a8,https://img.shoplineapp.com/media/image_clips/6a44a7118be6444fc5b92878/original.jpg?1782884113=&owner_id=627e1d404e691000311b0a4f,2280 TWD,in stock,new
6a22661a3ba6b40b7c34d317:6a44a7e936fdea00128f19a9,FM SHOES 真皮雙帶減壓拖鞋 黃(36-41),版 型 偏大版(小一號購買)   產 地 台灣   鞋 面 超纖速乾面料   內 裏 腳床造型EVA發泡內墊   鞋 底 橡膠EVA防滑膠底   重 量 850公克 跟 型     筒 高  筒 圍  踝 圍,https://www.fmshoes.com.tw/products/6a22661a3ba6b40b7c34d317?variation=6a44a7e936fdea00128f19a9,https://img.shoplineapp.com/media/image_clips/6a44a7118be6444fc5b92878/original.jpg?1782884113=&owner_id=627e1d404e691000311b0a4f,2280 TWD,in stock,new
6a22661a3ba6b40b7c34d317:6a44a7e936fdea00128f19aa,FM SHOES 真皮雙帶減壓拖鞋 黃(36-41),版 型 偏大版(小一號購買)   產 地 台灣   鞋 面 超纖速乾面料   內 裏 腳床造型EVA發泡內墊   鞋 底 橡膠EVA防滑膠底   重 量 850公克 跟 型     筒 高  筒 圍  踝 圍,https://www.fmshoes.com.tw/products/6a22661a3ba6b40b7c34d317?variation=6a44a7e936fdea00128f19aa,https://img.shoplineapp.com/media/image_clips/6a44a7118be6444fc5b92878/original.jpg?1782884113=&owner_id=627e1d404e691000311b0a4f,2280 TWD,in stock,new
6a22661a3ba6b40b7c34d317:6a44a7e936fdea00128f19ab,FM SHOES 真皮雙帶減壓拖鞋 黃(36-41),版 型 偏大版(小一號購買)   產 地 台灣   鞋 面 超纖速乾面料   內 裏 腳床造型EVA發泡內墊   鞋 底 橡膠EVA防滑膠底   重 量 850公克 跟 型     筒 高  筒 圍  踝 圍,https://www.fmshoes.com.tw/products/6a22661a3ba6b40b7c34d317?variation=6a44a7e936fdea00128f19ab,https://img.shoplineapp.com/media/image_clips/6a44a7118be6444fc5b92878/original.jpg?1782884113=&owner_id=627e1d404e691000311b0a4f,2280 TWD,in stock,new
6a22661a3ba6b40b7c34d317:6a44a7e936fdea00128f19ac,FM SHOES 真皮雙帶減壓拖鞋 黃(36-41),版 型 偏大版(小一號購買)   產 地 台灣   鞋 面 超纖速乾面料   內 裏 腳床造型EVA發泡內墊   鞋 底 橡膠EVA防滑膠底   重 量 850公克 跟 型     筒 高  筒 圍  踝 圍,https://www.fmshoes.com.tw/products/6a22661a3ba6b40b7c34d317?variation=6a44a7e936fdea00128f19ac,https://img.shoplineapp.com/media/image_clips/6a44a7118be6444fc5b92878/original.jpg?1782884113=&owner_id=627e1d404e691000311b0a4f,2280 TWD,in stock,new
6a2266b20ed38eae0d01b411:6a2266b09386410010b6cd00,FM SHOES 真皮雙帶減壓拖鞋 卡其(36-44),版 型 偏大版(小一號購買)   產 地 台灣   鞋 面 超纖速乾面料   內 裏 腳床造型EVA發泡內墊   鞋 底 橡膠EVA防滑膠底   重 量 850公克 跟 型     筒 高  筒 圍  踝 圍,https://www.fmshoes.com.tw/products/6a2266b20ed38eae0d01b411?variation=6a2266b09386410010b6cd00,https://img.shoplineapp.com/media/image_clips/6a44a844576fe400109e8450/original.jpg?1782884420=&owner_id=627e1d404e691000311b0a4f,2280 TWD,in stock,new
6a2266b20ed38eae0d01b411:6a2266b09386410010b6cd01,FM SHOES 真皮雙帶減壓拖鞋 卡其(36-44),版 型 偏大版(小一號購買)   產 地 台灣   鞋 面 超纖速乾面料   內 裏 腳床造型EVA發泡內墊   鞋 底 橡膠EVA防滑膠底   重 量 850公克 跟 型     筒 高  筒 圍  踝 圍,https://www.fmshoes.com.tw/products/6a2266b20ed38eae0d01b411?variation=6a2266b09386410010b6cd01,https://img.shoplineapp.com/media/image_clips/6a44a844576fe400109e8450/original.jpg?1782884420=&owner_id=627e1d404e691000311b0a4f,2280 TWD,in stock,new
6a2266b20ed38eae0d01b411:6a2266b09386410010b6cd02,FM SHOES 真皮雙帶減壓拖鞋 卡其(36-44),版 型 偏大版(小一號購買)   產 地 台灣   鞋 面 超纖速乾面料   內 裏 腳床造型EVA發泡內墊   鞋 底 橡膠EVA防滑膠底   重 量 850公克 跟 型     筒 高  筒 圍  踝 圍,https://www.fmshoes.com.tw/products/6a2266b20ed38eae0d01b411?variation=6a2266b09386410010b6cd02,https://img.shoplineapp.com/media/image_clips/6a44a844576fe400109e8450/original.jpg?1782884420=&owner_id=627e1d404e691000311b0a4f,2280 TWD,in stock,new
6a2266b20ed38eae0d01b411:6a2266b09386410010b6cd03,FM SHOES 真皮雙帶減壓拖鞋 卡其(36-44),版 型 偏大版(小一號購買)   產 地 台灣   鞋 面 超纖速乾面料   內 裏 腳床造型EVA發泡內墊   鞋 底 橡膠EVA防滑膠底   重 量 850公克 跟 型     筒 高  筒 圍  踝 圍,https://www.fmshoes.com.tw/products/6a2266b20ed38eae0d01b411?variation=6a2266b09386410010b6cd03,https://img.shoplineapp.com/media/image_clips/6a44a844576fe400109e8450/original.jpg?1782884420=&owner_id=627e1d404e691000311b0a4f,2280 TWD,in stock,new
6a2266b20ed38eae0d01b411:6a2266b09386410010b6cd04,FM SHOES 真皮雙帶減壓拖鞋 卡其(36-44),版 型 偏大版(小一號購買)   產 地 台灣   鞋 面 超纖速乾面料   內 裏 腳床造型EVA發泡內墊   鞋 底 橡膠EVA防滑膠底   重 量 850公克 跟 型     筒 高  筒 圍  踝 圍,https://www.fmshoes.com.tw/products/6a2266b20ed38eae0d01b411?variation=6a2266b09386410010b6cd04,https://img.shoplineapp.com/media/image_clips/6a44a844576fe400109e8450/original.jpg?1782884420=&owner_id=627e1d404e691000311b0a4f,2280 TWD,in stock,new
6a2266b20ed38eae0d01b411:6a2266b09386410010b6cd05,FM SHOES 真皮雙帶減壓拖鞋 卡其(36-44),版 型 偏大版(小一號購買)   產 地 台灣   鞋 面 超纖速乾面料   內 裏 腳床造型EVA發泡內墊   鞋 底 橡膠EVA防滑膠底   重 量 850公克 跟 型     筒 高  筒 圍  踝 圍,https://www.fmshoes.com.tw/products/6a2266b20ed38eae0d01b411?variation=6a2266b09386410010b6cd05,https://img.shoplineapp.com/media/image_clips/6a44a844576fe400109e8450/original.jpg?1782884420=&owner_id=627e1d404e691000311b0a4f,2280 TWD,in stock,new
6a2266b20ed38eae0d01b411:6a2266b09386410010b6cd06,FM SHOES 真皮雙帶減壓拖鞋 卡其(36-44),版 型 偏大版(小一號購買)   產 地 台灣   鞋 面 超纖速乾面料   內 裏 腳床造型EVA發泡內墊   鞋 底 橡膠EVA防滑膠底   重 量 850公克 跟 型     筒 高  筒 圍  踝 圍,https://www.fmshoes.com.tw/products/6a2266b20ed38eae0d01b411?variation=6a2266b09386410010b6cd06,https://img.shoplineapp.com/media/image_clips/6a44a844576fe400109e8450/original.jpg?1782884420=&owner_id=627e1d404e691000311b0a4f,2280 TWD,in stock,new
6a2266b20ed38eae0d01b411:6a2266b09386410010b6cd07,FM SHOES 真皮雙帶減壓拖鞋 卡其(36-44),版 型 偏大版(小一號購買)   產 地 台灣   鞋 面 超纖速乾面料   內 裏 腳床造型EVA發泡內墊   鞋 底 橡膠EVA防滑膠底   重 量 850公克 跟 型     筒 高  筒 圍  踝 圍,https://www.fmshoes.com.tw/products/6a2266b20ed38eae0d01b411?variation=6a2266b09386410010b6cd07,https://img.shoplineapp.com/media/image_clips/6a44a844576fe400109e8450/original.jpg?1782884420=&owner_id=627e1d404e691000311b0a4f,2280 TWD,in stock,new
6a2266b20ed38eae0d01b411:6a2266b09386410010b6cd08,FM SHOES 真皮雙帶減壓拖鞋 卡其(36-44),版 型 偏大版(小一號購買)   產 地 台灣   鞋 面 超纖速乾面料   內 裏 腳床造型EVA發泡內墊   鞋 底 橡膠EVA防滑膠底   重 量 850公克 跟 型     筒 高  筒 圍  踝 圍,https://www.fmshoes.com.tw/products/6a2266b20ed38eae0d01b411?variation=6a2266b09386410010b6cd08,https://img.shoplineapp.com/media/image_clips/6a44a844576fe400109e8450/original.jpg?1782884420=&owner_id=627e1d404e691000311b0a4f,2280 TWD,in stock,new
6a226a38320f92e9c4e8bd85:6a226a365b388c000cb6ff12,FM SHOES 真皮雙帶減壓拖鞋 黑(36-44),版 型 偏大版(小一號購買)   產 地 台灣   鞋 面 超纖速乾面料   內 裏 腳床造型EVA發泡內墊   鞋 底 橡膠EVA防滑膠底   重 量 850公克 跟 型     筒 高  筒 圍  踝 圍,https://www.fmshoes.com.tw/products/6a226a38320f92e9c4e8bd85?variation=6a226a365b388c000cb6ff12,https://img.shoplineapp.com/media/image_clips/6a44d5a839d48dc7b45406af/original.jpg?1782896040=&owner_id=627e1d404e691000311b0a4f,2280 TWD,in stock,new
6a226a38320f92e9c4e8bd85:6a226a365b388c000cb6ff13,FM SHOES 真皮雙帶減壓拖鞋 黑(36-44),版 型 偏大版(小一號購買)   產 地 台灣   鞋 面 超纖速乾面料   內 裏 腳床造型EVA發泡內墊   鞋 底 橡膠EVA防滑膠底   重 量 850公克 跟 型     筒 高  筒 圍  踝 圍,https://www.fmshoes.com.tw/products/6a226a38320f92e9c4e8bd85?variation=6a226a365b388c000cb6ff13,https://img.shoplineapp.com/media/image_clips/6a44d5a839d48dc7b45406af/original.jpg?1782896040=&owner_id=627e1d404e691000311b0a4f,2280 TWD,in stock,new
6a226a38320f92e9c4e8bd85:6a226a365b388c000cb6ff14,FM SHOES 真皮雙帶減壓拖鞋 黑(36-44),版 型 偏大版(小一號購買)   產 地 台灣   鞋 面 超纖速乾面料   內 裏 腳床造型EVA發泡內墊   鞋 底 橡膠EVA防滑膠底   重 量 850公克 跟 型     筒 高  筒 圍  踝 圍,https://www.fmshoes.com.tw/products/6a226a38320f92e9c4e8bd85?variation=6a226a365b388c000cb6ff14,https://img.shoplineapp.com/media/image_clips/6a44d5a839d48dc7b45406af/original.jpg?1782896040=&owner_id=627e1d404e691000311b0a4f,2280 TWD,in stock,new
6a226a38320f92e9c4e8bd85:6a226a365b388c000cb6ff15,FM SHOES 真皮雙帶減壓拖鞋 黑(36-44),版 型 偏大版(小一號購買)   產 地 台灣   鞋 面 超纖速乾面料   內 裏 腳床造型EVA發泡內墊   鞋 底 橡膠EVA防滑膠底   重 量 850公克 跟 型     筒 高  筒 圍  踝 圍,https://www.fmshoes.com.tw/products/6a226a38320f92e9c4e8bd85?variation=6a226a365b388c000cb6ff15,https://img.shoplineapp.com/media/image_clips/6a44d5a839d48dc7b45406af/original.jpg?1782896040=&owner_id=627e1d404e691000311b0a4f,2280 TWD,in stock,new
6a226a38320f92e9c4e8bd85:6a226a365b388c000cb6ff16,FM SHOES 真皮雙帶減壓拖鞋 黑(36-44),版 型 偏大版(小一號購買)   產 地 台灣   鞋 面 超纖速乾面料   內 裏 腳床造型EVA發泡內墊   鞋 底 橡膠EVA防滑膠底   重 量 850公克 跟 型     筒 高  筒 圍  踝 圍,https://www.fmshoes.com.tw/products/6a226a38320f92e9c4e8bd85?variation=6a226a365b388c000cb6ff16,https://img.shoplineapp.com/media/image_clips/6a44d5a839d48dc7b45406af/original.jpg?1782896040=&owner_id=627e1d404e691000311b0a4f,2280 TWD,in stock,new
6a226a38320f92e9c4e8bd85:6a226a365b388c000cb6ff17,FM SHOES 真皮雙帶減壓拖鞋 黑(36-44),版 型 偏大版(小一號購買)   產 地 台灣   鞋 面 超纖速乾面料   內 裏 腳床造型EVA發泡內墊   鞋 底 橡膠EVA防滑膠底   重 量 850公克 跟 型     筒 高  筒 圍  踝 圍,https://www.fmshoes.com.tw/products/6a226a38320f92e9c4e8bd85?variation=6a226a365b388c000cb6ff17,https://img.shoplineapp.com/media/image_clips/6a44d5a839d48dc7b45406af/original.jpg?1782896040=&owner_id=627e1d404e691000311b0a4f,2280 TWD,in stock,new
6a226a38320f92e9c4e8bd85:6a226a365b388c000cb6ff18,FM SHOES 真皮雙帶減壓拖鞋 黑(36-44),版 型 偏大版(小一號購買)   產 地 台灣   鞋 面 超纖速乾面料   內 裏 腳床造型EVA發泡內墊   鞋 底 橡膠EVA防滑膠底   重 量 850公克 跟 型     筒 高  筒 圍  踝 圍,https://www.fmshoes.com.tw/products/6a226a38320f92e9c4e8bd85?variation=6a226a365b388c000cb6ff18,https://img.shoplineapp.com/media/image_clips/6a44d5a839d48dc7b45406af/original.jpg?1782896040=&owner_id=627e1d404e691000311b0a4f,2280 TWD,in stock,new
6a226a38320f92e9c4e8bd85:6a226a365b388c000cb6ff19,FM SHOES 真皮雙帶減壓拖鞋 黑(36-44),版 型 偏大版(小一號購買)   產 地 台灣   鞋 面 超纖速乾面料   內 裏 腳床造型EVA發泡內墊   鞋 底 橡膠EVA防滑膠底   重 量 850公克 跟 型     筒 高  筒 圍  踝 圍,https://www.fmshoes.com.tw/products/6a226a38320f92e9c4e8bd85?variation=6a226a365b388c000cb6ff19,https://img.shoplineapp.com/media/image_clips/6a44d5a839d48dc7b45406af/original.jpg?1782896040=&owner_id=627e1d404e691000311b0a4f,2280 TWD,in stock,new
6a226a38320f92e9c4e8bd85:6a226a365b388c000cb6ff1a,FM SHOES 真皮雙帶減壓拖鞋 黑(36-44),版 型 偏大版(小一號購買)   產 地 台灣   鞋 面 超纖速乾面料   內 裏 腳床造型EVA發泡內墊   鞋 底 橡膠EVA防滑膠底   重 量 850公克 跟 型     筒 高  筒 圍  踝 圍,https://www.fmshoes.com.tw/products/6a226a38320f92e9c4e8bd85?variation=6a226a365b388c000cb6ff1a,https://img.shoplineapp.com/media/image_clips/6a44d5a839d48dc7b45406af/original.jpg?1782896040=&owner_id=627e1d404e691000311b0a4f,2280 TWD,in stock,new
6a4cbde8826c5f9e01df88e6:6a4cbde589e8a50016b7f624,NEUTRAL 防水氣墊麻糬拖鞋(加寬版) 黑(36-48),版 型 標準版(照原本尺寸購買)   產 地 台灣   鞋 面 無毒EVA材質   內 裏 無毒EVA材質   鞋 底 EVA止滑底   重 量 370公克 跟 型     筒 高  筒 圍  踝 圍,https://www.fmshoes.com.tw/products/6a4cbde8826c5f9e01df88e6?variation=6a4cbde589e8a50016b7f624,https://img.shoplineapp.com/media/image_clips/6a5d8553f94a4508ed06ed1f/original.jpg?1784513874=&owner_id=627e1d404e691000311b0a4f,399 TWD,in stock,new
6a4cbde8826c5f9e01df88e6:6a4cbde589e8a50016b7f625,NEUTRAL 防水氣墊麻糬拖鞋(加寬版) 黑(36-48),版 型 標準版(照原本尺寸購買)   產 地 台灣   鞋 面 無毒EVA材質   內 裏 無毒EVA材質   鞋 底 EVA止滑底   重 量 370公克 跟 型     筒 高  筒 圍  踝 圍,https://www.fmshoes.com.tw/products/6a4cbde8826c5f9e01df88e6?variation=6a4cbde589e8a50016b7f625,https://img.shoplineapp.com/media/image_clips/6a5d8553f94a4508ed06ed1f/original.jpg?1784513874=&owner_id=627e1d404e691000311b0a4f,399 TWD,in stock,new
6a4cbde8826c5f9e01df88e6:6a4cbde589e8a50016b7f626,NEUTRAL 防水氣墊麻糬拖鞋(加寬版) 黑(36-48),版 型 標準版(照原本尺寸購買)   產 地 台灣   鞋 面 無毒EVA材質   內 裏 無毒EVA材質   鞋 底 EVA止滑底   重 量 370公克 跟 型     筒 高  筒 圍  踝 圍,https://www.fmshoes.com.tw/products/6a4cbde8826c5f9e01df88e6?variation=6a4cbde589e8a50016b7f626,https://img.shoplineapp.com/media/image_clips/6a5d8553f94a4508ed06ed1f/original.jpg?1784513874=&owner_id=627e1d404e691000311b0a4f,399 TWD,in stock,new
6a4cbde8826c5f9e01df88e6:6a4cbde589e8a50016b7f627,NEUTRAL 防水氣墊麻糬拖鞋(加寬版) 黑(36-48),版 型 標準版(照原本尺寸購買)   產 地 台灣   鞋 面 無毒EVA材質   內 裏 無毒EVA材質   鞋 底 EVA止滑底   重 量 370公克 跟 型     筒 高  筒 圍  踝 圍,https://www.fmshoes.com.tw/products/6a4cbde8826c5f9e01df88e6?variation=6a4cbde589e8a50016b7f627,https://img.shoplineapp.com/media/image_clips/6a5d8553f94a4508ed06ed1f/original.jpg?1784513874=&owner_id=627e1d404e691000311b0a4f,399 TWD,in stock,new
6a4cbde8826c5f9e01df88e6:6a4cbde589e8a50016b7f628,NEUTRAL 防水氣墊麻糬拖鞋(加寬版) 黑(36-48),版 型 標準版(照原本尺寸購買)   產 地 台灣   鞋 面 無毒EVA材質   內 裏 無毒EVA材質   鞋 底 EVA止滑底   重 量 370公克 跟 型     筒 高  筒 圍  踝 圍,https://www.fmshoes.com.tw/products/6a4cbde8826c5f9e01df88e6?variation=6a4cbde589e8a50016b7f628,https://img.shoplineapp.com/media/image_clips/6a5d8553f94a4508ed06ed1f/original.jpg?1784513874=&owner_id=627e1d404e691000311b0a4f,399 TWD,in stock,new
6a4cbde8826c5f9e01df88e6:6a4cbde589e8a50016b7f629,NEUTRAL 防水氣墊麻糬拖鞋(加寬版) 黑(36-48),版 型 標準版(照原本尺寸購買)   產 地 台灣   鞋 面 無毒EVA材質   內 裏 無毒EVA材質   鞋 底 EVA止滑底   重 量 370公克 跟 型     筒 高  筒 圍  踝 圍,https://www.fmshoes.com.tw/products/6a4cbde8826c5f9e01df88e6?variation=6a4cbde589e8a50016b7f629,https://img.shoplineapp.com/media/image_clips/6a5d8553f94a4508ed06ed1f/original.jpg?1784513874=&owner_id=627e1d404e691000311b0a4f,399 TWD,in stock,new
6a4cbde8826c5f9e01df88e6:6a4cbde589e8a50016b7f62a,NEUTRAL 防水氣墊麻糬拖鞋(加寬版) 黑(36-48),版 型 標準版(照原本尺寸購買)   產 地 台灣   鞋 面 無毒EVA材質   內 裏 無毒EVA材質   鞋 底 EVA止滑底   重 量 370公克 跟 型     筒 高  筒 圍  踝 圍,https://www.fmshoes.com.tw/products/6a4cbde8826c5f9e01df88e6?variation=6a4cbde589e8a50016b7f62a,https://img.shoplineapp.com/media/image_clips/6a5d8553f94a4508ed06ed1f/original.jpg?1784513874=&owner_id=627e1d404e691000311b0a4f,399 TWD,in stock,new
6a4cbde8826c5f9e01df88e6:6a4cbde589e8a50016b7f62b,NEUTRAL 防水氣墊麻糬拖鞋(加寬版) 黑(36-48),版 型 標準版(照原本尺寸購買)   產 地 台灣   鞋 面 無毒EVA材質   內 裏 無毒EVA材質   鞋 底 EVA止滑底   重 量 370公克 跟 型     筒 高  筒 圍  踝 圍,https://www.fmshoes.com.tw/products/6a4cbde8826c5f9e01df88e6?variation=6a4cbde589e8a50016b7f62b,https://img.shoplineapp.com/media/image_clips/6a5d8553f94a4508ed06ed1f/original.jpg?1784513874=&owner_id=627e1d404e691000311b0a4f,399 TWD,in stock,new
6a4cbde8826c5f9e01df88e6:6a4cbde589e8a50016b7f62c,NEUTRAL 防水氣墊麻糬拖鞋(加寬版) 黑(36-48),版 型 標準版(照原本尺寸購買)   產 地 台灣   鞋 面 無毒EVA材質   內 裏 無毒EVA材質   鞋 底 EVA止滑底   重 量 370公克 跟 型     筒 高  筒 圍  踝 圍,https://www.fmshoes.com.tw/products/6a4cbde8826c5f9e01df88e6?variation=6a4cbde589e8a50016b7f62c,https://img.shoplineapp.com/media/image_clips/6a5d8553f94a4508ed06ed1f/original.jpg?1784513874=&owner_id=627e1d404e691000311b0a4f,399 TWD,in stock,new
6a4cbf2e7cddd88762957470:6a4cbf2bd8cb450010e140fa,NEUTRAL 免綁帶透氣網層全地形機能涼鞋 米(36-43),".embed-container { position: relative; padding-bottom: 56.25%; height: 0; overflow: hidden; max-width: 100%; } .embed-container iframe, .embed-container object, .embed-container embed { position: absolute; top: 0; left: 0; width:",https://www.fmshoes.com.tw/products/6a4cbf2e7cddd88762957470?variation=6a4cbf2bd8cb450010e140fa,https://img.shoplineapp.com/media/image_clips/6a603cbcbb0f78000ebd4d0c/original.jpg?1784691900=&owner_id=627e1d404e691000311b0a4f,2280 TWD,in stock,new
6a4cbf2e7cddd88762957470:6a4cbf2bd8cb450010e140fb,NEUTRAL 免綁帶透氣網層全地形機能涼鞋 米(36-43),".embed-container { position: relative; padding-bottom: 56.25%; height: 0; overflow: hidden; max-width: 100%; } .embed-container iframe, .embed-container object, .embed-container embed { position: absolute; top: 0; left: 0; width:",https://www.fmshoes.com.tw/products/6a4cbf2e7cddd88762957470?variation=6a4cbf2bd8cb450010e140fb,https://img.shoplineapp.com/media/image_clips/6a603cbcbb0f78000ebd4d0c/original.jpg?1784691900=&owner_id=627e1d404e691000311b0a4f,2280 TWD,in stock,new
6a4cbf2e7cddd88762957470:6a4cbf2bd8cb450010e140fc,NEUTRAL 免綁帶透氣網層全地形機能涼鞋 米(36-43),".embed-container { position: relative; padding-bottom: 56.25%; height: 0; overflow: hidden; max-width: 100%; } .embed-container iframe, .embed-container object, .embed-container embed { position: absolute; top: 0; left: 0; width:",https://www.fmshoes.com.tw/products/6a4cbf2e7cddd88762957470?variation=6a4cbf2bd8cb450010e140fc,https://img.shoplineapp.com/media/image_clips/6a603cbcbb0f78000ebd4d0c/original.jpg?1784691900=&owner_id=627e1d404e691000311b0a4f,2280 TWD,in stock,new
6a4cbf2e7cddd88762957470:6a4cbf2bd8cb450010e140fd,NEUTRAL 免綁帶透氣網層全地形機能涼鞋 米(36-43),".embed-container { position: relative; padding-bottom: 56.25%; height: 0; overflow: hidden; max-width: 100%; } .embed-container iframe, .embed-container object, .embed-container embed { position: absolute; top: 0; left: 0; width:",https://www.fmshoes.com.tw/products/6a4cbf2e7cddd88762957470?variation=6a4cbf2bd8cb450010e140fd,https://img.shoplineapp.com/media/image_clips/6a603cbcbb0f78000ebd4d0c/original.jpg?1784691900=&owner_id=627e1d404e691000311b0a4f,2280 TWD,in stock,new
6a4cbf2e7cddd88762957470:6a4cbf2bd8cb450010e140fe,NEUTRAL 免綁帶透氣網層全地形機能涼鞋 米(36-43),".embed-container { position: relative; padding-bottom: 56.25%; height: 0; overflow: hidden; max-width: 100%; } .embed-container iframe, .embed-container object, .embed-container embed { position: absolute; top: 0; left: 0; width:",https://www.fmshoes.com.tw/products/6a4cbf2e7cddd88762957470?variation=6a4cbf2bd8cb450010e140fe,https://img.shoplineapp.com/media/image_clips/6a603cbcbb0f78000ebd4d0c/original.jpg?1784691900=&owner_id=627e1d404e691000311b0a4f,2280 TWD,in stock,new
6a4cbf2e7cddd88762957470:6a4cbf2bd8cb450010e140ff,NEUTRAL 免綁帶透氣網層全地形機能涼鞋 米(36-43),".embed-container { position: relative; padding-bottom: 56.25%; height: 0; overflow: hidden; max-width: 100%; } .embed-container iframe, .embed-container object, .embed-container embed { position: absolute; top: 0; left: 0; width:",https://www.fmshoes.com.tw/products/6a4cbf2e7cddd88762957470?variation=6a4cbf2bd8cb450010e140ff,https://img.shoplineapp.com/media/image_clips/6a603cbcbb0f78000ebd4d0c/original.jpg?1784691900=&owner_id=627e1d404e691000311b0a4f,2280 TWD,in stock,new
6a4cbf2e7cddd88762957470:6a4cbf2bd8cb450010e14100,NEUTRAL 免綁帶透氣網層全地形機能涼鞋 米(36-43),".embed-container { position: relative; padding-bottom: 56.25%; height: 0; overflow: hidden; max-width: 100%; } .embed-container iframe, .embed-container object, .embed-container embed { position: absolute; top: 0; left: 0; width:",https://www.fmshoes.com.tw/products/6a4cbf2e7cddd88762957470?variation=6a4cbf2bd8cb450010e14100,https://img.shoplineapp.com/media/image_clips/6a603cbcbb0f78000ebd4d0c/original.jpg?1784691900=&owner_id=627e1d404e691000311b0a4f,2280 TWD,in stock,new
6a4cbf2e7cddd88762957470:6a4cbf2bd8cb450010e14101,NEUTRAL 免綁帶透氣網層全地形機能涼鞋 米(36-43),".embed-container { position: relative; padding-bottom: 56.25%; height: 0; overflow: hidden; max-width: 100%; } .embed-container iframe, .embed-container object, .embed-container embed { position: absolute; top: 0; left: 0; width:",https://www.fmshoes.com.tw/products/6a4cbf2e7cddd88762957470?variation=6a4cbf2bd8cb450010e14101,https://img.shoplineapp.com/media/image_clips/6a603cbcbb0f78000ebd4d0c/original.jpg?1784691900=&owner_id=627e1d404e691000311b0a4f,2280 TWD,in stock,new
6a4cbfe7528ea16a774f23c5:6a4cbfe5edd1d30015c44488,NEUTRAL 免綁帶透氣網層全地形機能涼鞋 灰(36-43),".embed-container { position: relative; padding-bottom: 56.25%; height: 0; overflow: hidden; max-width: 100%; } .embed-container iframe, .embed-container object, .embed-container embed { position: absolute; top: 0; left: 0; width:",https://www.fmshoes.com.tw/products/6a4cbfe7528ea16a774f23c5?variation=6a4cbfe5edd1d30015c44488,https://img.shoplineapp.com/media/image_clips/6a603d7fd029f50018855138/original.jpg?1784692095=&owner_id=627e1d404e691000311b0a4f,2280 TWD,in stock,new
6a4cbfe7528ea16a774f23c5:6a4cbfe5edd1d30015c44489,NEUTRAL 免綁帶透氣網層全地形機能涼鞋 灰(36-43),".embed-container { position: relative; padding-bottom: 56.25%; height: 0; overflow: hidden; max-width: 100%; } .embed-container iframe, .embed-container object, .embed-container embed { position: absolute; top: 0; left: 0; width:",https://www.fmshoes.com.tw/products/6a4cbfe7528ea16a774f23c5?variation=6a4cbfe5edd1d30015c44489,https://img.shoplineapp.com/media/image_clips/6a603d7fd029f50018855138/original.jpg?1784692095=&owner_id=627e1d404e691000311b0a4f,2280 TWD,in stock,new
6a4cbfe7528ea16a774f23c5:6a4cbfe5edd1d30015c4448a,NEUTRAL 免綁帶透氣網層全地形機能涼鞋 灰(36-43),".embed-container { position: relative; padding-bottom: 56.25%; height: 0; overflow: hidden; max-width: 100%; } .embed-container iframe, .embed-container object, .embed-container embed { position: absolute; top: 0; left: 0; width:",https://www.fmshoes.com.tw/products/6a4cbfe7528ea16a774f23c5?variation=6a4cbfe5edd1d30015c4448a,https://img.shoplineapp.com/media/image_clips/6a603d7fd029f50018855138/original.jpg?1784692095=&owner_id=627e1d404e691000311b0a4f,2280 TWD,in stock,new
6a4cbfe7528ea16a774f23c5:6a4cbfe5edd1d30015c4448b,NEUTRAL 免綁帶透氣網層全地形機能涼鞋 灰(36-43),".embed-container { position: relative; padding-bottom: 56.25%; height: 0; overflow: hidden; max-width: 100%; } .embed-container iframe, .embed-container object, .embed-container embed { position: absolute; top: 0; left: 0; width:",https://www.fmshoes.com.tw/products/6a4cbfe7528ea16a774f23c5?variation=6a4cbfe5edd1d30015c4448b,https://img.shoplineapp.com/media/image_clips/6a603d7fd029f50018855138/original.jpg?1784692095=&owner_id=627e1d404e691000311b0a4f,2280 TWD,in stock,new
6a4cbfe7528ea16a774f23c5:6a4cbfe5edd1d30015c4448c,NEUTRAL 免綁帶透氣網層全地形機能涼鞋 灰(36-43),".embed-container { position: relative; padding-bottom: 56.25%; height: 0; overflow: hidden; max-width: 100%; } .embed-container iframe, .embed-container object, .embed-container embed { position: absolute; top: 0; left: 0; width:",https://www.fmshoes.com.tw/products/6a4cbfe7528ea16a774f23c5?variation=6a4cbfe5edd1d30015c4448c,https://img.shoplineapp.com/media/image_clips/6a603d7fd029f50018855138/original.jpg?1784692095=&owner_id=627e1d404e691000311b0a4f,2280 TWD,in stock,new
6a4cbfe7528ea16a774f23c5:6a4cbfe5edd1d30015c4448d,NEUTRAL 免綁帶透氣網層全地形機能涼鞋 灰(36-43),".embed-container { position: relative; padding-bottom: 56.25%; height: 0; overflow: hidden; max-width: 100%; } .embed-container iframe, .embed-container object, .embed-container embed { position: absolute; top: 0; left: 0; width:",https://www.fmshoes.com.tw/products/6a4cbfe7528ea16a774f23c5?variation=6a4cbfe5edd1d30015c4448d,https://img.shoplineapp.com/media/image_clips/6a603d7fd029f50018855138/original.jpg?1784692095=&owner_id=627e1d404e691000311b0a4f,2280 TWD,in stock,new
6a4cbfe7528ea16a774f23c5:6a4cbfe5edd1d30015c4448e,NEUTRAL 免綁帶透氣網層全地形機能涼鞋 灰(36-43),".embed-container { position: relative; padding-bottom: 56.25%; height: 0; overflow: hidden; max-width: 100%; } .embed-container iframe, .embed-container object, .embed-container embed { position: absolute; top: 0; left: 0; width:",https://www.fmshoes.com.tw/products/6a4cbfe7528ea16a774f23c5?variation=6a4cbfe5edd1d30015c4448e,https://img.shoplineapp.com/media/image_clips/6a603d7fd029f50018855138/original.jpg?1784692095=&owner_id=627e1d404e691000311b0a4f,2280 TWD,in stock,new
6a4cbfe7528ea16a774f23c5:6a4cbfe5edd1d30015c4448f,NEUTRAL 免綁帶透氣網層全地形機能涼鞋 灰(36-43),".embed-container { position: relative; padding-bottom: 56.25%; height: 0; overflow: hidden; max-width: 100%; } .embed-container iframe, .embed-container object, .embed-container embed { position: absolute; top: 0; left: 0; width:",https://www.fmshoes.com.tw/products/6a4cbfe7528ea16a774f23c5?variation=6a4cbfe5edd1d30015c4448f,https://img.shoplineapp.com/media/image_clips/6a603d7fd029f50018855138/original.jpg?1784692095=&owner_id=627e1d404e691000311b0a4f,2280 TWD,in stock,new
6a4da95e94d4b50cd17cf70a:6a4da95b43bafc0012094a9f,FM SHOES 真皮穩步足弓雙帶涼鞋 深灰(36-44),版 型 偏大版(小一號購買)   產 地 台灣   鞋 面 超纖速乾面料   內 裏 腳床造型EVA發泡內墊   鞋 底 橡膠EVA防滑膠底   重 量 850公克 跟 型     筒 高  筒 圍  踝 圍,https://www.fmshoes.com.tw/products/6a4da95e94d4b50cd17cf70a?variation=6a4da95b43bafc0012094a9f,https://img.shoplineapp.com/media/image_clips/6a59e6dab06bdabad276402a/original.jpg?1784276698=&owner_id=627e1d404e691000311b0a4f,2280 TWD,in stock,new
6a4da95e94d4b50cd17cf70a:6a4da95b43bafc0012094aa0,FM SHOES 真皮穩步足弓雙帶涼鞋 深灰(36-44),版 型 偏大版(小一號購買)   產 地 台灣   鞋 面 超纖速乾面料   內 裏 腳床造型EVA發泡內墊   鞋 底 橡膠EVA防滑膠底   重 量 850公克 跟 型     筒 高  筒 圍  踝 圍,https://www.fmshoes.com.tw/products/6a4da95e94d4b50cd17cf70a?variation=6a4da95b43bafc0012094aa0,https://img.shoplineapp.com/media/image_clips/6a59e6dab06bdabad276402a/original.jpg?1784276698=&owner_id=627e1d404e691000311b0a4f,2280 TWD,in stock,new
6a4da95e94d4b50cd17cf70a:6a4da95b43bafc0012094aa1,FM SHOES 真皮穩步足弓雙帶涼鞋 深灰(36-44),版 型 偏大版(小一號購買)   產 地 台灣   鞋 面 超纖速乾面料   內 裏 腳床造型EVA發泡內墊   鞋 底 橡膠EVA防滑膠底   重 量 850公克 跟 型     筒 高  筒 圍  踝 圍,https://www.fmshoes.com.tw/products/6a4da95e94d4b50cd17cf70a?variation=6a4da95b43bafc0012094aa1,https://img.shoplineapp.com/media/image_clips/6a59e6dab06bdabad276402a/original.jpg?1784276698=&owner_id=627e1d404e691000311b0a4f,2280 TWD,in stock,new
6a4da95e94d4b50cd17cf70a:6a4da95b43bafc0012094aa2,FM SHOES 真皮穩步足弓雙帶涼鞋 深灰(36-44),版 型 偏大版(小一號購買)   產 地 台灣   鞋 面 超纖速乾面料   內 裏 腳床造型EVA發泡內墊   鞋 底 橡膠EVA防滑膠底   重 量 850公克 跟 型     筒 高  筒 圍  踝 圍,https://www.fmshoes.com.tw/products/6a4da95e94d4b50cd17cf70a?variation=6a4da95b43bafc0012094aa2,https://img.shoplineapp.com/media/image_clips/6a59e6dab06bdabad276402a/original.jpg?1784276698=&owner_id=627e1d404e691000311b0a4f,2280 TWD,in stock,new
6a4da95e94d4b50cd17cf70a:6a4da95b43bafc0012094aa3,FM SHOES 真皮穩步足弓雙帶涼鞋 深灰(36-44),版 型 偏大版(小一號購買)   產 地 台灣   鞋 面 超纖速乾面料   內 裏 腳床造型EVA發泡內墊   鞋 底 橡膠EVA防滑膠底   重 量 850公克 跟 型     筒 高  筒 圍  踝 圍,https://www.fmshoes.com.tw/products/6a4da95e94d4b50cd17cf70a?variation=6a4da95b43bafc0012094aa3,https://img.shoplineapp.com/media/image_clips/6a59e6dab06bdabad276402a/original.jpg?1784276698=&owner_id=627e1d404e691000311b0a4f,2280 TWD,in stock,new
6a4da95e94d4b50cd17cf70a:6a4da95b43bafc0012094aa4,FM SHOES 真皮穩步足弓雙帶涼鞋 深灰(36-44),版 型 偏大版(小一號購買)   產 地 台灣   鞋 面 超纖速乾面料   內 裏 腳床造型EVA發泡內墊   鞋 底 橡膠EVA防滑膠底   重 量 850公克 跟 型     筒 高  筒 圍  踝 圍,https://www.fmshoes.com.tw/products/6a4da95e94d4b50cd17cf70a?variation=6a4da95b43bafc0012094aa4,https://img.shoplineapp.com/media/image_clips/6a59e6dab06bdabad276402a/original.jpg?1784276698=&owner_id=627e1d404e691000311b0a4f,2280 TWD,in stock,new
6a4da95e94d4b50cd17cf70a:6a4da95b43bafc0012094aa5,FM SHOES 真皮穩步足弓雙帶涼鞋 深灰(36-44),版 型 偏大版(小一號購買)   產 地 台灣   鞋 面 超纖速乾面料   內 裏 腳床造型EVA發泡內墊   鞋 底 橡膠EVA防滑膠底   重 量 850公克 跟 型     筒 高  筒 圍  踝 圍,https://www.fmshoes.com.tw/products/6a4da95e94d4b50cd17cf70a?variation=6a4da95b43bafc0012094aa5,https://img.shoplineapp.com/media/image_clips/6a59e6dab06bdabad276402a/original.jpg?1784276698=&owner_id=627e1d404e691000311b0a4f,2280 TWD,in stock,new
6a4da95e94d4b50cd17cf70a:6a4da95b43bafc0012094aa6,FM SHOES 真皮穩步足弓雙帶涼鞋 深灰(36-44),版 型 偏大版(小一號購買)   產 地 台灣   鞋 面 超纖速乾面料   內 裏 腳床造型EVA發泡內墊   鞋 底 橡膠EVA防滑膠底   重 量 850公克 跟 型     筒 高  筒 圍  踝 圍,https://www.fmshoes.com.tw/products/6a4da95e94d4b50cd17cf70a?variation=6a4da95b43bafc0012094aa6,https://img.shoplineapp.com/media/image_clips/6a59e6dab06bdabad276402a/original.jpg?1784276698=&owner_id=627e1d404e691000311b0a4f,2280 TWD,in stock,new
6a4da95e94d4b50cd17cf70a:6a4da95b43bafc0012094aa7,FM SHOES 真皮穩步足弓雙帶涼鞋 深灰(36-44),版 型 偏大版(小一號購買)   產 地 台灣   鞋 面 超纖速乾面料   內 裏 腳床造型EVA發泡內墊   鞋 底 橡膠EVA防滑膠底   重 量 850公克 跟 型     筒 高  筒 圍  踝 圍,https://www.fmshoes.com.tw/products/6a4da95e94d4b50cd17cf70a?variation=6a4da95b43bafc0012094aa7,https://img.shoplineapp.com/media/image_clips/6a59e6dab06bdabad276402a/original.jpg?1784276698=&owner_id=627e1d404e691000311b0a4f,2280 TWD,in stock,new
6a4daa301eb8030f57396c68:6a4daa2eda2bbd000a6ecd09,FM SHOES 真皮穩步足弓雙帶涼鞋 卡其(36-44),版 型 偏大版(小一號購買)   產 地 台灣   鞋 面 超纖速乾面料   內 裏 腳床造型EVA發泡內墊   鞋 底 橡膠EVA防滑膠底   重 量 850公克 跟 型     筒 高  筒 圍  踝 圍,https://www.fmshoes.com.tw/products/6a4daa301eb8030f57396c68?variation=6a4daa2eda2bbd000a6ecd09,https://img.shoplineapp.com/media/image_clips/6a59e7900a8d545e3e36ffa7/original.jpg?1784276879=&owner_id=627e1d404e691000311b0a4f,2280 TWD,in stock,new
6a4daa301eb8030f57396c68:6a4daa2eda2bbd000a6ecd0a,FM SHOES 真皮穩步足弓雙帶涼鞋 卡其(36-44),版 型 偏大版(小一號購買)   產 地 台灣   鞋 面 超纖速乾面料   內 裏 腳床造型EVA發泡內墊   鞋 底 橡膠EVA防滑膠底   重 量 850公克 跟 型     筒 高  筒 圍  踝 圍,https://www.fmshoes.com.tw/products/6a4daa301eb8030f57396c68?variation=6a4daa2eda2bbd000a6ecd0a,https://img.shoplineapp.com/media/image_clips/6a59e7900a8d545e3e36ffa7/original.jpg?1784276879=&owner_id=627e1d404e691000311b0a4f,2280 TWD,in stock,new
6a4daa301eb8030f57396c68:6a4daa2eda2bbd000a6ecd0b,FM SHOES 真皮穩步足弓雙帶涼鞋 卡其(36-44),版 型 偏大版(小一號購買)   產 地 台灣   鞋 面 超纖速乾面料   內 裏 腳床造型EVA發泡內墊   鞋 底 橡膠EVA防滑膠底   重 量 850公克 跟 型     筒 高  筒 圍  踝 圍,https://www.fmshoes.com.tw/products/6a4daa301eb8030f57396c68?variation=6a4daa2eda2bbd000a6ecd0b,https://img.shoplineapp.com/media/image_clips/6a59e7900a8d545e3e36ffa7/original.jpg?1784276879=&owner_id=627e1d404e691000311b0a4f,2280 TWD,in stock,new
6a4daa301eb8030f57396c68:6a4daa2eda2bbd000a6ecd0c,FM SHOES 真皮穩步足弓雙帶涼鞋 卡其(36-44),版 型 偏大版(小一號購買)   產 地 台灣   鞋 面 超纖速乾面料   內 裏 腳床造型EVA發泡內墊   鞋 底 橡膠EVA防滑膠底   重 量 850公克 跟 型     筒 高  筒 圍  踝 圍,https://www.fmshoes.com.tw/products/6a4daa301eb8030f57396c68?variation=6a4daa2eda2bbd000a6ecd0c,https://img.shoplineapp.com/media/image_clips/6a59e7900a8d545e3e36ffa7/original.jpg?1784276879=&owner_id=627e1d404e691000311b0a4f,2280 TWD,in stock,new
6a4daa301eb8030f57396c68:6a4daa2eda2bbd000a6ecd0d,FM SHOES 真皮穩步足弓雙帶涼鞋 卡其(36-44),版 型 偏大版(小一號購買)   產 地 台灣   鞋 面 超纖速乾面料   內 裏 腳床造型EVA發泡內墊   鞋 底 橡膠EVA防滑膠底   重 量 850公克 跟 型     筒 高  筒 圍  踝 圍,https://www.fmshoes.com.tw/products/6a4daa301eb8030f57396c68?variation=6a4daa2eda2bbd000a6ecd0d,https://img.shoplineapp.com/media/image_clips/6a59e7900a8d545e3e36ffa7/original.jpg?1784276879=&owner_id=627e1d404e691000311b0a4f,2280 TWD,in stock,new
6a4daa301eb8030f57396c68:6a4daa2eda2bbd000a6ecd0e,FM SHOES 真皮穩步足弓雙帶涼鞋 卡其(36-44),版 型 偏大版(小一號購買)   產 地 台灣   鞋 面 超纖速乾面料   內 裏 腳床造型EVA發泡內墊   鞋 底 橡膠EVA防滑膠底   重 量 850公克 跟 型     筒 高  筒 圍  踝 圍,https://www.fmshoes.com.tw/products/6a4daa301eb8030f57396c68?variation=6a4daa2eda2bbd000a6ecd0e,https://img.shoplineapp.com/media/image_clips/6a59e7900a8d545e3e36ffa7/original.jpg?1784276879=&owner_id=627e1d404e691000311b0a4f,2280 TWD,in stock,new
6a4daa301eb8030f57396c68:6a4daa2eda2bbd000a6ecd0f,FM SHOES 真皮穩步足弓雙帶涼鞋 卡其(36-44),版 型 偏大版(小一號購買)   產 地 台灣   鞋 面 超纖速乾面料   內 裏 腳床造型EVA發泡內墊   鞋 底 橡膠EVA防滑膠底   重 量 850公克 跟 型     筒 高  筒 圍  踝 圍,https://www.fmshoes.com.tw/products/6a4daa301eb8030f57396c68?variation=6a4daa2eda2bbd000a6ecd0f,https://img.shoplineapp.com/media/image_clips/6a59e7900a8d545e3e36ffa7/original.jpg?1784276879=&owner_id=627e1d404e691000311b0a4f,2280 TWD,in stock,new
6a4daa301eb8030f57396c68:6a4daa2eda2bbd000a6ecd10,FM SHOES 真皮穩步足弓雙帶涼鞋 卡其(36-44),版 型 偏大版(小一號購買)   產 地 台灣   鞋 面 超纖速乾面料   內 裏 腳床造型EVA發泡內墊   鞋 底 橡膠EVA防滑膠底   重 量 850公克 跟 型     筒 高  筒 圍  踝 圍,https://www.fmshoes.com.tw/products/6a4daa301eb8030f57396c68?variation=6a4daa2eda2bbd000a6ecd10,https://img.shoplineapp.com/media/image_clips/6a59e7900a8d545e3e36ffa7/original.jpg?1784276879=&owner_id=627e1d404e691000311b0a4f,2280 TWD,in stock,new
6a4daa301eb8030f57396c68:6a4daa2eda2bbd000a6ecd11,FM SHOES 真皮穩步足弓雙帶涼鞋 卡其(36-44),版 型 偏大版(小一號購買)   產 地 台灣   鞋 面 超纖速乾面料   內 裏 腳床造型EVA發泡內墊   鞋 底 橡膠EVA防滑膠底   重 量 850公克 跟 型     筒 高  筒 圍  踝 圍,https://www.fmshoes.com.tw/products/6a4daa301eb8030f57396c68?variation=6a4daa2eda2bbd000a6ecd11,https://img.shoplineapp.com/media/image_clips/6a59e7900a8d545e3e36ffa7/original.jpg?1784276879=&owner_id=627e1d404e691000311b0a4f,2280 TWD,in stock,new
6a4daab5b07949211cab5ede:6a4daab251353e000a34b48d,FM SHOES 真皮穩步足弓雙帶涼鞋 棕(36-44),版 型 偏大版(小一號購買)   產 地 台灣   鞋 面 超纖速乾面料   內 裏 腳床造型EVA發泡內墊   鞋 底 橡膠EVA防滑膠底   重 量 850公克 跟 型     筒 高  筒 圍  踝 圍,https://www.fmshoes.com.tw/products/6a4daab5b07949211cab5ede?variation=6a4daab251353e000a34b48d,https://img.shoplineapp.com/media/image_clips/6a59e7e0980dc3c0cfa9c36a/original.jpg?1784276960=&owner_id=627e1d404e691000311b0a4f,2280 TWD,in stock,new
6a4daab5b07949211cab5ede:6a4daab251353e000a34b48e,FM SHOES 真皮穩步足弓雙帶涼鞋 棕(36-44),版 型 偏大版(小一號購買)   產 地 台灣   鞋 面 超纖速乾面料   內 裏 腳床造型EVA發泡內墊   鞋 底 橡膠EVA防滑膠底   重 量 850公克 跟 型     筒 高  筒 圍  踝 圍,https://www.fmshoes.com.tw/products/6a4daab5b07949211cab5ede?variation=6a4daab251353e000a34b48e,https://img.shoplineapp.com/media/image_clips/6a59e7e0980dc3c0cfa9c36a/original.jpg?1784276960=&owner_id=627e1d404e691000311b0a4f,2280 TWD,in stock,new
6a4daab5b07949211cab5ede:6a4daab251353e000a34b48f,FM SHOES 真皮穩步足弓雙帶涼鞋 棕(36-44),版 型 偏大版(小一號購買)   產 地 台灣   鞋 面 超纖速乾面料   內 裏 腳床造型EVA發泡內墊   鞋 底 橡膠EVA防滑膠底   重 量 850公克 跟 型     筒 高  筒 圍  踝 圍,https://www.fmshoes.com.tw/products/6a4daab5b07949211cab5ede?variation=6a4daab251353e000a34b48f,https://img.shoplineapp.com/media/image_clips/6a59e7e0980dc3c0cfa9c36a/original.jpg?1784276960=&owner_id=627e1d404e691000311b0a4f,2280 TWD,in stock,new
6a4daab5b07949211cab5ede:6a4daab251353e000a34b490,FM SHOES 真皮穩步足弓雙帶涼鞋 棕(36-44),版 型 偏大版(小一號購買)   產 地 台灣   鞋 面 超纖速乾面料   內 裏 腳床造型EVA發泡內墊   鞋 底 橡膠EVA防滑膠底   重 量 850公克 跟 型     筒 高  筒 圍  踝 圍,https://www.fmshoes.com.tw/products/6a4daab5b07949211cab5ede?variation=6a4daab251353e000a34b490,https://img.shoplineapp.com/media/image_clips/6a59e7e0980dc3c0cfa9c36a/original.jpg?1784276960=&owner_id=627e1d404e691000311b0a4f,2280 TWD,in stock,new
6a4daab5b07949211cab5ede:6a4daab251353e000a34b491,FM SHOES 真皮穩步足弓雙帶涼鞋 棕(36-44),版 型 偏大版(小一號購買)   產 地 台灣   鞋 面 超纖速乾面料   內 裏 腳床造型EVA發泡內墊   鞋 底 橡膠EVA防滑膠底   重 量 850公克 跟 型     筒 高  筒 圍  踝 圍,https://www.fmshoes.com.tw/products/6a4daab5b07949211cab5ede?variation=6a4daab251353e000a34b491,https://img.shoplineapp.com/media/image_clips/6a59e7e0980dc3c0cfa9c36a/original.jpg?1784276960=&owner_id=627e1d404e691000311b0a4f,2280 TWD,in stock,new
6a4daab5b07949211cab5ede:6a4daab251353e000a34b492,FM SHOES 真皮穩步足弓雙帶涼鞋 棕(36-44),版 型 偏大版(小一號購買)   產 地 台灣   鞋 面 超纖速乾面料   內 裏 腳床造型EVA發泡內墊   鞋 底 橡膠EVA防滑膠底   重 量 850公克 跟 型     筒 高  筒 圍  踝 圍,https://www.fmshoes.com.tw/products/6a4daab5b07949211cab5ede?variation=6a4daab251353e000a34b492,https://img.shoplineapp.com/media/image_clips/6a59e7e0980dc3c0cfa9c36a/original.jpg?1784276960=&owner_id=627e1d404e691000311b0a4f,2280 TWD,in stock,new
6a4daab5b07949211cab5ede:6a4daab251353e000a34b493,FM SHOES 真皮穩步足弓雙帶涼鞋 棕(36-44),版 型 偏大版(小一號購買)   產 地 台灣   鞋 面 超纖速乾面料   內 裏 腳床造型EVA發泡內墊   鞋 底 橡膠EVA防滑膠底   重 量 850公克 跟 型     筒 高  筒 圍  踝 圍,https://www.fmshoes.com.tw/products/6a4daab5b07949211cab5ede?variation=6a4daab251353e000a34b493,https://img.shoplineapp.com/media/image_clips/6a59e7e0980dc3c0cfa9c36a/original.jpg?1784276960=&owner_id=627e1d404e691000311b0a4f,2280 TWD,in stock,new
6a4daab5b07949211cab5ede:6a4daab251353e000a34b494,FM SHOES 真皮穩步足弓雙帶涼鞋 棕(36-44),版 型 偏大版(小一號購買)   產 地 台灣   鞋 面 超纖速乾面料   內 裏 腳床造型EVA發泡內墊   鞋 底 橡膠EVA防滑膠底   重 量 850公克 跟 型     筒 高  筒 圍  踝 圍,https://www.fmshoes.com.tw/products/6a4daab5b07949211cab5ede?variation=6a4daab251353e000a34b494,https://img.shoplineapp.com/media/image_clips/6a59e7e0980dc3c0cfa9c36a/original.jpg?1784276960=&owner_id=627e1d404e691000311b0a4f,2280 TWD,in stock,new
6a4daab5b07949211cab5ede:6a4daab251353e000a34b495,FM SHOES 真皮穩步足弓雙帶涼鞋 棕(36-44),版 型 偏大版(小一號購買)   產 地 台灣   鞋 面 超纖速乾面料   內 裏 腳床造型EVA發泡內墊   鞋 底 橡膠EVA防滑膠底   重 量 850公克 跟 型     筒 高  筒 圍  踝 圍,https://www.fmshoes.com.tw/products/6a4daab5b07949211cab5ede?variation=6a4daab251353e000a34b495,https://img.shoplineapp.com/media/image_clips/6a59e7e0980dc3c0cfa9c36a/original.jpg?1784276960=&owner_id=627e1d404e691000311b0a4f,2280 TWD,in stock,new
6a86953af7a10eae0bcea5a1:6a86953798d7b50014afcf03,FM SHOES 舒適透氣澎澎緩震鞋墊,版　型標準版(照原本尺寸購買) 產　地台灣鞋　面涼感透氣腳床造型面料-增加涼感性 內　裏EVA乳膠泡棉-增加舒適感 鞋　底EVA密壓材質-不易變形 重　量150公克跟　型 筒　高筒　圍踝　圍 前跟高後跟高內增高,https://www.fmshoes.com.tw/products/6a86953af7a10eae0bcea5a1?variation=6a86953798d7b50014afcf03,https://img.shoplineapp.com/media/image_clips/6a86943de90616eb95726c67/original.jpg?1787204669=&owner_id=627e1d404e691000311b0a4f,380 TWD,in stock,new
6a86953af7a10eae0bcea5a1:6a86953798d7b50014afcf04,FM SHOES 舒適透氣澎澎緩震鞋墊,版　型標準版(照原本尺寸購買) 產　地台灣鞋　面涼感透氣腳床造型面料-增加涼感性 內　裏EVA乳膠泡棉-增加舒適感 鞋　底EVA密壓材質-不易變形 重　量150公克跟　型 筒　高筒　圍踝　圍 前跟高後跟高內增高,https://www.fmshoes.com.tw/products/6a86953af7a10eae0bcea5a1?variation=6a86953798d7b50014afcf04,https://img.shoplineapp.com/media/image_clips/6a86943de90616eb95726c67/original.jpg?1787204669=&owner_id=627e1d404e691000311b0a4f,380 TWD,in stock,new
